cost,L2,trace
1.768019834602490903e+00,7.586910666994801655e-01,9.158082826721606340e-01
1.362683382065666970e+00,8.510734490982386768e-01,8.688099051018667307e-01
1.404425399845572908e+00,8.805629226271930454e-01,8.960558679163126428e-01
1.497625478197256665e+00,8.629907395282303550e-01,8.935870905227285554e-01
1.352632401903886450e+00,8.973069747214158509e-01,8.961403365928826137e-01
1.400291377204492926e+00,7.963985286306071165e-01,9.343066412788713082e-01
1.380794123255371098e+00,8.341536775765991951e-01,8.955248544917395748e-01
1.354769496200429746e+00,8.494505831431202747e-01,9.147266014587347449e-01
1.668287095662395414e+00,8.331631899491138693e-01,9.609270589030974863e-01
1.430350837205111469e+00,7.867850324264427098e-01,8.772970732401879079e-01
1.521222755585249553e+00,8.250436146023787387e-01,8.578023383223474241e-01
1.538882459262999713e+00,8.756811071704413418e-01,9.198040350645457774e-01
1.816032851384972169e+00,8.568351457647460645e-01,9.064472200719951855e-01
2.022199120474652556e+00,9.161702229018705568e-01,9.698187840235348300e-01
1.386775159511957511e+00,8.354381624827484920e-01,8.226516976375390922e-01
1.383720003554716360e+00,1.044521548866156557e+00,9.485908800948804620e-01
2.221767019138214394e+00,8.130380028612202992e-01,9.421439287417272546e-01
1.621322066748297042e+00,8.417873770640084130e-01,9.061035275024560409e-01
1.374079883840009675e+00,8.801753838456362056e-01,9.447711111132325312e-01
1.453535188836440506e+00,8.656305069669952834e-01,8.974974735791068081e-01
1.394119424884082692e+00,8.178437575615304933e-01,8.511808015277001482e-01
9.480619124728675295e-01,7.837253252081917143e-01,8.798763820980357586e-01
9.654703405651012815e-01,8.254032645105449095e-01,8.207723289460859828e-01
9.644081551125921470e-01,7.863080053778337408e-01,8.952772243314783829e-01
1.015031345677098296e+00,7.921710796305390101e-01,8.887286826227396297e-01
9.883286985876362785e-01,7.866364247843438129e-01,8.895290687118508899e-01
9.308587728371259251e-01,7.792613777929520147e-01,8.811831437758149699e-01
9.287303244289211168e-01,7.675766443166592845e-01,8.792055225222795700e-01
9.327181655529727111e-01,7.624651888511346787e-01,8.867972189835705565e-01
9.394507162788864330e-01,7.669411698202005523e-01,8.790087559461092770e-01
8.766046403443166213e-01,7.564455535962341104e-01,8.771958710724154784e-01
8.529789899203134018e-01,7.415291045918306345e-01,8.771331432167031039e-01
8.501392101102961396e-01,7.219416743897165700e-01,8.730276469585820376e-01
8.577209414941657784e-01,7.150253892864976146e-01,8.825186002373098804e-01
8.543792240722386522e-01,7.251293731356543981e-01,8.739273901900572739e-01
8.529989704701961273e-01,7.113518975124952792e-01,8.684560779461104607e-01
8.393403540799667661e-01,7.152544024313891580e-01,8.703096962321571484e-01
8.150126767707093212e-01,6.969087902711398330e-01,8.689691560680526949e-01
7.733975821180034682e-01,7.082301007586098152e-01,8.562335931565264735e-01
7.662897387749092459e-01,7.042448703615268313e-01,8.530535408168929967e-01
7.488038944045830592e-01,6.963844688793635607e-01,8.513385063285138221e-01
7.302682165162948102e-01,6.886388794582707362e-01,8.541027304326050951e-01
7.408854030550633407e-01,6.908403554696411764e-01,8.481167597222722954e-01
7.309855569633934014e-01,6.866313714303516891e-01,8.583479980965773581e-01
6.882075541777032957e-01,6.870170314307282311e-01,8.480880448330877508e-01
6.727164182041217577e-01,6.753646649654705403e-01,8.524910932244691431e-01
6.835402636808136645e-01,6.730900310997965930e-01,8.483662852449779246e-01
6.955021376895936802e-01,6.749783949586898313e-01,8.570506481723161318e-01
6.385308587442570794e-01,6.654049436090004876e-01,8.401855612084783154e-01
6.287831246702055843e-01,6.686304561514311295e-01,8.392893095336603215e-01
6.167342426885742412e-01,6.552685631686053780e-01,8.419597858229237453e-01
5.937118772553358070e-01,6.538887055547614180e-01,8.317839796348253101e-01
5.858832466889558610e-01,6.577241549766548179e-01,8.282111166581588302e-01
5.848725387509013940e-01,6.514782167667986235e-01,8.207161499498627499e-01
5.868363166332078995e-01,6.333515986180514590e-01,8.234433149654527551e-01
5.843595549093710817e-01,6.408633526618264797e-01,8.195394874642619731e-01
5.841566280428127644e-01,6.629506756173283444e-01,8.207481988048817012e-01
5.694888031818126084e-01,6.521755463075681325e-01,8.243071590028077100e-01
5.714859887258073590e-01,6.515117748091499017e-01,8.281115567605288330e-01
5.645541907545248428e-01,6.512249350527777869e-01,8.233540898663007646e-01
5.794240150288205715e-01,6.530753531517511368e-01,8.316487738327071888e-01
5.671858437841384992e-01,6.548149404583827327e-01,8.211639282031238940e-01
5.478564909345695622e-01,6.529143583723846511e-01,8.137473573177935737e-01
5.529329003511611607e-01,6.543474329911608267e-01,7.999736439228400942e-01
5.470521694001629909e-01,6.525529636861038263e-01,8.135016535530077419e-01
5.115041235234226713e-01,6.628105811338720343e-01,8.024601635309414061e-01
4.903924478132879461e-01,6.822413903973414406e-01,7.939381840579133875e-01
4.798678963969993383e-01,6.748278346638882930e-01,7.943042511211404477e-01
4.762232030615585199e-01,6.707777315752189162e-01,7.897958169845195053e-01
4.726253601761728484e-01,6.804189311904813575e-01,7.833886371288504291e-01
4.466939222405079679e-01,6.831276907130447995e-01,7.672373385483722830e-01
4.564443448851934759e-01,6.846669614748845945e-01,7.693221904402884892e-01
4.381851108585788079e-01,6.823699683043498165e-01,7.615915728630517911e-01
4.048960095892284450e-01,6.783516577575772200e-01,7.443327138218874817e-01
3.901274035626620673e-01,6.713454782436255597e-01,7.355707685737388202e-01
3.930980730567303905e-01,6.807718947455043690e-01,7.265337119392090148e-01
3.921126886759987995e-01,6.730462984065181953e-01,7.361431417272147337e-01
3.763567491343044469e-01,6.744955521640485507e-01,7.336824878464166533e-01
3.692357786640652062e-01,6.587447976854665654e-01,7.314613291037518339e-01
3.413860731569773321e-01,6.523439031991127290e-01,7.191462538232401558e-01
3.327049876462188083e-01,6.425419153880349565e-01,7.042904898598538743e-01
3.259917556739174715e-01,6.435695708062353360e-01,7.001713666842637185e-01
3.086113067502953555e-01,6.311011588641631809e-01,6.905650259925635304e-01
3.049602204131566241e-01,6.332246911329352246e-01,6.878379897855386726e-01
3.026409202539018239e-01,6.348416437708755966e-01,6.863473905419987808e-01
2.939152440488099205e-01,6.401665467694785949e-01,6.809681360418019525e-01
2.965966413421160519e-01,6.325261223220423057e-01,6.677196750975326056e-01
2.919517055182871967e-01,6.369630635636803762e-01,6.764202364342487561e-01
2.974266327532248955e-01,6.348277639349116930e-01,6.681046331591161680e-01
2.933636109280038373e-01,6.383322972929309502e-01,6.721122877029771514e-01
2.929047086989319815e-01,6.478239029411981820e-01,6.758431379184193233e-01
2.897698078716530734e-01,6.272454145799684078e-01,6.732577853550906211e-01
2.925041277702804532e-01,6.185440796332697388e-01,6.695592455881620442e-01
2.824264939466197277e-01,6.267852258270936172e-01,6.698015328883292208e-01
2.700209303854684828e-01,6.158477903152461685e-01,6.542150641197339578e-01
2.585870425854654986e-01,6.207877422334447948e-01,6.578878229046265513e-01
2.645259242104035513e-01,6.247251215758172771e-01,6.646704235914361325e-01
2.484706442950020966e-01,6.195441246531742108e-01,6.483025256938360625e-01
2.309481416093839834e-01,6.041235271620671865e-01,6.310802801602712897e-01
2.234414690634764500e-01,5.955551241072170043e-01,6.227853336370090531e-01
2.168741645300572563e-01,5.819127656675989746e-01,6.123697873925968427e-01
2.164156660704859569e-01,5.807958552888414783e-01,6.122399536366222028e-01
2.202034405454959543e-01,5.824824224336120349e-01,6.101291514472051425e-01
2.132017681467371639e-01,5.778483023949760877e-01,6.061008646701790958e-01
2.150223891523539987e-01,5.778444232830962646e-01,5.943781885990342406e-01
2.173396006392881996e-01,5.820584902980455722e-01,6.091477872940838090e-01
2.125765105839942937e-01,5.694733356372446709e-01,6.007827101568327111e-01
2.116588848420514757e-01,5.598233176535252209e-01,5.918958046167315246e-01
2.063618357025898964e-01,5.422821225816795154e-01,5.731620207552041713e-01
2.070542077289337368e-01,5.430126169486677590e-01,5.735280213676732242e-01
2.081661289406953053e-01,5.469074112785448083e-01,5.738493231430682462e-01
2.141172684584659591e-01,5.447084300677652591e-01,5.747995482692901392e-01
2.140412578438124214e-01,5.481438595225531785e-01,5.801841693203714234e-01
2.210942056518839238e-01,5.354167181772088169e-01,5.814204643619571566e-01
2.116932558769951955e-01,5.454941082505726513e-01,5.742583659452452638e-01
1.910785790257600869e-01,5.270718565618230933e-01,5.489935724750013568e-01
1.949888739527502468e-01,5.276828330355146646e-01,5.558583361540310186e-01
1.921960780253721968e-01,5.245492268497802257e-01,5.480546186652074381e-01
1.880931808250124737e-01,5.252310024410015155e-01,5.403157366506031734e-01
1.973304568958590965e-01,5.256229768615443554e-01,5.444011394044193652e-01
1.812241716735171759e-01,5.135668478952993832e-01,5.347991449847870893e-01
1.634826832803422669e-01,4.826177542671142850e-01,5.092190391402888761e-01
1.485808472499179911e-01,4.700549547797577832e-01,4.891036334685704423e-01
1.405096316746284602e-01,4.596913109014302834e-01,4.771974689036587169e-01
1.358690812348886112e-01,4.440859200823394914e-01,4.652989523257446969e-01
1.466959485441936550e-01,4.463659093533240418e-01,4.715384843568908302e-01
1.363360765170503197e-01,4.413484328600337792e-01,4.664711900347230378e-01
1.416389562441263128e-01,4.262753338596736996e-01,4.547412040481769169e-01
1.370513564390018479e-01,4.469842986777491367e-01,4.663432164141587677e-01
1.288756869722834097e-01,4.342449469127800943e-01,4.543726607820426366e-01
1.267243303669064181e-01,4.198100792909764123e-01,4.414067865958319903e-01
1.245861547946790771e-01,4.177308102380886123e-01,4.380963299509252895e-01
1.163851362824745439e-01,3.941232092448062607e-01,4.144368087582235294e-01
1.164522849341992211e-01,3.796487750067981670e-01,4.044886218146426793e-01
1.170425303417876456e-01,3.920779922549514351e-01,4.156636153503037168e-01
1.247830055732123133e-01,4.002614781260304122e-01,4.181811516140411245e-01
1.119255295093582320e-01,3.939460677073230443e-01,4.131975764178845711e-01
1.123355107190950053e-01,3.802509327743995859e-01,4.036327333299617459e-01
1.060943462303450824e-01,3.836349215551023706e-01,4.029930758624618026e-01
1.063655952486778911e-01,3.789614026981393824e-01,4.019163338427770849e-01
1.056078711179571084e-01,3.815584116433654027e-01,4.022970749152951497e-01
1.078467338797804154e-01,3.937685457685013990e-01,4.171722850789557069e-01
1.078483856113249539e-01,3.802483708426722120e-01,4.007604860767861044e-01
1.078706413811771486e-01,3.739175173463733515e-01,3.935071510779765691e-01
1.037156743364271438e-01,3.804503056379859305e-01,4.002579727013963473e-01
1.018972387520934164e-01,3.698306789299620756e-01,3.864900118284649300e-01
1.002465972449821663e-01,3.587242677055548778e-01,3.754208698362160868e-01
1.091924146286778197e-01,3.636567813446350272e-01,3.850186379403318093e-01
1.036730777727860459e-01,3.694914959734146298e-01,3.849066542330079610e-01
9.247623509442987055e-02,3.429205657000156671e-01,3.569621479662238861e-01
9.557110292903819859e-02,3.305929219957606802e-01,3.410331630119441959e-01
9.143585243024020259e-02,3.360005096333918972e-01,3.526929001325574409e-01
8.411696084533491768e-02,3.169901767573634066e-01,3.347021895780445400e-01
8.386234881682405606e-02,3.079259900606410305e-01,3.321925081906975108e-01
8.268737721651270300e-02,2.961386111480509009e-01,3.153640188858694016e-01
9.077067675160353788e-02,3.102011646596400940e-01,3.256763389436984069e-01
8.247087724630011718e-02,2.972721035633418274e-01,3.128860223958377929e-01
7.447920171726860050e-02,2.837130151758974206e-01,3.004127433274089154e-01
7.613902334891500812e-02,2.891929830451798744e-01,3.046853907304923337e-01
7.214845652177723223e-02,2.763688719923324544e-01,2.937144382906761719e-01
6.788208153991706628e-02,2.522029799702268926e-01,2.769106684976646027e-01
8.547360528891230491e-02,2.577958171373586627e-01,2.841859324586000213e-01
7.203869082917019329e-02,2.591805167901790607e-01,2.837753733560861580e-01
6.693979785485226763e-02,2.376242965963559217e-01,2.696984975977096965e-01
6.650435494183142004e-02,2.407018676151655434e-01,2.670147733495745745e-01
6.509720201574861753e-02,2.340545142453588634e-01,2.586754793812194864e-01
6.863627469117294932e-02,2.390871040186932917e-01,2.632437244223099215e-01
6.459707782517451480e-02,2.350017575136056358e-01,2.576876886691631396e-01
6.766991125906648974e-02,2.254383701783751748e-01,2.461213233351408902e-01
6.849711560817824119e-02,2.422654457723769916e-01,2.671624549606856358e-01
6.215167796087138485e-02,2.297549154761990287e-01,2.538520274847396174e-01
7.007304181681739408e-02,2.333950450811191624e-01,2.581421701527025214e-01
6.293861504687195407e-02,2.226045500385586962e-01,2.471157432891866457e-01
6.682708387411365192e-02,2.306408221540224845e-01,2.557415188654932892e-01
6.280593365990258525e-02,2.291711439088631175e-01,2.562225940590248108e-01
6.285412183361635541e-02,2.215941182108771834e-01,2.422794298700725879e-01
5.929798017372533980e-02,2.243941310152838264e-01,2.480844633705717173e-01
6.543287335726984122e-02,2.326856383211288459e-01,2.618346706190013418e-01
6.231522002160792134e-02,2.314058948101687940e-01,2.534318019773894037e-01
6.344803272705944186e-02,2.367391240833895960e-01,2.521200936846194618e-01
5.678903688533493144e-02,2.172892380854199446e-01,2.371763301646156452e-01
6.437764502164870783e-02,2.361735189344215946e-01,2.478534109648702632e-01
5.708518090466917216e-02,2.128010029221092114e-01,2.355496696248768895e-01
6.431166635520893515e-02,2.279405044762328469e-01,2.455309210567032663e-01
5.885613760811491540e-02,2.147630890621622934e-01,2.379873886978477460e-01
5.418560344179562671e-02,2.120152560697771971e-01,2.333302220043133590e-01
5.226887793415881112e-02,1.925242338385010910e-01,2.160844966613385543e-01
5.281947734075774503e-02,1.897968811307519377e-01,2.061122907482362543e-01
5.358143491815062220e-02,1.931999357708381049e-01,2.154888568337598731e-01
6.071047336356953650e-02,1.859121469985227648e-01,2.215129610506946789e-01
5.352638694817828113e-02,1.938465050454506455e-01,2.176606279345053019e-01
5.411546596030195055e-02,1.886823463617988694e-01,2.120332261052731426e-01
5.448853764709096770e-02,1.981182891336134011e-01,2.218959956803501776e-01
5.265130858706362077e-02,1.883962754462243927e-01,2.104314933400055487e-01
5.574698904193639559e-02,2.063029738751678555e-01,2.312406106580782716e-01
5.165763753458574303e-02,1.962249271555659147e-01,2.151416359143305812e-01
5.333807065735252789e-02,2.034310842520905271e-01,2.206604306864964893e-01
5.034149246436455533e-02,1.999452715303384476e-01,2.163882367377870097e-01
5.369179803253838756e-02,2.139233802656506644e-01,2.243134765918567697e-01
5.207128601607208251e-02,2.044665642878689960e-01,2.178062328367478262e-01
5.115209061198897761e-02,1.952911156086719890e-01,2.151693767182175920e-01
5.390908723479807124e-02,2.067040176936485174e-01,2.248271370537880953e-01
5.086049541554238385e-02,1.897751015656212736e-01,2.038630724428269758e-01
5.131824405159582381e-02,1.961483775677035912e-01,2.166917417957901493e-01
5.074047129639577824e-02,1.844103367509105640e-01,2.022010322430466411e-01
5.269627986208515885e-02,2.047861698025031096e-01,2.268398789397132187e-01
5.692700081919665339e-02,2.265517011972081607e-01,2.387580912642600084e-01
5.143944941451583652e-02,2.076228699260300736e-01,2.240090250632980617e-01
5.079556377393659727e-02,2.022938116081790527e-01,2.093591928583502515e-01
5.116087213343454426e-02,2.027255330896085561e-01,2.167897358648667450e-01
5.861968549658432004e-02,2.010691409059612855e-01,2.200912193737731837e-01
5.191776504601793713e-02,2.049854266065712916e-01,2.178975178098547516e-01
5.107120440020378876e-02,2.003730515507130272e-01,2.128928526092131179e-01
5.097330677498865259e-02,2.017289737174705611e-01,2.180890735725844465e-01
5.063624720657217138e-02,2.006476028731148664e-01,2.174068750915135184e-01
5.024656315677143714e-02,1.995823407476741973e-01,2.157453511415094449e-01
5.033018902201411710e-02,1.986298152684992657e-01,2.150034275390424743e-01
5.015694441817401816e-02,1.993589759730304833e-01,2.154847706253248119e-01
5.026776263572942105e-02,2.008434908514408757e-01,2.163423986145256717e-01
5.014706795864309896e-02,1.996252664627248818e-01,2.157239648023810963e-01
4.994824198031064255e-02,1.994524785057465444e-01,2.145732260399320357e-01
4.957388999697068255e-02,1.987587851843621856e-01,2.134970665306549498e-01
4.955507742819569017e-02,1.989485464694924766e-01,2.142482722528489814e-01
4.994776153943691205e-02,2.004694437108220373e-01,2.151574509234828181e-01
4.955836721211672596e-02,1.986725162688640356e-01,2.141957968621300834e-01
4.946848583485052853e-02,1.981168076238594977e-01,2.133542352458585312e-01
4.947143359121906198e-02,1.990110611445342625e-01,2.139179175043460779e-01
4.965842136206134044e-02,1.987649232458171544e-01,2.139314433281687411e-01
4.911985102399478442e-02,1.970953924424354298e-01,2.126978218060680270e-01
4.891090730238781270e-02,1.966153706152770075e-01,2.115934286154852739e-01
4.838805030284518832e-02,1.947760757156322131e-01,2.090642324736068647e-01
4.809104113913343498e-02,1.938376410228660474e-01,2.072688018372682572e-01
4.795200322825989014e-02,1.930417524882832858e-01,2.068522968572287513e-01
4.800966321966251837e-02,1.931556548469546553e-01,2.063102546583782115e-01
4.807755100337569865e-02,1.938064064319758306e-01,2.078043728034581206e-01
4.751919634199022746e-02,1.914559914059733303e-01,2.056153238614347178e-01
4.724414583447733573e-02,1.902247703553825164e-01,2.040486666150246875e-01
4.739690635796166285e-02,1.894816596736786096e-01,2.030297778943046527e-01
4.748938142496542808e-02,1.905217668250054064e-01,2.047265077324530169e-01
4.671793640085931953e-02,1.898180997837329298e-01,2.027252403705220862e-01
4.622787943750024386e-02,1.876808965166475995e-01,2.006258256306880094e-01
4.571099977576559281e-02,1.865923110868438484e-01,1.985301805811774678e-01
4.541426282658464486e-02,1.865189374181323856e-01,1.979430486680499035e-01
4.514882173382316066e-02,1.858344978755442356e-01,1.969635328186331580e-01
4.483067372952516394e-02,1.847262323787120797e-01,1.961307018898502674e-01
4.452230981697290202e-02,1.847376467943854794e-01,1.949098707485693305e-01
4.427517800313356816e-02,1.835239324370687430e-01,1.928898929660230743e-01
4.415147221732036720e-02,1.818027815355848509e-01,1.914285734416453222e-01
4.376796394532554701e-02,1.806228829166464378e-01,1.891756929532769915e-01
4.365308460719171529e-02,1.800754898786570135e-01,1.879053696234490312e-01
4.346254511144577448e-02,1.803947732762003209e-01,1.876298523814309283e-01
4.308607432894768358e-02,1.792604074034932493e-01,1.861471138570809092e-01
4.335261855153887955e-02,1.796503880723878122e-01,1.859611417831980029e-01
4.339398320549785193e-02,1.805069174175767122e-01,1.873173071534928458e-01
4.305053385992960169e-02,1.783574077785951562e-01,1.855262050256872020e-01
4.316818042140073419e-02,1.793325991623883064e-01,1.862061394781175105e-01
4.326593261687752823e-02,1.785113661471088575e-01,1.857508889388467255e-01
4.261106794741940929e-02,1.780816150910047302e-01,1.852965695958368464e-01
4.197556475363689588e-02,1.760960322631403563e-01,1.834858960572093856e-01
4.160116069458512367e-02,1.747937802457386336e-01,1.825141541354179386e-01
4.132270817793148865e-02,1.743984239146003090e-01,1.824526905810570365e-01
4.097442840878994658e-02,1.739891368139681593e-01,1.816417963740102892e-01
4.070784472739989723e-02,1.724479352154381639e-01,1.804615548484212739e-01
4.036083394415193593e-02,1.719827941275391958e-01,1.790962315959846451e-01
3.996062383956051206e-02,1.706909255700680139e-01,1.773089398715030351e-01
3.964668179964010025e-02,1.703545727040612912e-01,1.765586156312394794e-01
3.943271440852375020e-02,1.688397085755290183e-01,1.747007214174447209e-01
3.902480607329675971e-02,1.666910019287214662e-01,1.721571816824457035e-01
3.885356167901236890e-02,1.662240403710276981e-01,1.711919400510344413e-01
3.847972878249678041e-02,1.650470664586102532e-01,1.693685462049658308e-01
3.825018040220880267e-02,1.650051223930235067e-01,1.690790520122754659e-01
3.799547048698408147e-02,1.629299034853864125e-01,1.670970370205747679e-01
3.767537259585102688e-02,1.616533877686423815e-01,1.653589906830932876e-01
3.731460254222837558e-02,1.594935401616122406e-01,1.633788364233718093e-01
3.700013134804956694e-02,1.586278594922516938e-01,1.621264064364641433e-01
3.656049466716574520e-02,1.572720998885212551e-01,1.605917976357207344e-01
3.615975379338774720e-02,1.561910896457252285e-01,1.590626189598327578e-01
3.595417625602211065e-02,1.554700301238988724e-01,1.577909086708289832e-01
3.578474380918968134e-02,1.543741176056641073e-01,1.563799127679922074e-01
3.553695391133093739e-02,1.538396069920758003e-01,1.546058255988763952e-01
3.521058495200901639e-02,1.522458630675681268e-01,1.529150598724160759e-01
3.511889681742440261e-02,1.519700261292541432e-01,1.519062889702752217e-01
3.475388770143129219e-02,1.505536348274325309e-01,1.501264652616809414e-01
3.481612342309746422e-02,1.495818785409680218e-01,1.491629349348008171e-01
3.506071329460522246e-02,1.514145445590364125e-01,1.509799978771049489e-01
3.425772559163849790e-02,1.487833036469154435e-01,1.483710403080429341e-01
3.441126716815010034e-02,1.481361730045806513e-01,1.478125985944342136e-01
3.439589569909961425e-02,1.493722084732324595e-01,1.489550257494680341e-01
3.390630842561254132e-02,1.479590278286051497e-01,1.475535847754881058e-01
3.350085895686788495e-02,1.469802119297808907e-01,1.471892574296299050e-01
3.282130516259792324e-02,1.438325400071203686e-01,1.440328366497982127e-01
3.227586493953277930e-02,1.415670770497847453e-01,1.414947503691330322e-01
3.213318589495012256e-02,1.413418719843620719e-01,1.415613042712682290e-01
3.188206010977987642e-02,1.398619678761713614e-01,1.406956940712141557e-01
3.165682102276786564e-02,1.381860282881028357e-01,1.392943405368668175e-01
3.142953023118645606e-02,1.368848145402457861e-01,1.375542981003688159e-01
3.112695156188784174e-02,1.356777083437442355e-01,1.359717671826200236e-01
3.080409586159234270e-02,1.339993446887227657e-01,1.343682560358280542e-01
3.064057815898685658e-02,1.345696896380677576e-01,1.346099937121130741e-01
3.057487712657338402e-02,1.338530554429661346e-01,1.342872296237435648e-01
3.048882931913190000e-02,1.340716470185794873e-01,1.338642456189310104e-01
3.031447022053876741e-02,1.322936622802470263e-01,1.323177615971864451e-01
3.042883634744337693e-02,1.319091242808154707e-01,1.317772396418467329e-01
3.027443672436037209e-02,1.320860757101266492e-01,1.318127682126847278e-01
2.997637353950251965e-02,1.307913166813180483e-01,1.305113464732225725e-01
2.977526080263283997e-02,1.295379757895247508e-01,1.292659829200067390e-01
2.976144579620145642e-02,1.298099017297476010e-01,1.295361911505718555e-01
3.002913712436025562e-02,1.299344569242147640e-01,1.296599571396829798e-01
2.991174806527661587e-02,1.306137806980802174e-01,1.303349498482050950e-01
2.958088324042805126e-02,1.280929684098233434e-01,1.281494104590620575e-01
2.933385194982933430e-02,1.262293771986338353e-01,1.263197693600429938e-01
2.903288532615039969e-02,1.254812152202978426e-01,1.257735209712769475e-01
2.852022113653433083e-02,1.231078284274085832e-01,1.228743864338230768e-01
2.800456327875631285e-02,1.202663887970930184e-01,1.200487501783419064e-01
2.760602366657248508e-02,1.174749720158572291e-01,1.172721471776072694e-01
2.740881939460576566e-02,1.160310651542289101e-01,1.158356317713506306e-01
2.720240945462992083e-02,1.150382290193183860e-01,1.148477723296939257e-01
2.717771414617498049e-02,1.147162978916256154e-01,1.145274365692312835e-01
2.709803167532476298e-02,1.132476295451131515e-01,1.130659333185370374e-01
2.676210003271597276e-02,1.115042252206695367e-01,1.113307961649870892e-01
2.651147717113631549e-02,1.103822491690137353e-01,1.102140054613785225e-01
2.624760657949163148e-02,1.097419731161765333e-01,1.095766416291075879e-01
2.600644929513603459e-02,1.082509036551500547e-01,1.080922233497209339e-01
2.573520720833477604e-02,1.063185917660440100e-01,1.061682620612222905e-01
2.557493956529333437e-02,1.041886942056376164e-01,1.040472234256817896e-01
2.550166150047283517e-02,1.025309538909156409e-01,1.023961319311328250e-01
2.513066512072402101e-02,1.007148344064978246e-01,1.005870535094152002e-01
2.501819033694280964e-02,9.964206278203385780e-02,9.951832341570561458e-02
2.476218902774678793e-02,9.795985450676038264e-02,9.784227947258421210e-02
2.456740272299078390e-02,9.607831078593057073e-02,9.596738388787720564e-02
2.449696479761381135e-02,9.487637689564752674e-02,9.476956273637791861e-02
2.414321953463682141e-02,9.332321912621810434e-02,9.322156717074794874e-02
2.396327862189491856e-02,9.299642165304015939e-02,9.289583423449113142e-02
2.398207876221633561e-02,9.217139245610382614e-02,9.207345941494179953e-02
2.389151884791938102e-02,9.271413688041434120e-02,9.261446299167905294e-02
2.372141792446658473e-02,9.144070534138314110e-02,9.134508377574374061e-02
2.340043593761603063e-02,8.979401393541691645e-02,8.970346753461218292e-02
2.315344483960354860e-02,8.754616753442548416e-02,8.746225446340116783e-02
2.287745229398002733e-02,8.589217555207503962e-02,8.581293067238249250e-02
2.282233808900320862e-02,8.581542130745881125e-02,8.573638874560435275e-02
2.289323366868218496e-02,8.615118971398837144e-02,8.607122554095747446e-02
2.283750869116103754e-02,8.566384540251925639e-02,8.558523101527162891e-02
2.242537745751312095e-02,8.390544403492057601e-02,8.383157343052032029e-02
2.227117295477340497e-02,8.268591588446798368e-02,8.261522061822727803e-02
2.216219579343818927e-02,8.087759858875051555e-02,8.081144210483880153e-02
2.199340918561093483e-02,8.043700217906761540e-02,8.037192130609575880e-02
2.195064571960298611e-02,8.021205833593016143e-02,8.014752208368730590e-02
2.169388105530171279e-02,7.824693594175891054e-02,7.818702883901770817e-02
2.160070430241974385e-02,7.802684346444144214e-02,7.796744058789545351e-02
2.138396723093321725e-02,7.600868860170749419e-02,7.595377794559830809e-02
2.154667535732819605e-02,7.587081439679239925e-02,7.581620208229152003e-02
2.132430431566523232e-02,7.576507778013050198e-02,7.571069353187419304e-02
2.125995026830172774e-02,7.574562124491419912e-02,7.569127889368121309e-02
2.125996071621217773e-02,7.553806377166176478e-02,7.548416702859664373e-02
2.134468366550076185e-02,7.625414203051822382e-02,7.619869755919848886e-02
2.111112671786907063e-02,7.446530558516997744e-02,7.441367315909050428e-02
2.092819226170968341e-02,7.352154671681680742e-02,7.347185308775676382e-02
2.080172230589798221e-02,7.220220820087810965e-02,7.215514266311279235e-02
2.074658045718291016e-02,7.212187117837724759e-02,7.207496260472261163e-02
2.068476052526291298e-02,7.179020615376421888e-02,7.174394189859843729e-02
2.075154043983105240e-02,7.114401426653489680e-02,7.109898834989306082e-02
2.078236312018882578e-02,7.203527092657920072e-02,7.198853116285823528e-02
2.047745277235625549e-02,7.009432920725772176e-02,7.005126741636232002e-02
2.046090877494276261e-02,7.030670506154457211e-02,7.026325058914528743e-02
2.042749595980376115e-02,7.022412501340707935e-02,7.018082351344194503e-02
2.035704662397493092e-02,7.038957394552471103e-02,7.034596560379804964e-02
2.022544687725067597e-02,6.942650415363313399e-02,6.938466173333869558e-02
2.027559840058287127e-02,6.977046225957009296e-02,6.972799472916792196e-02
2.022132374569876254e-02,6.929163666632000285e-02,6.925003766977774755e-02
2.006608495540763287e-02,6.882851061639863599e-02,6.878774032887928491e-02
1.998322818420671110e-02,6.720818573178247157e-02,6.717022809324657562e-02
2.012334349866875399e-02,6.730436440081311034e-02,6.726624353960937441e-02
1.991982740034617741e-02,6.704088011982653472e-02,6.700320530023765042e-02
2.003677654212555198e-02,6.692798354272844197e-02,6.689049877100824992e-02
1.987844075511627229e-02,6.675701189260886681e-02,6.671981371230112368e-02
1.987746481953431982e-02,6.774459953331619932e-02,6.770572558291394760e-02
1.967991770201994728e-02,6.614223319364488651e-02,6.610605345952130785e-02
1.960571525371869461e-02,6.669466226947108611e-02,6.665756823807585107e-02
1.964408875721479486e-02,6.647156674945406407e-02,6.643484378426509074e-02
1.961170798917093866e-02,6.662822461373828220e-02,6.659124134570978959e-02
1.942862514894514933e-02,6.630694301968136084e-02,6.627049227385732599e-02
1.941821357781538249e-02,6.587443583694452265e-02,6.583869385964072340e-02
1.940757177293549879e-02,6.643478293064704332e-02,6.639812090783771270e-02
1.941815263290465332e-02,6.700777007891921266e-02,6.697015106254547434e-02
1.940470104638819526e-02,6.632198950349664501e-02,6.628551393308940165e-02
1.938646977214053546e-02,6.521482243290357972e-02,6.518014360203709667e-02
1.945189537863319801e-02,6.516921002363058879e-02,6.513460391972894503e-02
1.928391100132301889e-02,6.459187481113054519e-02,6.455818046959808931e-02
1.923589122177636612e-02,6.327513178805088678e-02,6.324345669464913333e-02
1.933064347337839703e-02,6.347541467697376261e-02,6.344343779905428637e-02
1.914773698652703568e-02,6.319451324903449518e-02,6.316295909281649523e-02
1.916008039787109665e-02,6.458122904083136995e-02,6.454755135954258483e-02
1.913867251633781866e-02,6.352514825875500704e-02,6.349309614672334068e-02
1.904467172083540785e-02,6.299056932265569009e-02,6.295931973048204955e-02
1.916323185724300507e-02,6.356915324590925453e-02,6.353703446729826176e-02
1.904291801755066127e-02,6.258607469299094783e-02,6.255542334946426197e-02
1.907217097359756655e-02,6.264974540258555491e-02,6.261900040089946051e-02
1.905283641451031851e-02,6.259843911937133798e-02,6.256776960295613865e-02
1.890507684611759595e-02,6.143256839169974198e-02,6.140358104225928509e-02
1.896913396979686001e-02,6.154586484336999064e-02,6.151671679360641576e-02
1.881970801579188959e-02,6.078215843972677862e-02,6.075408221673066211e-02
1.867550199688775697e-02,5.949935712976203717e-02,5.947302154552423087e-02
1.870460279590887079e-02,6.001855527688663289e-02,5.999152413237209686e-02
1.870373948034820613e-02,5.979270382848866916e-02,5.976597673912075609e-02
1.860856966710984495e-02,5.934287464593605149e-02,5.931674633275496600e-02
1.848921461040219788e-02,5.857412251416644483e-02,5.854899667683022974e-02
1.847572767468026039e-02,5.806500937528352030e-02,5.804053311524019765e-02
1.838834604029324776e-02,5.790742050743360320e-02,5.788314302101073283e-02
1.834955371341940450e-02,5.685531530080174811e-02,5.683233736570394296e-02
1.839112802773437347e-02,5.682841098920254214e-02,5.680546566299370104e-02
1.831979929008260150e-02,5.687452763943666445e-02,5.685152639946272624e-02
1.830578997831482785e-02,5.655323867790205267e-02,5.653062509933901025e-02
1.824389517738475575e-02,5.701695227066917726e-02,5.699377777567563030e-02
1.824044096905364301e-02,5.710061309283240294e-02,5.707733642256030554e-02
1.811504900007739755e-02,5.580444442961619150e-02,5.578271737117989487e-02
1.802291350266628511e-02,5.496063886420589351e-02,5.493988268820682030e-02
1.794092728778429180e-02,5.489082029918870148e-02,5.487014313471975241e-02
1.799452672693143893e-02,5.533780915917154569e-02,5.531662266775514564e-02
1.806269394037569170e-02,5.518132161373785760e-02,5.516031437451138220e-02
1.795168361013320391e-02,5.627468928182101371e-02,5.625240824918559951e-02
1.797559864355873296e-02,5.450409493243778963e-02,5.448385178363981257e-02
1.786229766282606407e-02,5.402254551162091051e-02,5.400283425177626606e-02
1.781349758700271485e-02,5.420344238710238238e-02,5.418353242702002998e-02
1.778834719411657300e-02,5.409320980897422415e-02,5.407342108839480188e-02
1.772400010728769279e-02,5.333319621791981352e-02,5.331423002886940404e-02
1.790841027892960818e-02,5.371936383208453236e-02,5.369998261943604440e-02
1.771581319062956461e-02,5.327083244123669709e-02,5.325193271511795973e-02
1.763701479871461475e-02,5.315154661421927357e-02,5.313277358160346797e-02
1.755899694411783979e-02,5.277735988678810414e-02,5.275898060129615569e-02
1.762030821200376990e-02,5.309794910722835659e-02,5.307923281567122203e-02
1.753281327988256977e-02,5.291928836442207074e-02,5.290076038614222043e-02
1.751088727526617372e-02,5.344920724046945543e-02,5.343011700074846992e-02
1.744524252778738987e-02,5.251980194220363246e-02,5.250169045381064548e-02
1.742670383652850097e-02,5.214072311153720996e-02,5.212300102001000274e-02
1.747252437259839974e-02,5.263590430652205499e-02,5.261767242455150234e-02
1.747244027112952042e-02,5.263920870766519017e-02,5.262097339138090135e-02
1.729518262748873728e-02,5.165750852675426302e-02,5.164027465600043443e-02
1.724658988526938524e-02,5.188782056928768760e-02,5.187035513457741859e-02
1.715803921324868947e-02,5.165289673550850502e-02,5.163566748058898148e-02
1.720720487957966283e-02,5.178477030118098373e-02,5.176740873166602031e-02
1.719044602464762928e-02,5.174325284474549924e-02,5.172593300434084884e-02
1.701796889934589774e-02,5.135812782301944074e-02,5.134119188805560952e-02
1.714400200380277253e-02,5.090086406212917386e-02,5.088437652373276748e-02
1.702224876556721750e-02,5.161078412263584575e-02,5.159359697908889875e-02
1.694678000679775837e-02,5.192262692802735585e-02,5.190512631833971158e-02
1.690393034010350889e-02,5.264790147222898897e-02,5.262965711934397550e-02
1.696813216742838401e-02,5.393718858705945363e-02,5.391757062376027060e-02
1.694875758451905995e-02,5.232717071537430764e-02,5.230925780657641466e-02
1.696859881125177549e-02,5.171535352700099702e-02,5.169806169054391720e-02
1.686501433176556056e-02,5.256098543977096027e-02,5.254283130658350676e-02
1.694920779951915660e-02,5.429213973545078675e-02,5.427213186260721606e-02
1.690281256119230413e-02,5.266803002249301896e-02,5.264976473342664054e-02
1.685719785979756385e-02,5.214331213474891757e-02,5.212558740285058723e-02
1.695257777589122966e-02,5.288699224895498235e-02,5.286849817625421943e-02
1.682673734390743164e-02,5.252082368390549594e-02,5.250271113832948033e-02
1.680624576736999137e-02,5.302936259251252865e-02,5.301071874318791927e-02
1.681067940153369716e-02,5.337236127435763394e-02,5.335335326636544973e-02
1.677765082448513453e-02,5.266357318553044342e-02,5.264531253350977769e-02
1.678860551766663683e-02,5.397741636017479999e-02,5.395775446401707143e-02
1.680738358512039524e-02,5.251771803469058864e-02,5.249960870236973498e-02
1.673422855653576569e-02,5.235675945407738258e-02,5.233881613770530877e-02
1.677359879069398665e-02,5.299934602714219400e-02,5.298073382291346861e-02
1.673774668968882814e-02,5.220542754785589129e-02,5.218763938981609701e-02
1.668752439927714826e-02,5.175383482193032791e-02,5.173650435196486957e-02
1.670592532764040780e-02,5.205700136947980644e-02,5.203936451903694305e-02
1.673731081979053931e-02,5.222357582355485056e-02,5.220576910575049773e-02
1.682172300723758923e-02,5.244274404573760762e-02,5.242471216995112093e-02
1.668370902239164205e-02,5.185200475609391679e-02,5.183457546728107573e-02
1.666631140286242013e-02,5.206247925852315606e-02,5.204483683915607506e-02
1.665789197232225155e-02,5.225263368344269105e-02,5.223479722206460923e-02
1.662527438356029355e-02,5.142716730971813588e-02,5.141016297565368515e-02
1.668033554310674807e-02,5.162749310968307165e-02,5.161028926586129495e-02
1.667065300602446620e-02,5.215330444046159530e-02,5.213556951560024966e-02
1.665544775402531819e-02,5.081810391596481430e-02,5.080169667719403731e-02
1.663831243028843568e-02,5.193390485230833797e-02,5.191639283512305969e-02
1.663021516535956659e-02,5.081644189296581626e-02,5.080003626413295142e-02
1.664110719289748144e-02,5.092822642643655279e-02,5.091171228164993040e-02
1.660003568744063476e-02,5.175706674849244598e-02,5.173973303119882433e-02
1.668417398894932527e-02,5.142156939636708529e-02,5.140457061513948461e-02
1.656532526113976139e-02,5.248935107362357605e-02,5.247127107359849524e-02
1.653629135413170470e-02,5.317706825124138975e-02,5.315826815986594844e-02
1.656233804186510797e-02,5.438352800236621182e-02,5.436341891098234180e-02
1.655674209981464196e-02,5.315211507927838225e-02,5.313334144424615435e-02
1.658945701589307695e-02,5.382960350667812671e-02,5.381010271563837349e-02
1.654267980985637751e-02,5.375997790539978338e-02,5.374055269519714684e-02
1.657582348290825500e-02,5.355333272768691283e-02,5.353413068684591963e-02
1.652851912782519681e-02,5.362528292479126074e-02,5.360600337540273597e-02
1.654913929452293819e-02,5.480521739085604527e-02,5.478463682655521777e-02
1.655160738711648066e-02,5.357967888233806930e-02,5.356044848418829024e-02
1.662790109282721168e-02,5.484262592185496638e-02,5.482200318031250214e-02
1.656058580438873884e-02,5.390283292813833477e-02,5.388325243289820293e-02
1.665241130160497601e-02,5.424911639430511634e-02,5.422915605480393975e-02
1.655285864929527742e-02,5.382084360076557633e-02,5.380135232965280179e-02
1.650669140979704741e-02,5.338257566490266226e-02,5.336355674028203655e-02
1.670162354673333099e-02,5.397491050135699159e-02,5.395525134377409521e-02
1.654562789058391936e-02,5.358751745225968227e-02,5.356827861178157374e-02
1.646636671819633191e-02,5.436722455029815299e-02,5.434713354102643085e-02
1.642068396318337176e-02,5.356566784433047096e-02,5.354645253022913276e-02
1.648183985243313263e-02,5.470362133816592670e-02,5.468315503071533024e-02
1.642531903239705798e-02,5.313600862238667538e-02,5.311725205087459295e-02
1.651901412670751107e-02,5.453785260007647240e-02,5.451757180990126489e-02
1.647093290750310107e-02,5.403873519006151954e-02,5.401900620130974801e-02
1.640278888385619110e-02,5.312960098914142754e-02,5.311085120313081831e-02
1.641280986718273230e-02,5.376163098529680023e-02,5.374220398289200618e-02
1.641730146133654755e-02,5.280663374768373303e-02,5.278822385852171423e-02
1.648492374225714319e-02,5.364751278526657535e-02,5.362820924658674715e-02
1.637572442899714459e-02,5.365504998511592960e-02,5.363573830817124771e-02
1.638214502942710732e-02,5.282274746401111748e-02,5.280432071464601779e-02
1.637381910808925409e-02,5.418627142499780891e-02,5.416638038290731705e-02
1.634535280958784864e-02,5.307515963900336781e-02,5.305646743884259026e-02
1.643388909396618913e-02,5.499205370902419260e-02,5.497126191623546293e-02
1.640973584056190648e-02,5.311148402111115496e-02,5.309275341161028700e-02
1.631026776412981133e-02,5.259796602053345288e-02,5.257977353758914313e-02
1.633455853961168769e-02,5.310921421005245641e-02,5.309048600219083702e-02
1.633010051128906681e-02,5.266693640172850216e-02,5.264867225057622002e-02
1.625959882021880964e-02,5.241047703120334245e-02,5.239247842275851497e-02
1.633229048098279110e-02,5.338976910175947943e-02,5.337074248664291226e-02
1.630344598949113460e-02,5.227883739086416903e-02,5.226097407901921649e-02
1.623159379150048917e-02,5.235680391014429363e-02,5.233886054806164562e-02
1.632343238883701003e-02,5.101038833974633202e-02,5.099379413101368802e-02
1.622400540838869407e-02,5.297830030316508232e-02,5.295971026511375052e-02
1.615710713412037841e-02,5.321254221961695119e-02,5.319370447454645906e-02
1.618770318760906837e-02,5.367454350054828849e-02,5.365521076494333269e-02
1.614276168627682209e-02,5.345217808108285173e-02,5.343308465755355896e-02
1.615545419183834694e-02,5.421617696033132622e-02,5.419625296227272016e-02
1.615521730741703230e-02,5.325155800444784926e-02,5.323267878820819865e-02
1.616932274225701960e-02,5.398863622278882168e-02,5.396896206170674615e-02
1.612727071865376755e-02,5.371288639730141534e-02,5.369351219556030286e-02
1.615273651250251699e-02,5.573056069314299282e-02,5.570891982995198471e-02
1.614522837315190626e-02,5.327530665300734408e-02,5.325640216376324731e-02
1.626051609056507891e-02,5.459860270437433272e-02,5.457825405749580638e-02
1.613224623816051848e-02,5.332412340437942683e-02,5.330516689415820686e-02
1.618877378645462717e-02,5.513936288683003034e-02,5.511840353765196793e-02
1.614033088907412816e-02,5.392145809586752075e-02,5.390185729406315324e-02
1.614658296724967579e-02,5.459015688969406227e-02,5.456981768567933239e-02
1.613179858486494048e-02,5.380987219880995626e-02,5.379039284661701892e-02
1.613863192714755368e-02,5.224182242942996407e-02,5.222399703830089834e-02
1.613633079697691236e-02,5.370163989384787312e-02,5.368227786084230763e-02
1.611136835475304036e-02,5.461178952077413301e-02,5.459142612450666732e-02
1.615411143358585003e-02,5.458285385924123434e-02,5.456252281803700144e-02
1.612607584492163626e-02,5.453757890069354380e-02,5.451729841590007009e-02
1.613350391402779485e-02,5.492391292529513053e-02,5.490319833596490895e-02
1.614029473078127525e-02,5.483214659333070923e-02,5.481153567278994332e-02
1.614102782209080739e-02,5.480428765614943354e-02,5.478370813936697670e-02
1.611095959902991009e-02,5.478373004363207982e-02,5.476317367978225659e-02
1.609884679609957167e-02,5.474788521985257672e-02,5.472736918453491306e-02
1.610333478206621427e-02,5.461439267336806042e-02,5.459402636463928093e-02
1.609890083644619635e-02,5.477321943784185798e-02,5.475267490480897198e-02
1.609871536581231402e-02,5.484270280329273800e-02,5.482207997500988111e-02
1.609671273857069679e-02,5.481733850835399102e-02,5.479674428408225911e-02
1.609624390518469422e-02,5.484248342550369221e-02,5.482186084473350540e-02
1.609308194804659475e-02,5.487277524284912833e-02,5.485211846674110936e-02
1.609378768765660356e-02,5.479070703035011924e-02,5.477014281064226942e-02
1.609482658373661418e-02,5.482747433492279193e-02,5.480686868337719675e-02
1.609805197522028858e-02,5.486347408025826766e-02,5.484282780791951972e-02
1.609349982005369231e-02,5.490102279283879533e-02,5.488033409504555760e-02
1.608650515883938356e-02,5.507426392522063452e-02,5.505337873324692155e-02
1.608223319029079140e-02,5.517986712202815197e-02,5.515886154412771164e-02
1.607987590492323746e-02,5.533631349239926528e-02,5.531512871904315648e-02
1.607910181309160635e-02,5.546276013598203103e-02,5.544142978658113396e-02
1.607611166622715387e-02,5.559957555234530668e-02,5.557808693983171122e-02
1.607646818990660434e-02,5.575438165741858354e-02,5.573271302884780232e-02
1.608034050074270971e-02,5.569345975960192374e-02,5.567186209348455594e-02
1.607006980936394325e-02,5.556711203034926660e-02,5.554566104106137270e-02
1.606642098330744728e-02,5.548454435310194721e-02,5.546318885670346865e-02
1.606194303358370740e-02,5.552267312872532362e-02,5.550127357014279089e-02
1.605850804180624855e-02,5.547681679528869425e-02,5.545547022159799666e-02
1.605579697436994302e-02,5.554485406506483314e-02,5.552342884599728579e-02
1.605280617007083521e-02,5.557729312559096108e-02,5.555583034177434543e-02
1.604941791076099425e-02,5.557058023387927148e-02,5.554912522725706514e-02
1.605036072494649829e-02,5.570970831784206184e-02,5.568809174040804250e-02
1.604890753828779396e-02,5.556423407591662422e-02,5.554278641988356913e-02
1.604573421175419304e-02,5.564943338866291944e-02,5.562788690833337518e-02
1.604509660523218903e-02,5.579004144723490044e-02,5.576833120973514329e-02
1.603972865443889506e-02,5.577540374033645304e-02,5.575371058899621785e-02
1.603998913992295272e-02,5.587656036301133500e-02,5.585474895123868078e-02
1.603893564278277908e-02,5.579583996313644545e-02,5.577412295472265746e-02
1.603948725514644374e-02,5.566454417557309409e-02,5.564298013631818751e-02
1.603986043919888860e-02,5.581797042703436074e-02,5.579622756397090849e-02
1.603616651784851160e-02,5.573099106650290790e-02,5.570934970188140545e-02
1.603588190804914118e-02,5.563375684307961255e-02,5.561222856902092032e-02
1.603388186874795535e-02,5.557351787454025555e-02,5.555205946476496348e-02
1.602853867891235878e-02,5.563174029760244166e-02,5.561021436475722945e-02
1.602434159954801637e-02,5.576739098643292147e-02,5.574570718434897904e-02
1.602238950343180812e-02,5.573007049817334246e-02,5.570843020609694135e-02
1.602063798958338128e-02,5.582244531850745484e-02,5.580069722500737017e-02
1.601900477750540022e-02,5.586592324480098293e-02,5.584412428886013219e-02
1.601948665602647912e-02,5.601185887119054796e-02,5.598988861335926076e-02
1.602098051421544864e-02,5.584674118394343523e-02,5.582496467781222771e-02
1.601464506892551209e-02,5.587882637064796321e-02,5.585701230481011914e-02
1.601574875168795820e-02,5.587121136473542637e-02,5.584940621711374092e-02
1.601417654860592954e-02,5.578618471546863133e-02,5.576447898069539222e-02
1.600677408900330612e-02,5.573362551061814690e-02,5.571198107644958347e-02
1.600023014198611454e-02,5.574750462821322083e-02,5.572584401784919095e-02
1.599528963724044378e-02,5.574199923154381925e-02,5.572034503871507033e-02
1.599089854352749723e-02,5.578897746563626220e-02,5.576726847038868812e-02
1.598735897612851842e-02,5.585637006372508317e-02,5.583458229032507020e-02
1.598299553039743068e-02,5.580200799404061440e-02,5.578028378167089463e-02
1.598069790347767666e-02,5.575695107627797603e-02,5.573527945139986756e-02
1.597876111227673063e-02,5.568731766690315776e-02,5.566572714653871684e-02
1.597711473105802027e-02,5.554149487394665491e-02,5.552007354234508169e-02
1.597422413646967451e-02,5.546177649879668881e-02,5.544044728440458703e-02
1.597275025241022897e-02,5.553333269781311060e-02,5.551192081004738266e-02
1.596844694016325700e-02,5.552791956727248790e-02,5.550651394109195474e-02
1.596640517944361570e-02,5.558972441114311269e-02,5.556824722014316875e-02
1.596102436256419468e-02,5.565234666326326213e-02,5.563079679842145714e-02
1.595754563896902706e-02,5.561124534440489015e-02,5.558974319657219304e-02
1.595603724618370814e-02,5.556731035675024216e-02,5.554585913775345052e-02
1.595203512701669560e-02,5.569143144377713961e-02,5.566983613758872546e-02
1.594682335714741120e-02,5.578312374148178959e-02,5.576142157993397436e-02
1.594413751709879840e-02,5.571238069491849659e-02,5.569076100611131813e-02
1.594255011352885276e-02,5.562005623983912184e-02,5.559854386884186678e-02
1.593920466756265988e-02,5.569768692738573390e-02,5.567608434242365262e-02
1.593634870729176978e-02,5.576276689431966527e-02,5.574108848638743147e-02
1.593205990307753825e-02,5.582254745788131634e-02,5.580079924498672350e-02
1.592817614143926530e-02,5.595286904234426234e-02,5.593096813551647062e-02
1.592769568344937214e-02,5.584606508966432487e-02,5.582428937451654194e-02
1.592176725837147339e-02,5.593135554451207636e-02,5.590947989352232361e-02
1.591598743817052020e-02,5.595471756288331044e-02,5.593281448507556042e-02
1.591215652119411933e-02,5.606948781431463080e-02,5.604744966414097751e-02
1.590738079090540588e-02,5.614216069076979898e-02,5.612003672583650710e-02
1.590259551078666150e-02,5.612775020889432254e-02,5.610564327806018964e-02
1.589920745268448565e-02,5.619518211764368276e-02,5.617299540270041802e-02
1.589766686350975455e-02,5.630015266436411148e-02,5.627784136863214076e-02
1.589630240201924533e-02,5.635893736761017625e-02,5.633655610190127505e-02
1.589329298075128211e-02,5.628414795281627692e-02,5.626185568179476598e-02
1.588997556755009782e-02,5.623008615101852958e-02,5.620785806299520571e-02
1.588704738194898075e-02,5.632884830394085246e-02,5.630650287074892568e-02
1.588288543756833163e-02,5.644822150926993160e-02,5.642573369122483307e-02
1.588369560871931430e-02,5.663193486043930497e-02,5.660922673460345306e-02
1.588283426578245353e-02,5.649803859029320363e-02,5.647549117342742092e-02
1.587796873637598721e-02,5.653841173017127436e-02,5.651581593559251021e-02
1.587325728279319684e-02,5.650558656110032940e-02,5.648303010502484650e-02
1.587151152125265696e-02,5.658237472549963731e-02,5.655972617293085480e-02
1.586812085095114233e-02,5.653826600805695463e-02,5.651567038820495825e-02
1.586614502612116590e-02,5.663599304603876561e-02,5.661328003746696896e-02
1.586346813924550264e-02,5.667809543811610368e-02,5.665533173150924529e-02
1.585888434697652755e-02,5.671515898218623675e-02,5.669235058272777128e-02
1.585600697866230979e-02,5.667705683664535365e-02,5.665429438159328562e-02
1.585431194194259624e-02,5.661691136199806934e-02,5.659422130602476814e-02
1.585063322250105169e-02,5.670309304182894611e-02,5.668029919842623027e-02
1.584550559924272767e-02,5.671358897520477338e-02,5.669078247011283267e-02
1.584046759142410110e-02,5.671685609114170135e-02,5.669404564383379724e-02
1.583647379352338957e-02,5.681626980855575965e-02,5.679333918773756679e-02
1.583357892724627375e-02,5.690874577034306381e-02,5.688570298421385257e-02
1.582962236384862290e-02,5.697561692543604700e-02,5.695249280287278948e-02
1.582656041941734107e-02,5.694889204467300237e-02,5.692580045092852925e-02
1.582265469340964070e-02,5.694207987433206469e-02,5.691899656730094181e-02
1.582068635720525890e-02,5.686684304764836467e-02,5.684385113110316384e-02
1.581879484793792534e-02,5.682215807036405247e-02,5.679922031847224606e-02
1.581524115113541740e-02,5.693410890250596296e-02,5.691103528930099853e-02
1.581420940124307617e-02,5.686632175651194082e-02,5.684333047233528641e-02
1.581129321311111960e-02,5.693365217298973491e-02,5.691057911514706830e-02
1.581107464299633114e-02,5.707169309911717253e-02,5.704845178284547597e-02
1.581027345160273059e-02,5.713400632517606076e-02,5.711068878789402059e-02
1.580838991533010246e-02,5.726420070680417196e-02,5.724072337929231313e-02
1.580798693453459164e-02,5.722561193068433083e-02,5.720218203985404093e-02
1.580793442764694481e-02,5.710949911032812271e-02,5.708621156991748602e-02
1.581013345305592663e-02,5.705933333231152232e-02,5.703610711462485383e-02
1.580811913380672853e-02,5.716629833579699171e-02,5.714294123371525813e-02
1.580519156106485745e-02,5.721177604122081040e-02,5.718836314309008739e-02
1.580567456369249418e-02,5.722283581743168451e-02,5.719940933678214351e-02
1.580671507664752062e-02,5.726498632529700844e-02,5.724150803137441346e-02
1.580311498581071783e-02,5.727508248303310456e-02,5.725159176712978082e-02
1.579650885016177161e-02,5.733248390855499171e-02,5.730892248454462490e-02
1.579138569369708048e-02,5.729734753830786897e-02,5.727382941273197886e-02
1.578384461204604405e-02,5.738049902938200525e-02,5.735687835059923023e-02
1.577836615008037721e-02,5.762585485870330704e-02,5.760192983809993283e-02
1.577757577253543347e-02,5.780474054590654942e-02,5.778059199322854028e-02
1.577787833408987941e-02,5.789569205675026281e-02,5.787142932073839618e-02
1.577811829127418949e-02,5.776353772365983019e-02,5.773944078012591824e-02
1.577576326243565474e-02,5.789518641837783364e-02,5.787092431815515220e-02
1.577377634641217996e-02,5.777257067641295568e-02,5.774846242483623604e-02
1.577145324974246060e-02,5.773897153443154767e-02,5.771490532658503370e-02
1.576965873960889386e-02,5.785344795647394400e-02,5.782923829968324159e-02
1.576842233881155242e-02,5.783365819601379160e-02,5.780947337816801090e-02
1.577002656200409206e-02,5.790478245881330865e-02,5.788050829068928926e-02
1.576860065024640600e-02,5.786299843715662222e-02,5.783877678708509995e-02
1.576901276701332677e-02,5.787937469304330756e-02,5.785513246879817745e-02
1.576812924615443937e-02,5.778147309311339186e-02,5.775735369344330017e-02
1.576775710214750603e-02,5.759130988100787107e-02,5.756742786756298413e-02
1.576634883667162729e-02,5.754604018007425381e-02,5.752221444758361807e-02
1.576409106935763166e-02,5.752016957565904420e-02,5.749637596668161904e-02
1.576118208381400640e-02,5.738936198348195544e-02,5.736573035620900346e-02
1.575720145158108348e-02,5.735481065141428969e-02,5.733122168663919854e-02
1.575455886300081154e-02,5.738868790933652347e-02,5.736505711486723086e-02
1.575186267925612546e-02,5.742599432032254730e-02,5.740231740485068901e-02
1.574904278238279179e-02,5.740132116727489353e-02,5.737767476133084910e-02
1.574627554860035319e-02,5.737913037412737532e-02,5.735551138575986641e-02
1.574594012057257963e-02,5.726236932630915377e-02,5.723889425153862176e-02
1.574603140499847981e-02,5.727340040239872060e-02,5.724991175637007129e-02
1.574527084079349604e-02,5.730552518385733513e-02,5.728199698573682025e-02
1.574345382373242008e-02,5.729288303771799123e-02,5.726937040993174827e-02
1.574218014739580188e-02,5.719338367965849657e-02,5.716999335758708028e-02
1.574130019970000627e-02,5.725761131820440719e-02,5.723414209546980741e-02
1.573901411294136715e-02,5.716896500431751377e-02,5.714560463298502813e-02
1.573641335165903987e-02,5.713163451225644618e-02,5.710831987920382546e-02
1.573758741109491238e-02,5.698806460307223598e-02,5.696492531910696266e-02
1.573660932143079033e-02,5.714529787340840578e-02,5.712196650658644265e-02
1.573391537082113878e-02,5.718106930078694500e-02,5.715769408611419411e-02
1.573193108740126786e-02,5.731419227889826551e-02,5.729065340223192526e-02
1.573023403889107705e-02,5.735734692175808308e-02,5.733375482705017206e-02
1.572940734333476420e-02,5.726004249796027429e-02,5.723657028515895251e-02
1.572733001513042586e-02,5.735459978284800087e-02,5.733101107828279114e-02
1.572720516386778150e-02,5.740591042272354116e-02,5.738225834392816915e-02
1.573047429814349724e-02,5.742378832263572708e-02,5.740011413604984708e-02
1.572769117853646537e-02,5.733984357733047654e-02,5.731627307730353948e-02
1.572595014654511875e-02,5.743131484541108556e-02,5.740763134741339729e-02
1.572197706656792981e-02,5.762951658614683115e-02,5.760558700381127051e-02
1.571723513100614991e-02,5.769181034721581475e-02,5.766780307121650850e-02
1.571495699691354345e-02,5.778099631391159924e-02,5.775687751138327414e-02
1.571428619287195544e-02,5.782792277663117986e-02,5.780374515436972199e-02
1.571169734662179740e-02,5.784317506129277309e-02,5.781897830056225568e-02
1.570819429715402532e-02,5.801409186100012910e-02,5.798967994361819978e-02
1.570626298213810557e-02,5.816069154620395060e-02,5.813609407026133075e-02
1.570455564642433618e-02,5.811950108304689971e-02,5.809495583859618228e-02
1.570230334221456303e-02,5.831377305609257433e-02,5.828898081591991909e-02
1.570070419384058877e-02,5.833628798526156040e-02,5.831146701308639879e-02
1.569916591728252528e-02,5.836478268710276751e-02,5.833992532014530691e-02
1.569567280781421215e-02,5.830064478625474750e-02,5.827586928922710158e-02
1.569259538850651531e-02,5.836864840149354194e-02,5.834378609431895013e-02
1.569051025795031515e-02,5.835209373735684990e-02,5.832725258171465865e-02
1.568937582160621208e-02,5.845618976015175966e-02,5.843121540360556032e-02
1.568668676417559957e-02,5.861436791329394796e-02,5.858919024218380012e-02
1.568389099067988429e-02,5.857818295752333787e-02,5.855305189379860636e-02
1.568136247104718814e-02,5.867717001456430881e-02,5.865191131556093257e-02
1.567895451265351181e-02,5.874354307798074215e-02,5.871819855501064084e-02
1.567767620336402157e-02,5.866776692881827543e-02,5.864252037282618318e-02
1.567778042000604610e-02,5.858446616302637883e-02,5.855932701046472066e-02
1.567647542261697835e-02,5.864166611498812520e-02,5.861645324479839575e-02
1.567957106044370885e-02,5.876152711771331916e-02,5.873615930697604487e-02
1.567581332012875361e-02,5.859269570338878491e-02,5.856754595369412231e-02
1.567314821152081261e-02,5.865534777507969838e-02,5.863011725103026844e-02
1.567149864025882411e-02,5.870152042304706275e-02,5.867623026019318927e-02
1.566981308218826086e-02,5.874925835860905776e-02,5.872390643639296276e-02
1.566685624686955935e-02,5.867776585231967296e-02,5.865250638373638303e-02
1.566418794178350490e-02,5.860643055733607415e-02,5.858126311472985903e-02
1.566090695668882066e-02,5.855820144635988378e-02,5.853309609479020320e-02
1.565941938112009463e-02,5.858343329684184697e-02,5.855829547408167302e-02
1.565827553784919501e-02,5.843033566607048340e-02,5.840539443667013692e-02
1.565770749381393406e-02,5.852838969909227029e-02,5.850332267658263363e-02
1.565621454308338198e-02,5.851261387118292245e-02,5.848756711590675367e-02
1.565227386421067651e-02,5.847566420963226652e-02,5.845066488087723861e-02
1.565012358731924721e-02,5.856367273365560566e-02,5.853856034339252612e-02
1.564735391328715697e-02,5.856707014100525494e-02,5.854195337939058913e-02
1.564509533227566654e-02,5.856375225223861558e-02,5.853863975966984434e-02
1.564592486148184622e-02,5.849388244056600433e-02,5.846885973540295184e-02
1.564408336466877047e-02,5.863284964142187472e-02,5.860764814303155712e-02
1.564179850239670599e-02,5.852697606361127042e-02,5.850191085764681193e-02
1.564101468929227773e-02,5.861778902577514938e-02,5.859260694518148710e-02
1.564212512209674222e-02,5.852960021811153685e-02,5.850453163999293216e-02
1.564080091406227363e-02,5.856520697929157304e-02,5.854009261502222949e-02
1.564061290799357434e-02,5.854125698449254983e-02,5.851617342326340815e-02
1.563969929395474939e-02,5.861526986392483901e-02,5.859009103034422405e-02
1.563685071631657278e-02,5.855917054920749265e-02,5.853406395100098358e-02
1.563402037170512349e-02,5.863453126302604901e-02,5.860932759587795388e-02
1.563073679215062559e-02,5.870240758354087346e-02,5.867711627387096895e-02
1.562771769964248908e-02,5.885636817806816357e-02,5.883087732030593819e-02
1.562450370022342404e-02,5.879023203838962264e-02,5.876482702770452482e-02
1.562150584554090546e-02,5.866086504770902377e-02,5.863562740223281222e-02
1.562060694400013022e-02,5.875648686945161847e-02,5.873112558683579038e-02
1.561822874568443570e-02,5.878191192800281267e-02,5.875651770345126368e-02
1.561570066224255565e-02,5.886260568422903988e-02,5.883710671998936687e-02
1.561169345052222136e-02,5.884728133319622190e-02,5.882180228192308846e-02
1.560626356775047900e-02,5.903795139050577179e-02,5.901222383705852226e-02
1.560283095904846373e-02,5.920077374299773793e-02,5.917483270657772354e-02
1.559689493499625754e-02,5.915230095116702502e-02,5.912642359238674122e-02
1.558908827684539478e-02,5.902014958693272556e-02,5.899444530284628230e-02
1.558480730972008899e-02,5.916191939938739153e-02,5.913602941336327384e-02
1.557846264385645205e-02,5.895652952332566810e-02,5.893090828457812902e-02
1.557316850588109577e-02,5.881091437647576609e-02,5.878548254012426477e-02
1.556788194065935466e-02,5.908688222253875855e-02,5.906109063750970833e-02
1.556470696177463670e-02,5.902019028046811416e-02,5.899448594321097389e-02
1.556137807878519436e-02,5.890904643648744998e-02,5.888348706222364809e-02
1.555850440230495749e-02,5.886608293267281411e-02,5.884057944854059752e-02
1.555599651255560115e-02,5.877796409303145952e-02,5.875257498535625678e-02
1.555103012866071790e-02,5.880933241983936355e-02,5.878390263600800913e-02
1.555555089958346633e-02,5.906056866432635166e-02,5.903481152677859944e-02
1.555033934270939541e-02,5.883810091701990874e-02,5.881263379011793940e-02
1.554814619353568975e-02,5.875955201732334376e-02,5.873418676486369394e-02
1.554565369212161825e-02,5.876967257131270744e-02,5.874429420821780656e-02
1.554163680400969492e-02,5.869093581542543514e-02,5.866565933245827813e-02
1.554080065264980270e-02,5.852434122119472282e-02,5.849927940081809524e-02
1.553939859257099862e-02,5.859796222523216969e-02,5.857280569230333134e-02
1.553796214281385167e-02,5.865850491967933983e-02,5.863327032070350664e-02
1.553685569018662706e-02,5.862142680763376273e-02,5.859624003772767598e-02
1.553863829363898511e-02,5.848854346896669582e-02,5.846352761591915026e-02
1.553615632402868818e-02,5.866142815113720155e-02,5.863618977875336563e-02
1.553465041579598152e-02,5.862965752172348555e-02,5.860446013979615787e-02
1.553595983080407854e-02,5.862080668565528008e-02,5.859562071516737081e-02
1.553582091660629660e-02,5.863822096101745096e-02,5.861301253491668639e-02
1.553299990782803716e-02,5.878383586609192690e-02,5.875843914762979292e-02
1.553234031564306936e-02,5.862656828095712952e-02,5.860137488240294013e-02
1.553126896569192485e-02,5.855954144291115882e-02,5.853443436758549306e-02
1.553196031256037085e-02,5.851882280345614001e-02,5.849376807286402885e-02
1.553043461913014914e-02,5.856243457065980762e-02,5.853732377337782233e-02
1.552441723215908752e-02,5.866821247546280538e-02,5.864296534418580314e-02
1.552061004506332352e-02,5.881853669794331885e-02,5.879309497043236354e-02
1.551598856147554974e-02,5.883183064104687693e-02,5.880637165641486308e-02
1.551384842702577607e-02,5.882877268068099907e-02,5.880331766633899865e-02
1.551044109210417132e-02,5.892209708395587664e-02,5.889652071628366514e-02
1.550662979381946249e-02,5.896573093509929059e-02,5.894009769653687364e-02
1.550435947885542287e-02,5.897389426452426947e-02,5.894825037679783664e-02
1.550235595922241569e-02,5.887137290549530888e-02,5.884586254418183726e-02
1.549957037653032325e-02,5.877345998093917029e-02,5.874807671030514433e-02
1.549796628463729134e-02,5.879828805484826892e-02,5.877287259749474496e-02
1.549586523630470947e-02,5.882512991162224675e-02,5.879967962631192646e-02
1.549267651531086032e-02,5.895132212045901127e-02,5.892570767117190356e-02
1.548932350884137978e-02,5.902311726110176515e-02,5.899740909884194223e-02
1.548779822179744380e-02,5.921831419394400081e-02,5.919235008930261860e-02
1.548639890328923005e-02,5.935893234018291276e-02,5.933278280781775077e-02
1.548533024515714833e-02,5.935118899911741297e-02,5.932504970049914256e-02
1.548299472603779058e-02,5.929919144668406583e-02,5.927312079984133758e-02
1.547993970789988960e-02,5.928263564712881600e-02,5.925658683345429167e-02
1.547747694753540820e-02,5.927862472199144778e-02,5.925258119594822154e-02
1.547440111276986684e-02,5.938592705008022277e-02,5.935974182011417855e-02
1.547392270876556120e-02,5.936322870280740654e-02,5.933707349114245022e-02
1.547155007012012903e-02,5.937379824062125749e-02,5.934762905371893799e-02
1.546964906649533726e-02,5.936513882353046390e-02,5.933898108663791110e-02
1.546727569572901168e-02,5.944524296818114867e-02,5.941897918515633148e-02
1.546619670401652019e-02,5.951634902735698784e-02,5.948999087049803430e-02
1.546286394221832623e-02,5.953839775722634398e-02,5.951201029084397798e-02
1.545919028607753258e-02,5.956180957143877158e-02,5.953539095980763668e-02
1.545602537617757517e-02,5.959970106868130169e-02,5.957323199722483476e-02
1.545370524095382968e-02,5.960732483188846409e-02,5.958084560016790876e-02
1.545099412786969141e-02,5.973938531728850004e-02,5.971272967426342893e-02
1.544958239733126848e-02,5.986990487548156381e-02,5.984307411124747955e-02
1.544693791301137223e-02,5.975188433728271381e-02,5.972521195711813502e-02
1.544577636851573489e-02,5.964770293005056123e-02,5.962116984265242864e-02
1.544704273026679432e-02,5.957781090783118016e-02,5.955137099517220090e-02
1.544625111694756733e-02,5.972838881217464035e-02,5.970174788850818315e-02
1.544403131754621544e-02,5.952830126104613484e-02,5.950192721869734108e-02
1.544145074580103270e-02,5.947389735659264903e-02,5.944759556986084492e-02
1.543910944818844416e-02,5.951080121691550151e-02,5.948445043137359084e-02
1.543586494535930873e-02,5.959446067092300653e-02,5.956799858189591040e-02
1.543350436523296780e-02,5.961729266701343288e-02,5.959080014713435264e-02
1.543020919560663014e-02,5.964376217554578918e-02,5.961723434748222167e-02
1.542742283052683447e-02,5.971898062074593866e-02,5.969235228610601102e-02
1.542955026833389351e-02,5.979324176216115755e-02,5.976651395131067634e-02
1.542676922788792891e-02,5.977379801335341164e-02,5.974709627220605584e-02
1.542689876499005533e-02,5.970197604816655790e-02,5.967537045713879051e-02
1.542608714010756422e-02,5.980003706751543802e-02,5.977330014169179168e-02
1.542398690803325166e-02,5.984472712641800834e-02,5.981793020330945787e-02
1.542418643882376324e-02,5.987274061463775804e-02,5.984590603713620116e-02
1.542494451673047731e-02,5.987903217983425036e-02,5.985218914066212093e-02
1.542091167709778825e-02,5.981553073545526483e-02,5.978877301923234827e-02
1.541671346030538958e-02,5.977195378105144841e-02,5.974525451172447293e-02
1.541264234705681802e-02,5.972557638641613070e-02,5.969893922645200246e-02
1.541148429764124979e-02,5.977885610524726057e-02,5.975214758396652642e-02
1.540873715414748518e-02,5.973175392311887849e-02,5.970510849566421779e-02
1.540647894756564176e-02,5.963048838485455333e-02,5.960397826687684197e-02
1.540482167123927854e-02,5.961005133267701511e-02,5.958356846668749762e-02
1.540264718113254321e-02,5.966134376827804398e-02,5.963479247045056636e-02
1.540021579092199985e-02,5.967818822929749079e-02,5.965161443272790076e-02
1.539909886779418022e-02,5.965536146332587469e-02,5.962881815286399240e-02
1.539865127706284594e-02,5.960651036823623461e-02,5.958003222208267669e-02
1.540015501224768074e-02,5.948878681901940274e-02,5.946246527023782424e-02
1.540059304019237262e-02,5.968068859170003876e-02,5.965411145437676116e-02
1.539627285678812907e-02,5.969100251821266023e-02,5.966441159739682698e-02
1.539436949621037290e-02,5.988337777561442837e-02,5.985652889090503637e-02
1.539199656977855400e-02,5.996218359650255791e-02,5.993522855787600939e-02
1.539108474106625629e-02,5.994350813682862433e-02,5.991657827988954022e-02
1.539092123286199196e-02,5.990980641272334456e-02,5.988292195893896858e-02
1.538625242660964822e-02,5.997038923951048678e-02,5.994342313155856528e-02
1.538498519784678269e-02,5.991128159469095299e-02,5.988439515460126927e-02
1.538288047658366298e-02,6.010248273991884715e-02,6.007533802194575667e-02
1.537953431588926292e-02,6.012600638896407890e-02,6.009882978100287987e-02
1.537754764829576612e-02,6.022019027462783419e-02,6.019288573543978005e-02
1.537497156194635867e-02,6.016088636799581807e-02,6.013366242879754353e-02
1.537131447620821399e-02,6.020458556302814984e-02,6.017730224762250779e-02
1.536744684039590900e-02,6.025292728701993339e-02,6.022557818683565989e-02
1.536476462897104836e-02,6.033478344332179194e-02,6.030732270995457778e-02
1.536149263957807543e-02,6.048270403248538762e-02,6.045504079918188195e-02
1.535734844133480187e-02,6.055338718788265406e-02,6.052562684036305596e-02
1.535582301198232594e-02,6.086486326626313476e-02,6.083667226158377683e-02
1.535296065763649964e-02,6.085002792609435496e-02,6.082185753358902713e-02
1.534899728912248948e-02,6.076808253458435699e-02,6.074002581571360387e-02
1.534572247878133143e-02,6.087144764129659436e-02,6.084324748508093683e-02
1.534348830528458815e-02,6.076522305825356185e-02,6.073717030047796894e-02
1.534115368862962528e-02,6.070134184261075788e-02,6.067337747927201153e-02
1.533887635380584008e-02,6.065558383107326479e-02,6.062768267022862478e-02
1.533747238512251504e-02,6.076154895459950217e-02,6.073350128584575902e-02
1.534033756634790510e-02,6.081150436617909633e-02,6.078338745124510500e-02
1.533703688980707358e-02,6.073477469827117531e-02,6.070676409604605639e-02
1.533667096872156320e-02,6.072353360961450092e-02,6.069553855991483005e-02
1.533297542181394704e-02,6.074166350415746707e-02,6.071364336813014906e-02
1.533165638196588160e-02,6.073246303988937694e-02,6.070445563641005404e-02
1.532904713647547518e-02,6.054869524515379964e-02,6.052094135111089901e-02
1.532950877128372476e-02,6.058395985950500162e-02,6.055615743672562029e-02
1.532877817369929403e-02,6.055884756465820112e-02,6.053107970548170930e-02
1.532379684996926228e-02,6.050491430283764377e-02,6.047722057846743882e-02
1.532026257262129876e-02,6.047378786748500851e-02,6.044613686831596527e-02
1.531735127963269709e-02,6.044688598877395042e-02,6.041927188060884635e-02
1.531558346133956097e-02,6.034544050292130202e-02,6.031796521342987910e-02
1.531338577002298862e-02,6.027765263732271644e-02,6.025026984934147428e-02
1.531113157771611319e-02,6.039630078752986075e-02,6.036875595880125678e-02
1.530695266668243536e-02,6.036055118390249580e-02,6.033305524641984635e-02
1.530352388511918918e-02,6.029198391810694502e-02,6.026458159138366188e-02
1.530176221964627860e-02,6.014475022610662330e-02,6.011754819007084777e-02
1.530040137459385413e-02,6.021882840900841943e-02,6.019152572250860422e-02
1.529961338822679630e-02,6.021381585601196657e-02,6.018651998792917679e-02
1.529639867213652450e-02,6.018196580103241100e-02,6.015471323096097805e-02
1.529345055295666146e-02,6.014561320136187911e-02,6.011840999422697618e-02
1.529180628921182616e-02,6.023675325750759563e-02,6.020942617916178602e-02
1.528899530390274986e-02,6.025443384705336108e-02,6.022708269500751110e-02
1.528886727626286440e-02,6.023986593279057750e-02,6.021253461728252876e-02
1.528492697402256476e-02,6.016418304425944635e-02,6.013695462871661984e-02
1.528295879555899642e-02,6.018074222302240150e-02,6.015349131540760619e-02
1.528275581610714397e-02,5.996944376173680286e-02,5.994247892938073946e-02
1.528134313412178591e-02,6.000147485910417577e-02,5.997446678951367377e-02
1.528173430805193633e-02,6.007089592778835918e-02,6.004379399141082652e-02
1.528189696376571274e-02,5.999048885337415066e-02,5.996349561846398002e-02
1.527889997533198041e-02,5.992666936184429249e-02,5.989976219658309925e-02
1.527534811918428506e-02,6.002870145337919905e-02,6.000165659558560904e-02
1.526907325835825772e-02,6.006819477899524862e-02,6.004109649900420120e-02
1.526485091278517378e-02,6.015909790357487630e-02,6.013187639262099898e-02
1.526119224931470932e-02,6.019784792541447299e-02,6.017057377038780713e-02
1.525834363075256710e-02,6.025573980948861069e-02,6.022838687869414703e-02
1.525508553312525384e-02,6.020753962964790762e-02,6.018025229729758591e-02
1.525352708200047175e-02,6.030644384925663848e-02,6.027902179897025314e-02
1.525047736087231827e-02,6.037754420496552199e-02,6.035002503500946913e-02
1.524844994292119151e-02,6.047510797445514868e-02,6.044745516415532538e-02
1.524734064596112992e-02,6.037275463687990368e-02,6.034524201643376440e-02
1.524482860661654018e-02,6.030783287222862832e-02,6.028040892679584206e-02
1.524344096267743823e-02,6.039025979517303327e-02,6.036272323218929564e-02
1.524328631958346385e-02,6.039841875253478681e-02,6.037087102545679596e-02
1.524520902283637430e-02,6.039490894529081499e-02,6.036736602113905448e-02
1.524289365709088212e-02,6.032750243519982569e-02,6.030005164375634719e-02
1.523871533959221883e-02,6.045236463698315521e-02,6.042474301851515073e-02
1.523519175539003040e-02,6.041265103551222287e-02,6.038508382684255882e-02
1.523274713907349365e-02,6.040573171716600437e-02,6.037817398102000160e-02
1.523037093882060981e-02,6.031491632750353438e-02,6.028748271623742688e-02
1.522778662667597684e-02,6.042856830142184082e-02,6.040097929382690772e-02
1.522636018212918801e-02,6.037542065898180571e-02,6.034790439300622561e-02
1.522462193296868216e-02,6.050115598465286709e-02,6.047346742141458675e-02
1.522263677001952156e-02,6.052237120571984930e-02,6.049465350015930526e-02
1.521830119852583471e-02,6.056407268578865161e-02,6.053629763731718794e-02
1.521707556736661207e-02,6.061071061900636520e-02,6.058287134596770929e-02
1.521528057532450622e-02,6.058276671274193809e-02,6.055496593281500112e-02
1.521100884147692442e-02,6.056761999107670991e-02,6.053984006112814176e-02
1.520815606958772145e-02,6.066191477922494579e-02,6.063400487954488660e-02
1.520412718653248001e-02,6.072801784683372339e-02,6.070001659369043956e-02
1.520153157497401708e-02,6.070946976697372266e-02,6.068149416709529842e-02
1.520005876963340108e-02,6.053156252829895029e-02,6.050383219071203689e-02
1.519656758587735121e-02,6.052875298458474523e-02,6.050102650868358078e-02
1.519609939086868575e-02,6.043329906386016998e-02,6.040570357519581268e-02
1.519279717492869920e-02,6.037800726767990345e-02,6.035048746444540702e-02
1.519255766600778254e-02,6.036697829579525804e-02,6.033947357284749624e-02
1.519057334673225811e-02,6.036184430010722857e-02,6.033434659516680176e-02
1.519105300738401651e-02,6.052789865807144121e-02,6.050017335636746069e-02
1.518986516948847912e-02,6.041402102548277392e-02,6.038645194104362568e-02
1.518933955311911610e-02,6.044409600112841258e-02,6.041648571704250070e-02
1.518481993883667551e-02,6.047317472181409220e-02,6.044552456383310568e-02
1.518080318341889605e-02,6.046376365321633889e-02,6.043612640426458682e-02
1.517733164428653261e-02,6.048685222991087573e-02,6.045918330350980724e-02
1.517668372140918744e-02,6.061366644129394243e-02,6.058582309448649894e-02
1.517361169758863274e-02,6.058987470151158683e-02,6.056206413360098323e-02
1.516975079869507803e-02,6.062730003634206333e-02,6.059943789434134309e-02
1.516817961509794518e-02,6.057711040314133627e-02,6.054931741053679733e-02
1.516543953574705020e-02,6.054939605588242901e-02,6.052164119798197212e-02
1.516256473963074891e-02,6.057844923489456163e-02,6.055065439918529829e-02
1.516333672796138683e-02,6.059487423062493577e-02,6.056705677678073801e-02
1.516152178231578232e-02,6.063366129448332503e-02,6.060579037999569429e-02
1.515804126700205472e-02,6.061237808137034944e-02,6.058453651024771347e-02
1.515561747018924488e-02,6.051535313675083377e-02,6.048764507383389000e-02
1.515218996772915022e-02,6.054073858226545479e-02,6.051299562981825308e-02
1.515295479318799765e-02,6.058197563172101896e-02,6.055417594099594264e-02
1.515174183441731111e-02,6.045590857636203019e-02,6.042828209903068626e-02
1.514807692045606544e-02,6.055050602946005639e-02,6.052274964491374809e-02
1.514516298015367371e-02,6.062008956394459441e-02,6.059223736331217219e-02
1.514552591528530757e-02,6.072354344465320797e-02,6.069554838134778862e-02
1.514428399594238556e-02,6.057324128220405168e-02,6.054545361557835126e-02
1.514114916454110255e-02,6.054651376015780795e-02,6.051876286626569484e-02
1.513849100623098666e-02,6.041709455392253736e-02,6.038952126094973560e-02
1.513612628140621232e-02,6.043048949628773703e-02,6.040289785681054319e-02
1.513582552756695399e-02,6.026847748087905271e-02,6.024110719709925565e-02
1.513589582024969099e-02,6.017146733779205753e-02,6.014422902964117190e-02
1.513549391967122619e-02,6.030646141442755348e-02,6.027903934017572046e-02
1.513130318694060929e-02,6.028282264258803813e-02,6.025543280708457045e-02
1.512851649462615758e-02,6.031563510896669617e-02,6.028820051674316227e-02
1.512524401148656640e-02,6.028893547596502617e-02,6.026153730615478599e-02
1.512329158726240415e-02,6.035512216785793999e-02,6.032763365004464862e-02
1.512169247633092170e-02,6.033742666233660873e-02,6.030996231916115058e-02
1.511930509074791221e-02,6.036805471058181993e-02,6.034054851606367176e-02
1.511975824263756853e-02,6.034366119173194265e-02,6.031618833289831977e-02
1.511951689936708726e-02,6.032191790548531440e-02,6.029447473787300643e-02
1.511488895987867648e-02,6.031154923042329752e-02,6.028412021405516602e-02
1.511377776496504802e-02,6.041344701071191953e-02,6.038587871221627601e-02
1.511183394421965892e-02,6.044072370300497543e-02,6.041311804066523683e-02
1.511383921409453768e-02,6.026323908733625251e-02,6.023587594088657127e-02
1.511112339034390017e-02,6.047454422414945407e-02,6.044689218730729674e-02
1.510489770157704033e-02,6.045690100975204678e-02,6.042927317165592421e-02
1.510252675705645725e-02,6.043862827620723188e-02,6.041102548539129674e-02
1.509976196233600229e-02,6.052017734409313732e-02,6.049246265307607617e-02
1.509764458459489714e-02,6.049738571979368373e-02,6.046970233344657608e-02
1.509390544031962225e-02,6.059591704477122059e-02,6.056809815450374390e-02
1.509128515616449916e-02,6.072809362987179743e-02,6.070009227188907786e-02
1.508840354947370635e-02,6.070574218257024368e-02,6.067777173631110771e-02
1.508521878097929259e-02,6.081851673455129781e-02,6.079039009024709422e-02
1.508088075158147030e-02,6.068057235730799082e-02,6.065263669329210711e-02
1.507750229826709462e-02,6.069285846590720401e-02,6.066490582729588271e-02
1.507466020223387562e-02,6.063952509775356187e-02,6.061164609516647012e-02
1.507353394123573699e-02,6.055955903120765343e-02,6.053179019319702286e-02
1.506974516045506661e-02,6.060544188077277017e-02,6.057760986820906468e-02
1.506709961028783115e-02,6.068885657161267322e-02,6.066090946280575796e-02
1.506620395344564385e-02,6.086480040125408220e-02,6.083660948393358053e-02
1.506485658321616086e-02,6.079674217016484139e-02,6.076864572985069685e-02
1.506456460420923377e-02,6.078481713167202538e-02,6.075673722368111346e-02
1.506042194523942584e-02,6.089561719873789331e-02,6.086738343260740536e-02
1.505736592728320819e-02,6.083221840795585006e-02,6.080407274666518869e-02
1.505757474418879804e-02,6.083958637971539907e-02,6.081143048863620060e-02
1.505582779032575355e-02,6.082603717314863379e-02,6.079790009205144480e-02
1.505218410612187141e-02,6.091172658448099769e-02,6.088347040199632021e-02
1.505263072730961965e-02,6.094224614494896108e-02,6.091394746167620028e-02
1.505306026998104105e-02,6.091103592085424234e-02,6.088278069966821665e-02
1.504773548763661470e-02,6.094865508308693058e-02,6.092034746946813767e-02
1.504256953699253767e-02,6.094473640254003538e-02,6.091643424951465741e-02
1.503971007658104486e-02,6.088220459303496368e-02,6.085398948162284299e-02
1.503676002397251119e-02,6.086168737895562147e-02,6.083350078769265978e-02
1.503517858822067330e-02,6.074291613917845445e-02,6.071489426932324268e-02
1.503378999882024752e-02,6.071851695509401792e-02,6.069052884430013728e-02
1.503142262941166429e-02,6.087758036389218780e-02,6.084937168211511371e-02
1.502853329274972914e-02,6.092197984749234824e-02,6.089370939131411725e-02
1.502751793351696230e-02,6.086493258875612378e-02,6.083674148773276363e-02
1.502548344187144141e-02,6.085597009554374187e-02,6.082779144821388873e-02
1.502490011796895480e-02,6.073865577655101350e-02,6.071063980334884258e-02
1.502157948295044718e-02,6.080815809631427010e-02,6.078004582340975487e-02
1.501975338301706972e-02,6.087066758306920733e-02,6.084246851114554627e-02
1.501653304299289601e-02,6.080837657748075498e-02,6.078026400151334552e-02
1.501446979131817669e-02,6.075953653931186194e-02,6.073149165769373831e-02
1.501293800467004905e-02,6.070994254535294621e-02,6.068196629178423951e-02
1.501088571295323276e-02,6.072395355272493245e-02,6.069595792211873037e-02
1.501055786110233603e-02,6.080790473105818217e-02,6.077979280960962849e-02
1.500809114928563365e-02,6.074481395599034411e-02,6.071678945914800452e-02
1.500533423476843597e-02,6.078670499295973223e-02,6.075862246815245254e-02
1.500269763834238650e-02,6.097916432312244089e-02,6.095081417156299891e-02
1.499995154425782552e-02,6.089300400795009255e-02,6.086477387697431657e-02
1.499816700542631193e-02,6.088290902373141855e-02,6.085469293277495639e-02
1.499695667466026221e-02,6.077705163078813561e-02,6.074898248502462461e-02
1.499799507432711052e-02,6.092175931137494560e-02,6.089348916226150488e-02
1.499754748092146407e-02,6.072801444915055386e-02,6.070001320071252704e-02
1.500027527729348546e-02,6.074266894329471284e-02,6.071464741559941258e-02
1.499599756669929042e-02,6.074623474433921144e-02,6.071820828071527315e-02
1.498830612784818675e-02,6.073792260947201427e-02,6.070990765093776942e-02
1.497986010931382297e-02,6.067716905089868412e-02,6.064923808770502495e-02
1.497388043939064384e-02,6.086007634538275618e-02,6.083189199272824588e-02
1.496792600633023093e-02,6.082357437848818354e-02,6.079544071551946233e-02
1.496409671766046889e-02,6.082785219553160649e-02,6.079971259517075871e-02
1.496074409432976253e-02,6.079354164173247227e-02,6.076544963911665459e-02
1.495602714949859774e-02,6.081132780157819107e-02,6.078321113159878414e-02
1.495657686700352373e-02,6.069988347419887076e-02,6.067192112667612464e-02
1.495450680180024534e-02,6.078630720817516236e-02,6.075822523475804537e-02
1.495415731647845893e-02,6.093225755232106744e-02,6.090397278360942801e-02
1.495429285505490112e-02,6.093311085768549767e-02,6.090482490045771857e-02
1.495474726005201725e-02,6.095014680352240505e-02,6.092183711104412480e-02
1.495248795169369649e-02,6.093743023132044967e-02,6.090913825739776438e-02
1.495049426509682117e-02,6.083481403148620348e-02,6.080666476667846015e-02
1.494819262916824432e-02,6.083893487880579626e-02,6.081077989237982512e-02
1.494450669308643002e-02,6.072466724826366263e-02,6.069667063038843707e-02
1.494293736088521916e-02,6.094682391985919989e-02,6.091851885801354699e-02
1.493855156334319284e-02,6.099171683253741538e-02,6.096334916709146567e-02
1.493648621906917481e-02,6.093082162417231412e-02,6.090253885539081286e-02
1.493280828678318281e-02,6.099924628502670365e-02,6.097086811065673129e-02
1.492914875487019732e-02,6.100853971245604607e-02,6.098014856357993063e-02
1.492628558600964800e-02,6.095047817719992378e-02,6.092216802290451039e-02
1.492185988338984998e-02,6.096170460451422191e-02,6.093337880162969650e-02
1.491921390755664503e-02,6.107111071250496959e-02,6.104263210562375225e-02
1.491722639211645780e-02,6.096826946950122811e-02,6.093993451313647197e-02
1.491718737724209015e-02,6.099069692191155800e-02,6.096233067976406655e-02
1.491507348757708379e-02,6.111144821458298210e-02,6.108291313121497895e-02
1.491377487929917631e-02,6.110703884125397167e-02,6.107850993507655396e-02
1.491254053537975112e-02,6.120612502675405048e-02,6.117745709325622672e-02
1.490885519534638701e-02,6.122464203589769727e-02,6.119594807127785863e-02
1.490615541073429459e-02,6.119183482486358072e-02,6.116318696968949670e-02
1.490374184172990266e-02,6.117355758754586953e-02,6.114493539897694618e-02
1.490328480548207789e-02,6.114060101684824083e-02,6.111202507021901847e-02
1.490181323245281901e-02,6.098051351809721798e-02,6.095216148441573445e-02
1.490622978862549824e-02,6.099594514847749005e-02,6.096757158184821362e-02
1.490346222292977807e-02,6.099643598633209401e-02,6.096806173462333139e-02
1.490197580148966416e-02,6.100281135613874056e-02,6.097442820505595551e-02
1.490269555974033794e-02,6.104402597076297871e-02,6.101558524333430822e-02
1.489930971081443282e-02,6.088855416844514423e-02,6.086033022685447685e-02
1.489622019939598405e-02,6.096329152641511567e-02,6.093496351104223108e-02
1.489098256798215662e-02,6.102739886413181131e-02,6.099898137393936631e-02
1.488589463614948746e-02,6.092165458214243018e-02,6.089338457884424516e-02
1.488210806784615731e-02,6.085239532506767079e-02,6.082422164398347542e-02
1.487781548000926754e-02,6.089479795290240333e-02,6.086656532644406370e-02
1.487389025193030373e-02,6.091354445858877809e-02,6.088528574577047742e-02
1.486870881040977532e-02,6.085903742890353546e-02,6.083085451982361835e-02
1.486818676595985655e-02,6.074189340670322484e-02,6.071387295245869731e-02
1.486652738453770467e-02,6.076649061177735733e-02,6.073843609816463596e-02
1.486427037041887847e-02,6.071029695130750886e-02,6.068232020771263668e-02
1.486023419934741005e-02,6.079038532260459815e-02,6.076229769593451818e-02
1.485718234075919172e-02,6.085792617055065662e-02,6.082974480550262103e-02
1.485458615585677836e-02,6.073933507941550736e-02,6.071131816606772230e-02
1.485211480834881630e-02,6.070071200997682881e-02,6.067274851723188783e-02
1.484994795159604031e-02,6.061766468973714406e-02,6.058981583184613190e-02
1.485022714676399735e-02,6.072793086724154188e-02,6.069992973443278511e-02
1.484859183769068197e-02,6.067244465597824293e-02,6.064452021749625055e-02
1.484842626364054133e-02,6.064963177815876905e-02,6.062173883147844999e-02
1.484727407465619847e-02,6.065731146075177549e-02,6.062940791537486246e-02
1.484623105499256052e-02,6.058901136081644434e-02,6.056120198188176540e-02
1.484357205991572795e-02,6.049465205528701400e-02,6.046697242208690093e-02
1.484373254852531729e-02,6.051239813858836497e-02,6.048469413509503095e-02
1.484305363059737828e-02,6.045011960361451608e-02,6.042250106287520850e-02
1.484204377436870899e-02,6.056878822561527487e-02,6.054100668792801454e-02
1.484039687477545395e-02,6.044545991004109109e-02,6.041784775656378059e-02
1.483886265924603230e-02,6.042139208667991757e-02,6.039381290843483241e-02
1.483233058005258356e-02,6.037992138298154537e-02,6.035239896196160914e-02
1.482270401321517453e-02,6.024578492232446347e-02,6.021844554831939228e-02
1.481329798703496375e-02,6.005538146227966390e-02,6.002830052242301428e-02
1.481243359551144903e-02,5.982334512634030627e-02,5.979657692017166515e-02
1.480994325088623789e-02,5.969681602961034866e-02,5.967021733753734292e-02
1.480662194353472849e-02,5.981389188595020306e-02,5.978713636934768899e-02
1.480276765129476431e-02,5.984555497835194332e-02,5.981875694298596086e-02
1.480149511331074405e-02,5.998434569017105367e-02,5.995736074815977840e-02
1.479991351818222417e-02,6.007334209577810946e-02,6.004623684788800569e-02
1.479741803282963279e-02,5.997845791665086523e-02,5.995148092119217953e-02
1.479790853037152298e-02,6.005966009447920306e-02,6.003257336521599513e-02
1.479681931516690745e-02,5.998295045218056398e-02,5.995596739342057974e-02
1.479597275187990307e-02,5.989119722211506264e-02,5.986433781684823152e-02
1.479854142695392373e-02,5.976817413358531672e-02,5.974147992963458470e-02
1.479634345997376393e-02,5.992156016756705617e-02,5.989465988485804387e-02
1.479432337589753690e-02,5.997234170738481585e-02,5.994537296513552382e-02
1.479149799574229832e-02,6.004098801014186998e-02,6.001392653998187388e-02
1.479300564134770207e-02,6.002368824479296927e-02,5.999665016328271233e-02
1.479150730677531930e-02,6.003052458941451203e-02,6.000347726703533779e-02
1.479167599579839058e-02,6.005141159762468483e-02,6.002433602865532569e-02
1.479207167619786024e-02,6.006487547323734882e-02,6.003778168593970621e-02
1.478494907471994066e-02,6.007797073625216477e-02,6.005085922156906675e-02
1.477776694361886134e-02,6.011043390924047936e-02,6.008327841500365335e-02
1.477188210742177293e-02,6.018770839981633231e-02,6.016044802644850142e-02
1.476862455456276306e-02,6.026883485121947714e-02,6.024146408046671813e-02
1.476729060679035817e-02,6.035804023176402633e-02,6.033054772608870131e-02
1.476471327506762542e-02,6.021098874485535796e-02,6.018369672188803032e-02
1.476172296074418355e-02,6.030016262378173203e-02,6.027274914234463654e-02
1.476056677339674349e-02,6.037368659442118174e-02,6.034617269964551167e-02
1.475789568160664617e-02,6.033252693674125838e-02,6.030506928479752171e-02
1.475481765487326666e-02,6.040493275433003045e-02,6.037737611182358161e-02
1.475409091847212049e-02,6.041957589358767228e-02,6.039199920263765148e-02
1.475134088163432451e-02,6.027275209894159685e-02,6.024537599004372440e-02
1.474810245785777851e-02,6.031465812508608054e-02,6.028722486618617177e-02
1.474660990951291717e-02,6.031898878913063283e-02,6.029154961969422633e-02
1.474462158674742784e-02,6.037153532328155825e-02,6.034402437002954478e-02
1.474245916499174885e-02,6.052622694029394929e-02,6.049850393609666754e-02
1.473854696231280403e-02,6.042080778737683039e-02,6.039322940934730571e-02
1.473686709268450662e-02,6.044206103765887433e-02,6.041445354255992051e-02
1.473377746011700178e-02,6.040615731082846912e-02,6.037859899210956671e-02
1.473433402353064268e-02,6.026048293507590276e-02,6.023312354341300856e-02
1.473274691257891317e-02,6.045232272715764937e-02,6.042470116615022285e-02
1.473564410906953726e-02,6.049553367143260807e-02,6.046785282787294630e-02
1.473381305835574570e-02,6.043470853824676331e-02,6.040711111843435205e-02
1.473386740023976960e-02,6.056407022984299643e-02,6.053629518474977489e-02
1.473336464033244905e-02,6.045738301781616170e-02,6.042975451880731180e-02
1.473082198784223668e-02,6.037210507775060686e-02,6.034459334547421366e-02
1.472816621299171541e-02,6.037844729717596615e-02,6.035092689217182865e-02
1.472096171029523004e-02,6.034949768672557419e-02,6.032201685431553412e-02
1.470888138224409926e-02,6.025286254103565109e-02,6.022551352903189603e-02
1.470327887782549130e-02,6.011830326923590928e-02,6.009113710681081993e-02
1.469310479518337598e-02,5.999525503097491441e-02,5.996825536084798153e-02
1.468523118867114813e-02,5.996464729484881490e-02,5.993768893303223766e-02
1.467546984937469212e-02,5.996676390864497802e-02,5.993980269159525365e-02
1.467480297722760160e-02,6.033775499230203260e-02,6.031029020071330266e-02
1.466994065043500037e-02,6.027338630142579229e-02,6.024600932821709554e-02
1.466337758216678007e-02,6.023294811469063342e-02,6.020562621553614963e-02
1.466201629216293614e-02,6.007698029448902549e-02,6.004987012086165921e-02
1.465871228194067476e-02,6.014942929123039128e-02,6.012222090505463939e-02
1.465761296591078060e-02,6.014347013984750606e-02,6.011626984089400716e-02
1.465518180708879140e-02,6.011416849561714709e-02,6.008700793889394653e-02
1.465182998307836514e-02,6.012946185674847982e-02,6.010228056225491028e-02
1.464895547342544291e-02,6.010030347028920417e-02,6.007316170539322986e-02
1.464411617652306569e-02,6.006467907043263471e-02,6.003758554895355370e-02
1.464372372287498641e-02,6.002206297793046680e-02,5.999502709303707743e-02
1.464382616516381880e-02,6.018829995516872255e-02,6.016103877789217430e-02
1.464386555022668956e-02,6.001775692010238167e-02,5.999072685442478209e-02
1.464515185440124628e-02,5.998019500737793858e-02,5.995321566758359672e-02
1.464470446027767853e-02,6.002607905727010834e-02,5.999903774427706171e-02
1.464848828833525789e-02,5.997177879680881674e-02,5.994481081405965417e-02
1.464464786275912825e-02,6.012494338050362180e-02,6.009776821415985931e-02
1.464043838967854505e-02,5.997629227454744777e-02,5.994931820159647012e-02
1.463550943181799770e-02,6.001548084749960127e-02,5.998845385737928276e-02
1.462885730807288696e-02,6.009341800624446589e-02,6.006628557026977289e-02
1.462262976925334662e-02,6.014985524337130435e-02,6.012264627906556413e-02
1.461831998108945041e-02,6.016700925358013652e-02,6.013977700012742428e-02
1.461301434175109153e-02,6.030126632263831110e-02,6.027385133566474928e-02
1.460893177214305991e-02,6.017667444312922720e-02,6.014942906186050708e-02
1.460374317959631241e-02,6.017852540378004073e-02,6.015127750795706135e-02
1.460248009968983379e-02,6.026665588779778898e-02,6.023928808608607077e-02
1.460263679438401560e-02,6.018763490074342803e-02,6.016037462726788604e-02
1.460171591064155470e-02,6.025163260398812975e-02,6.022428526702896384e-02
1.460109686806223238e-02,6.030352870634535234e-02,6.027611063311633099e-02
1.459815543187835060e-02,6.041783271962532925e-02,6.039025841582596615e-02
1.459502388630196275e-02,6.044042064393658625e-02,6.041281539691433639e-02
1.459246720796366324e-02,6.042932644732634806e-02,6.040173640114574610e-02
1.459126204596315236e-02,6.053229683439317194e-02,6.050456548745653668e-02
1.458825493587611634e-02,6.060060629490042483e-02,6.057278094479709440e-02
1.458566966702169905e-02,6.053130623736317772e-02,6.050357625206032736e-02
1.458163293557981390e-02,6.036554863624730288e-02,6.033804586771805700e-02
1.458122107964249063e-02,6.036045044696606438e-02,6.033295464717073481e-02
1.458105986263902136e-02,6.040352966245967486e-02,6.037597494046373359e-02
1.457762469082661203e-02,6.043524227529982473e-02,6.040764412416985141e-02
1.457540976111813824e-02,6.036556154780890748e-02,6.033805876163225029e-02
1.457328755375791873e-02,6.050203861303098118e-02,6.047434883777372955e-02
1.457082365733998811e-02,6.055153537289634236e-02,6.052377757255314461e-02
1.457078189102991098e-02,6.057011672230785959e-02,6.054233335624101264e-02
1.457126780619326205e-02,6.054761169741325333e-02,6.051985929357884403e-02
1.456898558069164018e-02,6.056920982448150970e-02,6.054142770656430195e-02
1.457166620890544897e-02,6.062706832025153980e-02,6.059920649776232709e-02
1.456952293330253563e-02,6.065443833321081807e-02,6.062653875334198667e-02
1.457021226176422393e-02,6.055501098334199056e-02,6.052724840216659741e-02
1.457012232344502209e-02,6.054499453935424658e-02,6.051724573469138835e-02
1.456094109224071592e-02,6.053186748488441349e-02,6.050413672811929405e-02
1.455368554632496467e-02,6.058004362326267073e-02,6.055224659253126418e-02
1.454078087795706437e-02,6.053818496746010691e-02,6.051044552600307047e-02
1.453206924806786302e-02,6.100116947228462899e-02,6.097278861328406241e-02
1.451583553274749319e-02,6.115464959978435949e-02,6.112605394743818310e-02
1.450704575430741480e-02,6.138250706951375868e-02,6.135359053872670165e-02
1.450286031912596460e-02,6.067816675250244096e-02,6.065023441129185205e-02
1.450081749986442507e-02,6.070561264051731881e-02,6.067764237334889732e-02
1.449699535948353706e-02,6.067748003495111037e-02,6.064954864223554010e-02
1.449625191493313786e-02,6.058669697243186658e-02,6.055889078066427345e-02
1.449267506488215868e-02,6.071027588364382582e-02,6.068229916917877026e-02
1.448680669082075961e-02,6.080019120120468135e-02,6.077208997810071983e-02
1.448251062146706583e-02,6.087514170423270754e-02,6.084693641282698517e-02
1.447835560861611762e-02,6.098536049884279581e-02,6.095700170296731307e-02
1.447270263917604070e-02,6.091782507417221187e-02,6.088956040247992668e-02
1.446429587038729203e-02,6.079709185545677935e-02,6.076899493025240961e-02
1.445931888294430326e-02,6.091388980726192975e-02,6.088563061372819635e-02
1.445895449358165080e-02,6.100247633016050997e-02,6.097409364678692961e-02
1.445541519965401651e-02,6.092716853935870036e-02,6.089889085811424352e-02
1.445701315447969759e-02,6.106196191364073045e-02,6.103349610559639232e-02
1.445527984089752492e-02,6.098408186642885476e-02,6.095572485452988021e-02
1.445252105819470716e-02,6.097561602104024231e-02,6.094727081893697856e-02
1.444575697987114486e-02,6.100018955037323637e-02,6.097181005929212111e-02
1.444240500859176116e-02,6.093916413656588760e-02,6.091086974715748809e-02
1.443979185143690405e-02,6.098202613539693145e-02,6.095367199152934568e-02
1.443656159088368106e-02,6.096013656527976554e-02,6.093181294844301349e-02
1.442715194722131444e-02,6.089796422046141189e-02,6.086972718916887348e-02
1.442095781437800761e-02,6.085746560923940840e-02,6.082928488409484330e-02
1.441762305357850715e-02,6.070919085023875755e-02,6.068121563600264307e-02
1.441157745403478727e-02,6.082321571133880722e-02,6.079508254614360979e-02
1.440536123667112908e-02,6.070854200924486604e-02,6.068056769210604384e-02
1.440104599599628665e-02,6.068928772709202696e-02,6.066134002254900542e-02
1.440063724021013736e-02,6.073440180811674055e-02,6.070639172189116334e-02
1.439864439598197154e-02,6.076580829579079912e-02,6.073775472734416203e-02
1.439522367644600204e-02,6.073791925503591732e-02,6.070990430115325714e-02
1.439434602327417830e-02,6.068526605433985366e-02,6.065732390628121584e-02
1.438984266801624640e-02,6.069927891086052130e-02,6.067131739896763909e-02
1.438648036785164334e-02,6.070931575089978660e-02,6.068134036397126313e-02
1.438549386790034280e-02,6.074446689564041296e-02,6.071644287922405708e-02
1.438306318158906472e-02,6.082522334629748145e-02,6.079708739474503493e-02
1.437918369668813971e-02,6.085208985007826976e-02,6.082391659333875877e-02
1.437655601629999821e-02,6.065532899475600814e-02,6.062742818563218034e-02
1.437400489479095933e-02,6.057454919404146182e-02,6.054675972710740761e-02
1.437015103125190152e-02,6.051840831241765001e-02,6.049069605204731442e-02
1.436505706963467528e-02,6.053709127434693527e-02,6.050935333651973752e-02
1.436023048350854037e-02,6.058124211967934325e-02,6.055344343888036107e-02
1.435779811575586123e-02,6.058137261467833046e-02,6.055357375420709204e-02
1.435626483250094024e-02,6.057394080224991900e-02,6.054615217276049233e-02
1.434970714332672870e-02,6.059627386239398172e-02,6.056845448061586729e-02
1.434630812639943465e-02,6.045336215547827963e-02,6.042573916944277146e-02
1.434050903547797948e-02,6.043910714229153158e-02,6.041150369527224784e-02
1.433697125062512526e-02,6.052569990045938292e-02,6.049797762057599476e-02
1.433321427261869535e-02,6.057165791834669133e-02,6.054387243107497985e-02
1.433159889345493945e-02,6.073030905104985500e-02,6.070230462792940151e-02
1.432833226375057264e-02,6.071746872081420360e-02,6.068948205975739640e-02
1.432553014860851043e-02,6.072964710737188687e-02,6.070164360010419508e-02
1.432281536289479150e-02,6.073452092891840765e-02,6.070651067785796245e-02
1.432102285580274560e-02,6.070561833991980349e-02,6.067764806486060369e-02
1.431568050973582029e-02,6.068600589793462369e-02,6.065806272773954788e-02
1.431099872167208159e-02,6.068134921385908570e-02,6.065341247674405772e-02
1.430730800737147965e-02,6.057820285803790922e-02,6.055040836151043271e-02
1.430263299910131472e-02,6.059168752203051428e-02,6.056387445742018177e-02
1.430298348797715002e-02,6.055992956989950105e-02,6.053216022208346425e-02
1.430240634452782135e-02,6.059195905729351794e-02,6.056414561870395591e-02
1.429685894611303076e-02,6.061803236891119551e-02,6.059018300418628211e-02
1.429466851658140261e-02,6.059366866918049904e-02,6.056585287588294592e-02
1.429139862838830349e-02,6.051539377436185307e-02,6.048768565561270238e-02
1.429051094389835463e-02,6.072762043561145962e-02,6.069961973228069768e-02
1.428737346511562561e-02,6.077755405249396503e-02,6.074948421051543090e-02
1.428386870961877164e-02,6.084508487034532426e-02,6.081692134347489731e-02
1.427957210359405947e-02,6.088784484821381515e-02,6.085962189314376991e-02
1.427285635451079442e-02,6.085049203820826896e-02,6.082232100101938460e-02
1.426710856444991099e-02,6.089835054149474181e-02,6.087011297272702098e-02
1.426125866097154374e-02,6.085753836963551239e-02,6.082935754339763301e-02
1.425620272317472056e-02,6.078569250123298795e-02,6.075761137988113653e-02
1.425116075317206868e-02,6.076862169182782603e-02,6.074056422604586641e-02
1.424816959849778408e-02,6.068597702108286668e-02,6.065803389078193442e-02
1.424271459525923086e-02,6.072001562311421519e-02,6.069202543951979917e-02
1.423726487421811925e-02,6.063176869626248772e-02,6.060390039195141798e-02
1.422789842726113543e-02,6.099982194413488407e-02,6.097144296620871096e-02
1.422718447037714384e-02,6.098567333293973547e-02,6.095731410058925770e-02
1.422538807263451326e-02,6.100080413569512056e-02,6.097242378669466556e-02
1.422009897415237381e-02,6.095125881144623087e-02,6.092294756920847015e-02
1.421468697304823295e-02,6.098581443678713354e-02,6.095745500755212626e-02
1.421322501119160094e-02,6.099847330133751494e-02,6.097009620594775331e-02
1.420810068833042172e-02,6.110215583136548861e-02,6.107363376486592971e-02
1.420901121654372101e-02,6.123685597685258469e-02,6.120814483330228734e-02
1.420983074720156072e-02,6.107753819624588132e-02,6.104905059524180083e-02
1.420779318820380305e-02,6.103204728888321495e-02,6.100362330355454249e-02
1.420287959341544337e-02,6.103088995943128231e-02,6.100246759130512064e-02
1.419899637984804383e-02,6.109358621108349624e-02,6.106507614548619539e-02
1.419747471144280036e-02,6.120697554152158826e-02,6.117830641271877062e-02
1.419645187135550740e-02,6.121685222428100565e-02,6.118816921245522761e-02
1.419013106956274264e-02,6.122020082036298827e-02,6.119151310061794052e-02
1.418550102846099364e-02,6.115467109964239922e-02,6.112607541713829112e-02
1.418246580408721522e-02,6.109501892810844520e-02,6.106650685637528969e-02
1.417932980773231426e-02,6.102583520254437066e-02,6.099741989700122741e-02
1.417636108144076749e-02,6.098265949841659428e-02,6.095430447093876797e-02
1.417040552274831909e-02,6.105465703060097837e-02,6.102620143907366151e-02
1.416387135114159992e-02,6.101982388378469208e-02,6.099141697582489280e-02
1.415722846491898265e-02,6.114481957504167009e-02,6.111623771205925565e-02
1.415248963296828269e-02,6.119022873369264759e-02,6.116158313455853646e-02
1.414267170016458505e-02,6.115585136279259870e-02,6.112725402433405453e-02
1.413655833060370286e-02,6.110622060875425116e-02,6.107769284876106430e-02
1.413021185943550903e-02,6.115556466900086419e-02,6.112696773279423235e-02
1.412594127500111513e-02,6.128919288355386824e-02,6.126040805042626963e-02
1.412308898603793599e-02,6.146275174299243443e-02,6.143372163920293727e-02
1.412472710645497342e-02,6.156322681113666345e-02,6.153405408269206622e-02
1.412058204470231434e-02,6.140546243540560833e-02,6.137651344542060378e-02
1.411862685334320210e-02,6.131123826837622803e-02,6.128242235796499404e-02
1.411619291506434684e-02,6.106973080880617744e-02,6.104125413260112765e-02
1.411700732293369107e-02,6.112252475984260996e-02,6.109397415516208685e-02
1.411402099834510766e-02,6.104231844549858066e-02,6.101388010501065939e-02
1.410894222706619676e-02,6.098219727872668944e-02,6.095384289609666328e-02
1.410783044893230975e-02,6.094699311628785920e-02,6.091868781867324639e-02
1.410936554535064530e-02,6.084066968052171537e-02,6.081251228516140750e-02
1.410829769892603391e-02,6.087439036015761945e-02,6.084618611326503279e-02
1.410381131521372573e-02,6.095156119871595474e-02,6.092324953504362622e-02
1.409625946610815542e-02,6.085297320790069436e-02,6.082479872403138282e-02
1.409467968169843440e-02,6.089482365507419698e-02,6.086659099286169383e-02
1.409252720125105801e-02,6.093345673175977473e-02,6.090517029277105893e-02
1.408734635269474900e-02,6.081703254971605049e-02,6.078890796485081349e-02
1.408195946824911463e-02,6.073821489662355882e-02,6.071019953358551546e-02
1.408054777677357310e-02,6.072919839362306282e-02,6.070119550718119927e-02
1.407814389626417875e-02,6.070383882356444882e-02,6.067587100857278065e-02
1.407876406985618389e-02,6.064037432974878766e-02,6.061249415566349885e-02
1.407722000210592621e-02,6.068942940031085698e-02,6.066148150001827305e-02
1.407544824475015499e-02,6.063679037800503990e-02,6.060891514768265709e-02
1.407387285765922084e-02,6.065871173731794685e-02,6.063080625913851163e-02
1.407089739956040274e-02,6.050345250994386415e-02,6.047576079306642843e-02
1.406926139987603810e-02,6.043973239553401822e-02,6.041212809168554354e-02
1.406515517343822665e-02,6.048218027211699904e-02,6.045451775758076129e-02
1.406172705465714989e-02,6.041330415753109334e-02,6.038573605462664584e-02
1.405963597127666415e-02,6.045879755284985085e-02,6.043116711420933734e-02
1.405421306810053159e-02,6.053517934863662103e-02,6.050744403925448905e-02
1.405093398420932671e-02,6.053686643450688354e-02,6.050912880579161629e-02
1.404550770516358252e-02,6.048763038932644664e-02,6.045996039487439022e-02
1.404351461949945867e-02,6.051025626416822040e-02,6.048255520282282138e-02
1.404268869295526197e-02,6.054705393813458736e-02,6.051930230136465944e-02
1.403848480925439998e-02,6.059004423841998083e-02,6.056223343702209910e-02
1.403419592243620485e-02,6.069864210441531377e-02,6.067068147269488732e-02
1.402994319354887963e-02,6.067758693091741817e-02,6.064965539055491156e-02
1.402827221475059193e-02,6.062767028365236011e-02,6.059980763111153662e-02
1.402478674377231199e-02,6.054288036104097520e-02,6.051513446360831661e-02
1.402069373761096090e-02,6.054229497095228035e-02,6.051454987846141553e-02
1.401763254362492148e-02,6.045587660130468527e-02,6.042825016781922659e-02
1.401431005425499837e-02,6.041368503465189416e-02,6.038611641025014298e-02
1.401149987026047671e-02,6.035926906050779334e-02,6.033177487538407546e-02
1.400816043167793165e-02,6.032144182620131218e-02,6.029399930845039113e-02
1.400428439108770615e-02,6.020268482258414600e-02,6.017540409160567622e-02
1.400514830965911284e-02,6.012759806851789013e-02,6.010041930188975146e-02
1.400544051876946409e-02,6.010891612550244706e-02,6.008176268854860391e-02
1.400432720253993839e-02,6.034065670248214136e-02,6.031318794765676283e-02
1.400350186160021979e-02,6.023432726103420537e-02,6.020700348479481739e-02
1.399558339084918356e-02,6.028244902807013139e-02,6.025505970190431215e-02
1.398600919995854688e-02,6.043838646297795825e-02,6.041078400352853373e-02
1.397784776726407677e-02,6.055883594355120775e-02,6.053106810036565366e-02
1.397157110454414625e-02,6.067613777031419242e-02,6.064820823147885204e-02
1.396522006447789566e-02,6.066294023658903856e-02,6.063502892126505783e-02
1.396149161523488336e-02,6.084173555960281643e-02,6.081357668410543316e-02
1.396237682161650950e-02,6.095936108128442027e-02,6.093103854553105769e-02
1.396254037313864049e-02,6.086471719420627480e-02,6.083652639253196021e-02
1.395776081916048038e-02,6.082090205681199568e-02,6.079277210246021579e-02
1.395072808050438345e-02,6.074950360072235017e-02,6.072147261170399157e-02
1.394773600826905262e-02,6.074981342383346805e-02,6.072178200588013164e-02
1.394314262071833822e-02,6.066456293102628905e-02,6.063664937546696387e-02
1.394125395781636856e-02,6.059498255123408478e-02,6.056716494818636942e-02
1.394011012353911505e-02,6.052111579304129269e-02,6.049339981254593657e-02
1.393495912064619119e-02,6.058762538537834641e-02,6.055981791510821333e-02
1.393222749210063643e-02,6.066958741087162543e-02,6.064166691793763247e-02
1.392986882065561614e-02,6.070392790878242212e-02,6.067595997063197910e-02
1.392707168718934456e-02,6.075356134750330844e-02,6.072552474028282410e-02
1.392752270298884369e-02,6.080665939614292997e-02,6.077854920210769979e-02
1.392832393250909712e-02,6.087967834266895528e-02,6.085146674392778038e-02
1.392623717134738870e-02,6.075370653704553064e-02,6.072566972878332137e-02
1.392417072459949459e-02,6.057745870120952864e-02,6.054966522912443722e-02
1.391891466418331870e-02,6.051567540868565964e-02,6.048796690302116197e-02
1.391559840062439948e-02,6.050683439229058436e-02,6.047913803090306656e-02
1.391218267082432181e-02,6.042806690143102261e-02,6.040047858067591757e-02
1.390976145767728114e-02,6.043911435701435075e-02,6.041151090011002284e-02
1.390687099630335752e-02,6.029740721634226780e-02,6.026999749327325434e-02
1.390367158671267263e-02,6.036154004934189687e-02,6.033404276026341911e-02
1.390064768817815544e-02,6.033486600624014817e-02,6.030740516011646318e-02
1.390076454593541094e-02,6.035606991268315652e-02,6.032858009971251573e-02
1.390084517283069962e-02,6.036272585953188913e-02,6.033522694961068744e-02
1.389764958203495646e-02,6.029304202680836611e-02,6.026563825712760031e-02
1.389767454692997922e-02,6.029631132863779580e-02,6.026890310025751624e-02
1.390115616527794022e-02,6.025601211632802129e-02,6.022865881463999177e-02
1.389295994258485725e-02,6.028186826626867612e-02,6.025447973181586453e-02
1.388786220521186915e-02,6.035792079433238005e-02,6.033042845188544417e-02
1.388295033463970637e-02,6.035744068125743766e-02,6.032994899496248176e-02
1.387910276802345119e-02,6.031740682184864172e-02,6.028996981159860657e-02
1.387408806571194600e-02,6.031213592572182147e-02,6.028470610875987651e-02
1.387059434806279731e-02,6.022968589787128235e-02,6.020236843840642144e-02
1.386856933695624142e-02,6.030239018690827096e-02,6.027497366683060021e-02
1.386585893880005332e-02,6.024471338673720311e-02,6.021737547170724625e-02
1.386164697266200480e-02,6.019757593905031984e-02,6.017030215377309338e-02
1.385739331113127609e-02,6.011914550234702392e-02,6.009197819797439805e-02
1.385190431488210125e-02,6.010048274788628436e-02,6.007334074006644153e-02
1.384766339582887626e-02,5.996895074774147294e-02,5.994198658051907297e-02
1.384435692064063875e-02,6.009601728660412395e-02,6.006888132918860451e-02
1.383907030596075866e-02,6.018790267715045522e-02,6.016064203976482366e-02
1.383677785129832152e-02,6.018674124967166028e-02,6.015948219062067226e-02
1.383253494633338368e-02,6.023947710092313751e-02,6.021214631473812556e-02
1.382728809983819682e-02,6.018772338364147129e-02,6.016046298991319791e-02
1.382054197097345484e-02,6.015787391992703792e-02,6.013065407071420398e-02
1.381450589232437708e-02,5.996365125802481655e-02,5.993669423976424881e-02
1.380676278724338873e-02,5.999536475175169803e-02,5.996836493346758418e-02
1.379579097087361636e-02,5.984242778371171717e-02,5.981563394970611236e-02
1.378922459682826139e-02,6.018350055508581847e-02,6.015624589966395847e-02
1.378627812308254839e-02,6.035882014030886922e-02,6.033132656872954719e-02
1.378237985913066156e-02,6.038670731179169443e-02,6.035917560881303573e-02
1.377981140072284498e-02,6.044927595226168987e-02,6.042165856803217994e-02
1.378024070693606787e-02,6.055120637887301260e-02,6.052344903104583257e-02
1.378099129186820260e-02,6.042161138706451939e-02,6.039403190847647540e-02
1.378231369076964030e-02,6.040973757055374121e-02,6.038217435067651934e-02
1.378070367490952935e-02,6.044533511700145301e-02,6.041772313456889032e-02
1.378073627768237192e-02,6.041339118139295999e-02,6.038582295933164756e-02
1.378102308181671821e-02,6.046828952320875555e-02,6.044064606668125839e-02
1.377763919970930243e-02,6.047601493082135904e-02,6.044836087616879683e-02
1.377144367437657148e-02,6.041190184798829466e-02,6.038433566505045647e-02
1.376517892915901653e-02,6.044530042496223249e-02,6.041768849008531672e-02
1.376118892140377505e-02,6.043509205339087087e-02,6.040749410809519160e-02
1.375727067856491112e-02,6.046094281863639841e-02,6.043330943819456846e-02
1.375285545347694136e-02,6.043938902739896812e-02,6.041178519408901132e-02
1.374840470735158582e-02,6.043389022979517994e-02,6.040629393116891260e-02
1.374021152671212227e-02,6.035502547158012182e-02,6.032753708590781611e-02
1.373640202638799594e-02,6.027181052302767877e-02,6.024443569730569131e-02
1.373245110584843040e-02,6.035146892877735203e-02,6.032398540298575251e-02
1.372667736524363705e-02,6.025146693389426406e-02,6.022411982254900070e-02
1.372268870250470396e-02,6.027871484957962600e-02,6.025133061373928040e-02
1.371811021113675776e-02,6.020072062200599455e-02,6.017344256155893883e-02
1.371633409542934168e-02,6.041910399602343218e-02,6.039152795131552676e-02
1.371297712259093339e-02,6.032044955805723752e-02,6.029300839475795759e-02
1.370779809123990646e-02,6.029316717341901694e-02,6.026576323307223509e-02
1.370320431182098925e-02,6.029015980110218054e-02,6.026275996182572231e-02
1.370071093631453074e-02,6.032350069944525384e-02,6.029605537119355624e-02
1.370035683156898068e-02,6.033750424043266003e-02,6.031003979130941661e-02
1.370002091040976346e-02,6.033911540134632295e-02,6.031164875171463741e-02
1.369869049537407631e-02,6.044429673788004331e-02,6.041668617866358809e-02
1.370339220343380973e-02,6.046120767814695124e-02,6.043357393448735987e-02
1.369866517447659859e-02,6.047355840666256838e-02,6.044590772229327391e-02
1.370063994381377076e-02,6.039011945919307150e-02,6.036258308820826451e-02
1.369890665259690561e-02,6.050955416709134088e-02,6.048185407012358905e-02
1.369820349376810881e-02,6.045404607135239361e-02,6.042642214764963604e-02
1.369747325501771695e-02,6.039028919818574537e-02,6.036275259496979434e-02
1.369590418233125086e-02,6.033979066128376811e-02,6.031232308935729342e-02
1.369449429512559560e-02,6.025115869759761072e-02,6.022381200602119899e-02
1.368630098678157853e-02,6.024829222189674593e-02,6.022094943382008680e-02
1.368258853625912638e-02,6.045831031568604796e-02,6.043068054515998710e-02
1.366747671954728766e-02,6.046637062724189576e-02,6.043872980274204998e-02
1.365271460276223231e-02,6.041845772510046064e-02,6.039088256541502026e-02
1.362918583465251229e-02,6.032936227156677350e-02,6.030190894082657765e-02
1.361730275587955119e-02,6.021605955347154870e-02,6.018876063350066252e-02
1.361021872666187682e-02,5.999179895641246207e-02,5.996480395272296010e-02
1.358952003529314764e-02,6.008023128400182683e-02,6.005311670838279353e-02
1.357267049657723962e-02,6.004949783723641243e-02,6.002242485716299120e-02
1.355937416359288133e-02,6.015032834983860544e-02,6.012311874340744294e-02
1.356179161046470322e-02,6.020343264902376645e-02,6.017615090124938532e-02
1.356488150465200854e-02,6.008611377437293039e-02,6.005899123236176085e-02
1.355129747085666823e-02,6.028077807368318469e-02,6.025339102538719571e-02
1.354766866399805675e-02,6.024222451352273522e-02,6.021488998708372092e-02
1.354763100904969250e-02,6.029850385780783500e-02,6.027109263896330421e-02
1.354551584085175037e-02,6.034716464819239734e-02,6.031968700326095084e-02
1.354780262618921968e-02,6.060738301596304417e-02,6.057954832859790278e-02
1.354631829200814847e-02,6.033790910437983324e-02,6.031044410230593927e-02
1.354748601599773186e-02,6.031132694592033355e-02,6.028389823287211291e-02
1.354450441048053039e-02,6.035855829895789282e-02,6.033106508524122696e-02
1.354442953331974966e-02,6.045085298661893869e-02,6.042323344050828243e-02
1.354139603875500857e-02,6.056798041432095298e-02,6.054019998835415139e-02
1.353874548975904021e-02,6.056962875180812306e-02,6.054184605733468200e-02
1.353614899850058909e-02,6.058987263230179721e-02,6.056206206723577928e-02
1.352959865961952599e-02,6.045595668659735356e-02,6.042833014329827140e-02
1.352396463984606445e-02,6.045033234528999350e-02,6.042271351291281234e-02
1.351889637031870872e-02,6.037534504255764184e-02,6.034782887998494522e-02
1.351794369705413071e-02,6.030354662395203541e-02,6.027612852628023293e-02
1.351458524673966426e-02,6.032557704795144665e-02,6.029812888514764907e-02
1.351246450715810898e-02,6.033848130279215877e-02,6.031101551922395804e-02
1.350943583832054512e-02,6.025401853391954693e-02,6.022666794752050412e-02
1.350736063458775685e-02,6.033165254536974192e-02,6.030419608741131171e-02
1.350635400266310057e-02,6.053269041634005976e-02,6.050495852838701227e-02
1.350475135741942626e-02,6.054949607558515051e-02,6.052174108011738191e-02
1.350716762927465717e-02,6.057073329462135669e-02,6.054294907995654701e-02
1.350644690351153303e-02,6.057180717823706928e-02,6.054402148552500557e-02
1.350340182508463771e-02,6.050999543026405747e-02,6.048229472719136163e-02
1.350551128985948840e-02,6.042631852645499041e-02,6.039873260064660548e-02
1.350576495458505506e-02,6.050301878742528339e-02,6.047532766616509764e-02
1.349513352362296907e-02,6.041849988370321528e-02,6.039092466628425554e-02
1.349308121443116085e-02,6.046268298872040786e-02,6.043504722183675598e-02
1.348825171934705733e-02,6.042456827355371929e-02,6.039698474512639192e-02
1.348286283454833492e-02,6.036811633678925565e-02,6.034061005801829441e-02
1.347747759863721084e-02,6.030554257883682934e-02,6.027812175817231360e-02
1.347439498786395969e-02,6.028157773516518853e-02,6.025418959677916048e-02
1.347149183501663780e-02,6.020617163449028253e-02,6.017888616239280147e-02
1.346854059741638653e-02,6.015635689637593292e-02,6.012913910666497358e-02
1.346255587025768814e-02,6.018743837914821565e-02,6.016017837273740509e-02
1.345794097425879673e-02,6.021695967102406316e-02,6.018965952664070973e-02
1.345174414085629003e-02,6.010592695999691926e-02,6.007877757440310135e-02
1.344785829306602114e-02,6.003930009643818067e-02,6.001224090886990437e-02
1.344361240245918465e-02,6.000725937114755049e-02,5.998024348840262643e-02
1.344015744865654886e-02,5.999772884612843138e-02,5.997072583547739116e-02
1.343574372560385824e-02,6.012649219480301066e-02,6.009931492799874125e-02
1.343281895122668337e-02,6.008914311485132748e-02,6.006201646973377550e-02
1.342761948063238286e-02,6.006605873055504558e-02,6.003896334176959948e-02
1.342381651418252456e-02,6.008892550868574073e-02,6.006179915831367372e-02
1.341858045234831272e-02,6.005466263417298667e-02,6.002758266688532768e-02
1.341381205808622745e-02,6.008752706133728416e-02,6.006040260513684920e-02
1.341379286384766084e-02,6.015426048498628830e-02,6.012704554117020983e-02
1.341027153574577205e-02,6.022895380955844979e-02,6.020163734636132385e-02
1.340877647047421933e-02,6.012334840250747880e-02,6.009617539911583928e-02
1.340851668896268084e-02,6.007989060301831968e-02,6.005277648872377194e-02
1.341144373547562517e-02,6.026033779882554453e-02,6.023297860486930000e-02
1.340980686658671886e-02,6.008574008847010484e-02,6.005861805257250996e-02
1.340459457885202765e-02,6.008233024461560184e-02,6.005521282664657429e-02
1.340017912734397902e-02,6.011144487044525753e-02,6.008428800585285945e-02
1.339153266521014678e-02,6.002239330246523369e-02,5.999535697113655974e-02
1.338632897727569208e-02,5.999467520764432266e-02,5.996767632043385060e-02
1.338279219040955717e-02,6.005877807347120151e-02,6.003169253774215397e-02
1.337293859605128907e-02,5.979841509737325589e-02,5.977168034738733482e-02
1.336163694187253101e-02,5.988795295009392144e-02,5.986109791011652581e-02
1.335757439610761946e-02,5.987875606366915154e-02,5.985191339588694093e-02
1.335407767101439921e-02,5.982817533683670863e-02,5.980140064528782079e-02
1.335314579520204339e-02,5.980050944633134163e-02,5.977377188679515452e-02
1.335262134100820286e-02,5.982512516481784670e-02,5.979835456876683025e-02
1.334876874833051952e-02,5.989609434897743417e-02,5.986922835354648725e-02
1.334427213278077153e-02,5.999393319945781067e-02,5.996693531414368922e-02
1.333878881579667573e-02,5.992048146594154689e-02,5.989358263619332101e-02
1.334136458342642315e-02,5.994075634510381140e-02,5.991383019730784493e-02
1.333811026180046003e-02,5.990583847198324013e-02,5.987895936046603446e-02
1.333554311426022460e-02,5.983998635261583710e-02,5.981319579834159378e-02
1.333333718642095572e-02,5.967061038502752268e-02,5.964404671157513826e-02
1.333354572494476614e-02,5.971478435882320024e-02,5.968816163788812773e-02
1.333107310667537918e-02,5.966214391307149423e-02,5.963559154680027341e-02
1.332911678994543742e-02,5.960150719941564867e-02,5.957503572114519752e-02
1.332751077899229156e-02,5.950097450408411287e-02,5.947463677182205505e-02
1.332162173249526460e-02,5.954224341488948552e-02,5.951585083423142908e-02
1.331944180556766250e-02,5.945571354823379201e-02,5.942943588254877979e-02
1.331605407987164306e-02,5.949103631881227233e-02,5.946471178351875331e-02
1.331114107679125594e-02,5.948458623064379475e-02,5.945827025810029864e-02
1.330619347101076599e-02,5.960066790487947297e-02,5.957419754505766107e-02
1.329911324479038544e-02,5.954486844008905627e-02,5.951847236807138175e-02
1.329309391436178309e-02,5.952415906363702630e-02,5.949779052732434570e-02
1.328859294194745938e-02,5.952751255238395572e-02,5.950113955849659769e-02
1.328329637155659625e-02,5.950480194311382615e-02,5.947845912720851197e-02
1.327933388174980592e-02,5.942110986637883646e-02,5.939487806215605625e-02
1.327557071315892991e-02,5.936828435806588977e-02,5.934212246234098209e-02
1.326978650122967104e-02,5.935363083406677842e-02,5.932748830856403310e-02
1.326764423380196421e-02,5.928029948610454014e-02,5.925425375229122216e-02
1.326437736449513106e-02,5.932760565886357335e-02,5.930149751198215968e-02
1.326280052534164859e-02,5.934965249902111883e-02,5.932351523075399952e-02
1.325924593636286335e-02,5.936846937707608574e-02,5.934230723671748281e-02
1.325898278893181126e-02,5.929319264196837580e-02,5.926712990753485455e-02
1.325336632520941922e-02,5.931463896140681813e-02,5.928854793195768164e-02
1.325005052994023512e-02,5.933804441945946667e-02,5.931192248684196561e-02
1.324607874816479194e-02,5.932835536109692248e-02,5.930224622429501602e-02
1.324171039161631605e-02,5.926396954590289201e-02,5.923794533376091492e-02
1.324002313266684286e-02,5.924912987095403566e-02,5.922312520614012726e-02
1.323706262842798062e-02,5.908715676836204939e-02,5.906136482376517921e-02
1.323345314061134120e-02,5.907813450387995602e-02,5.905235437403592857e-02
1.323096948857422489e-02,5.899306554439913419e-02,5.896739663590656183e-02
1.322705463656553490e-02,5.918551133102316342e-02,5.915959035575289737e-02
1.322409466004898122e-02,5.918949418284018271e-02,5.916356797344431845e-02
1.322084457266661101e-02,5.923978854036130587e-02,5.921379617523751110e-02
1.321851341119774717e-02,5.931377430494676195e-02,5.928768441666568134e-02
1.321615276909616707e-02,5.920820838241909467e-02,5.918225757004878101e-02
1.321069551592487026e-02,5.919897314018878615e-02,5.917303447104881736e-02
1.320227032667022071e-02,5.915927971334319913e-02,5.913339319314209197e-02
1.318763822611994721e-02,5.911976357831628948e-02,5.909392890463731340e-02
1.317239623796141040e-02,5.887458037464426974e-02,5.884906584287580289e-02
1.315173396139106970e-02,5.917427371058525676e-02,5.914836749960586393e-02
1.313101877189427544e-02,5.932725735036409320e-02,5.930114966338285304e-02
1.312355558963941918e-02,5.922306897886318172e-02,5.919709861863960837e-02
1.309582252491865023e-02,5.936255816516358697e-02,5.933640383992198897e-02
1.306554573470514354e-02,5.903514471365055999e-02,5.900942082984348552e-02
1.303887475985083047e-02,5.941459179550882125e-02,5.938836862392531113e-02
1.301869105370710190e-02,5.953883770633804084e-02,5.951244965490940647e-02
1.302906450785141883e-02,6.033422074314524070e-02,6.030676077820654180e-02
1.301576133257847934e-02,5.943060145770583808e-02,5.940435707926167846e-02
1.300734305862369031e-02,5.968001932825607592e-02,5.965344308516872668e-02
1.300541208333890440e-02,5.962012676433259273e-02,5.959363046548833698e-02
1.300214802843265710e-02,5.959696259604644469e-02,5.957049717354386681e-02
1.300548501748713219e-02,5.972025773072030252e-02,5.969362768741966890e-02
1.300152528783155709e-02,5.958509547839956760e-02,5.955864586470559219e-02
1.299908504497785354e-02,5.958351229622533413e-02,5.955706479109058177e-02
1.299765967969805647e-02,5.963375758674236554e-02,5.960724310767503281e-02
1.299577404723119972e-02,5.979207251492930225e-02,5.976534627225957297e-02
1.299172992136256310e-02,5.982192735465802214e-02,5.979516105189554287e-02
1.298818426153448315e-02,5.964373727556442767e-02,5.961720948072621318e-02
1.298898761066328601e-02,5.966810370229738703e-02,5.964154337692075675e-02
1.299233720420663388e-02,5.961219334418175336e-02,5.958570762278372207e-02
1.297998560160344705e-02,5.962150933283322241e-02,5.959501119036154926e-02
1.297203041177436011e-02,5.950470624558780453e-02,5.947836355679047421e-02
1.296574111503842434e-02,5.942867841895142084e-02,5.940243658842136315e-02
1.296178140045557356e-02,5.940195432311523582e-02,5.937574788343202847e-02
1.295539307170098103e-02,5.933468432075358207e-02,5.930856682612042907e-02
1.295987772472417462e-02,5.941886107501998665e-02,5.939263224934942381e-02
1.295567900831392193e-02,5.938188358406836648e-02,5.935570370322423850e-02
1.294890122204604525e-02,5.933491598930768635e-02,5.930879818870039843e-02
1.294315710688289170e-02,5.912897710276576735e-02,5.910313034683052635e-02
1.293880962869614626e-02,5.908521497276825185e-02,5.905942557127780851e-02
1.293380806031622400e-02,5.904612563417932503e-02,5.902038739118843635e-02
1.293042103854651070e-02,5.900841258004697193e-02,5.898272363014196024e-02
1.292653235937332723e-02,5.888897132236681209e-02,5.886343807346421098e-02
1.292700312814329573e-02,5.886358054606397050e-02,5.883808031471055716e-02
1.292674342217868533e-02,5.893333164729903928e-02,5.890774064492412115e-02
1.292406181873965998e-02,5.892863634943772133e-02,5.890305146407488757e-02
1.292374530363450680e-02,5.906016395339452191e-02,5.903440734542468593e-02
1.292075430211452741e-02,5.904965459173910913e-02,5.902391173297551197e-02
1.291985199052924152e-02,5.900559175788995525e-02,5.897990649242231681e-02
1.291723743772774796e-02,5.878768364277930925e-02,5.876228193614656259e-02
1.291463835071977873e-02,5.876581064349988004e-02,5.874043728386223184e-02
1.291310178211648590e-02,5.870419631020964285e-02,5.867890268817425176e-02
1.291065638613969439e-02,5.868167967562691600e-02,5.865641515154146335e-02
1.290966322635681701e-02,5.873425575653144076e-02,5.870892325425935976e-02
1.290319219544254839e-02,5.872662355152717673e-02,5.870130092485967982e-02
1.290262041161529746e-02,5.868015347055167974e-02,5.865489091794703208e-02
1.289821406277111976e-02,5.856451850878667542e-02,5.853940503033484150e-02
1.289634229068488402e-02,5.853726150117798122e-02,5.851218307624295872e-02
1.289137556723318062e-02,5.852219490043112510e-02,5.849713583768977737e-02
1.289098676923860695e-02,5.842376935889025819e-02,5.839883653830907351e-02
1.288829328265505766e-02,5.828389936974515823e-02,5.825914521805081181e-02
1.288694600618955563e-02,5.837552422148371140e-02,5.835065312569204243e-02
1.288312595193583446e-02,5.842317764087213983e-02,5.839824557795897375e-02
1.287500451561741401e-02,5.836973981369249914e-02,5.834487611162558068e-02
1.286674567819201705e-02,5.832410639751062914e-02,5.829930097339926925e-02
1.285275727004886459e-02,5.824294570694115575e-02,5.821824370708659352e-02
1.283498371196957130e-02,5.819972883248455270e-02,5.817508178702678751e-02
1.281819128133914083e-02,5.808980419324145938e-02,5.806529655996416073e-02
1.279708221100375916e-02,5.799355212845640206e-02,5.796916613444570016e-02
1.279540862502067007e-02,5.765492594208288663e-02,5.763096468911337728e-02
1.278846450917510078e-02,5.771527107712434712e-02,5.769123449701819145e-02
1.278472761683242635e-02,5.754857161080696726e-02,5.752474273347894101e-02
1.278046112750754609e-02,5.755040376767376481e-02,5.752657261406064759e-02
1.277561595715216367e-02,5.749331250826827944e-02,5.746955221715435019e-02
1.277940672112215167e-02,5.751256805270574951e-02,5.748878387705190496e-02
1.277548223567740761e-02,5.752803514990407346e-02,5.750423177731235624e-02
1.277523483267702792e-02,5.747038243535647351e-02,5.744665056579072171e-02
1.277639654488952649e-02,5.742107653780278986e-02,5.739740570549646537e-02
1.277434927329061838e-02,5.751101094150396636e-02,5.748722869788649298e-02
1.277021277028698651e-02,5.743789107133349253e-02,5.741419943558812716e-02
1.276582404904750244e-02,5.744130652879902293e-02,5.741761066585712031e-02
1.276330138840342868e-02,5.762412604391931037e-02,5.760020317684909352e-02
1.276502431533834206e-02,5.767246060346642444e-02,5.764847747872042794e-02
1.276545881360851079e-02,5.764311256867158534e-02,5.761916604355830224e-02
1.275871076898050724e-02,5.758976885051478312e-02,5.756588875439807435e-02
1.275161792301640271e-02,5.767533431714038511e-02,5.765134760661781016e-02
1.275085801125838865e-02,5.756219006153635853e-02,5.753834426107783118e-02
1.274378009777973192e-02,5.756679665440836424e-02,5.754294512769860676e-02
1.274012572732175809e-02,5.767453177609069281e-02,5.765054606700314999e-02
1.273516701230746617e-02,5.767657460620574661e-02,5.765258634795199927e-02
1.273107064278434369e-02,5.766758423337085132e-02,5.764360719248023263e-02
1.273018611171196357e-02,5.765112775381032312e-02,5.762717123674448300e-02
1.273029390339415826e-02,5.767393972386643253e-02,5.764995475354009469e-02
1.272900059206311975e-02,5.758725795521740798e-02,5.756338098288543009e-02
1.272705435652095318e-02,5.747098803659819038e-02,5.744725541669008090e-02
1.272938627965304603e-02,5.745511787888845506e-02,5.743140491698176670e-02
1.272639275724936347e-02,5.753140530790806784e-02,5.750759775108008759e-02
1.272457437430524890e-02,5.761643183508592669e-02,5.759251855089764227e-02
1.272306061171095057e-02,5.770142968588887200e-02,5.767741039754142179e-02
1.272217524120808178e-02,5.778383552020322639e-02,5.775971316159834307e-02
1.272003095655018304e-02,5.780273339210716121e-02,5.777858735522471006e-02
1.272090680129019449e-02,5.786548723349856094e-02,5.784126245739476535e-02
1.272063166703578732e-02,5.783413702468253453e-02,5.780995160604053551e-02
1.271408175290958051e-02,5.779731172986050242e-02,5.777317248768717994e-02
1.271133912462957261e-02,5.771261326987446594e-02,5.768858001075639202e-02
1.270933066882109705e-02,5.780114160050978112e-02,5.777699755867395787e-02
1.270693355609417430e-02,5.783853929726390231e-02,5.781434835452437665e-02
1.270233258491497083e-02,5.770201241733816100e-02,5.767799240116008169e-02
1.269904399348306678e-02,5.767712290701242778e-02,5.765313396452931977e-02
1.269218149161084261e-02,5.767936616361492991e-02,5.765537442159627407e-02
1.268489991039262882e-02,5.758273246789090416e-02,5.755886112500451651e-02
1.267354971716662393e-02,5.746276636641077518e-02,5.743904393184902368e-02
1.266465185528876936e-02,5.737958226206746337e-02,5.735596271558418557e-02
1.265326156104176064e-02,5.745919308359903610e-02,5.743547507485988884e-02
1.264621282420938519e-02,5.729350469226573289e-02,5.726999129899511959e-02
1.264267028943050902e-02,5.716281251094505744e-02,5.713945968191887909e-02
1.263501433542414329e-02,5.727183438980811003e-02,5.724834767072862346e-02
1.262973406295637632e-02,5.742608272215601883e-02,5.740240569731720061e-02
1.262218809748264642e-02,5.725883765936146119e-02,5.723536692840651419e-02
1.261657645651935097e-02,5.725009716490972456e-02,5.722663718212284839e-02
1.260977529646344769e-02,5.733814535450585531e-02,5.731457694894956378e-02
1.260523029379874253e-02,5.735287739459726114e-02,5.732929081540920346e-02
1.260708107919708033e-02,5.741769606244949420e-02,5.739402941109048722e-02
1.260603903023264742e-02,5.733969900377501594e-02,5.731612868205794575e-02
1.260775666651862970e-02,5.750659397771559767e-02,5.748281721400770594e-02
1.260324807914358150e-02,5.732010164974094685e-02,5.729655549041282048e-02
1.260207558302382964e-02,5.716404060916937396e-02,5.714068627474907375e-02
1.260348748731135622e-02,5.707278706652164219e-02,5.704954441354705835e-02
1.260127113729988396e-02,5.719234622203588775e-02,5.716895717297567486e-02
1.259757531360485017e-02,5.705406196732011603e-02,5.703084218710030573e-02
1.259603341200601044e-02,5.698198734807752991e-02,5.695885546710408726e-02
1.259441387281471855e-02,5.694705112367961369e-02,5.692396176953190556e-02
1.258908157458305324e-02,5.692537192236287596e-02,5.690230893142933510e-02
1.258559384398980421e-02,5.695987370655239412e-02,5.693676874991774467e-02
1.257848380093697441e-02,5.696069159116212005e-02,5.693758563908689341e-02
1.257346785122392258e-02,5.694689527160196746e-02,5.692380610704991101e-02
1.256841148662404123e-02,5.689554458303606316e-02,5.687251783113288217e-02
1.256326884393201698e-02,5.686416784865248875e-02,5.684117917722943808e-02
1.255965398523027979e-02,5.695499161881203282e-02,5.693189260351996794e-02
1.255766250469171098e-02,5.694235626255905736e-02,5.691927261935304100e-02
1.255629362002734506e-02,5.684411871878123496e-02,5.682115435805100423e-02
1.255329793260711799e-02,5.682669024096374810e-02,5.680374699931128868e-02
1.255205044811913244e-02,5.672344909959174675e-02,5.670063069553780977e-02
1.255450405771805014e-02,5.673550121402456264e-02,5.671266826014854240e-02
1.255298426816998242e-02,5.666894905876078414e-02,5.664619637227199384e-02
1.255235572552946752e-02,5.674520469620696755e-02,5.672236002337871508e-02
1.255245241933170344e-02,5.674008515418930976e-02,5.671724666475998211e-02
1.254626245164888396e-02,5.665905132604193845e-02,5.663631056094346750e-02
1.254390472579100524e-02,5.665041573941736325e-02,5.662768537209988268e-02
1.254265801495449070e-02,5.661466509553490789e-02,5.659197774049019164e-02
1.254071574953832639e-02,5.650904155766801884e-02,5.648648096318579365e-02
1.253594741411117111e-02,5.658958112321604145e-02,5.656692391474984344e-02
1.253233906720405307e-02,5.670518537578757984e-02,5.668238900868177027e-02
1.253035888596003983e-02,5.664002748883212313e-02,5.661730962541607071e-02
1.252745332229723320e-02,5.676994141687308204e-02,5.674706685122671984e-02
1.252024417914613524e-02,5.677689280717894416e-02,5.675400983651017472e-02
1.251452735092285079e-02,5.677407967504236042e-02,5.675120010601902160e-02
1.250979416487525871e-02,5.677546929611166499e-02,5.675258804680194391e-02
1.250554186540168630e-02,5.683092893688739683e-02,5.680798056015817776e-02
1.250096053244472219e-02,5.686000505197662258e-02,5.683702142958488301e-02
1.249729078318068468e-02,5.690731397596385244e-02,5.688427292925837125e-02
1.249611276177074910e-02,5.680214012436582416e-02,5.677922660949998035e-02
1.249174190345688981e-02,5.673042364829055523e-02,5.670759682501453486e-02
1.248814849277793231e-02,5.680362971018553669e-02,5.678071439237016710e-02
1.248642982177648048e-02,5.675790076431273812e-02,5.673504075231639715e-02
1.248357166083770287e-02,5.677440022094201039e-02,5.675152026433511604e-02
1.247997227162517091e-02,5.682809706524265952e-02,5.680515211933691300e-02
1.247660589306379998e-02,5.672191474111240583e-02,5.669909818895157994e-02
1.247668708435945538e-02,5.673355344356894453e-02,5.671072284154275722e-02
1.247517079387700824e-02,5.663965152597134900e-02,5.661693411500169637e-02
1.247462148333752449e-02,5.662423852373458383e-02,5.660153965604205334e-02
1.247561108480590986e-02,5.667979889821834344e-02,5.665703313878793501e-02
1.247642526910621580e-02,5.663019463789713270e-02,5.660748860564478874e-02
1.246914985059332896e-02,5.662140363925505238e-02,5.659870818109723895e-02
1.246344595354811208e-02,5.658111134368053879e-02,5.655846430838987193e-02
1.245931921042961465e-02,5.643497372101584364e-02,5.641250173429677994e-02
1.245309588665404268e-02,5.634589310931600870e-02,5.632352738247605600e-02
1.244721627062048835e-02,5.629374584455566766e-02,5.627144216587278563e-02
1.244257776288558437e-02,5.624587203867662671e-02,5.622362522216460545e-02
1.243646631911998063e-02,5.619926002227092210e-02,5.617706847628577138e-02
1.243077714365946503e-02,5.619700940989037774e-02,5.617482053025828898e-02
1.242718935374081089e-02,5.612595632317300687e-02,5.610385151220432381e-02
1.242484948490673799e-02,5.602261031244377965e-02,5.600062739900155129e-02
1.242280112022195460e-02,5.594154909055384928e-02,5.591966147523888542e-02
1.242398624758652217e-02,5.585619112321452140e-02,5.583440355922904968e-02
1.242173908258215574e-02,5.590345505358064460e-02,5.588161212750616946e-02
1.241752824688620825e-02,5.597669963708509083e-02,5.595477073158149073e-02
1.241562574749388408e-02,5.586263249487111171e-02,5.584083739138098745e-02
1.241371103119235687e-02,5.578473259874248968e-02,5.576302855914072598e-02
1.240705970239447051e-02,5.575676379295597951e-02,5.573509238648981234e-02
1.240315735961253045e-02,5.573317247963605753e-02,5.571152857334406988e-02
1.239990692006806561e-02,5.570217427886393902e-02,5.568056647149072225e-02
1.239660852106452306e-02,5.574825692949107736e-02,5.572659544208399818e-02
1.239441327681327712e-02,5.574959292298058838e-02,5.572792987800031378e-02
1.239005078553462660e-02,5.581495401692792430e-02,5.579321467908830712e-02
1.238567855360442858e-02,5.592782496907323930e-02,5.590595346095852264e-02
1.238178734180265042e-02,5.603091355738500090e-02,5.600892086678985887e-02
1.237507566559565945e-02,5.598411848639221061e-02,5.596218085957531396e-02
1.236247624502903250e-02,5.596339123685616090e-02,5.594147797039920184e-02
1.233625454364334177e-02,5.570528818502502866e-02,5.568367675317627274e-02
1.229174356564489978e-02,5.539003402194386805e-02,5.536878748219303814e-02
1.225386779664809633e-02,5.520097567050862020e-02,5.517994597384599104e-02
1.223284278197394465e-02,5.531622763119769387e-02,5.529506592122520464e-02
1.221453597806453420e-02,5.486215458658930122e-02,5.484150980405849002e-02
1.219751344232802154e-02,5.470636035236649264e-02,5.468589097012768047e-02
1.219041051022803565e-02,5.428631784044642833e-02,5.426631640420091773e-02
1.216400456327677848e-02,5.412736139320743767e-02,5.410753516372272115e-02
1.213573090061373719e-02,5.359081254973992875e-02,5.357157015963178587e-02
1.211475616259360955e-02,5.340302995786086471e-02,5.338398916013981782e-02
1.210635024917436180e-02,5.265024559109551111e-02,5.263199880085450699e-02
1.210076307835259921e-02,5.240442200029866993e-02,5.238642963002926312e-02
1.209412316607009347e-02,5.255141146497623733e-02,5.253326725143031561e-02
1.209314253884555268e-02,5.252126185650263929e-02,5.250314885753876171e-02
1.209578184615230437e-02,5.256156330848162084e-02,5.254340857643810536e-02
1.209379764273028901e-02,5.254000118958581517e-02,5.252186879358124866e-02
1.209147185295230895e-02,5.242684773957694000e-02,5.240883225803004419e-02
1.208865895203563995e-02,5.247887453674777297e-02,5.246080536175443815e-02
1.208127115624888989e-02,5.254942547655970519e-02,5.253128332025117780e-02
1.207555574828379774e-02,5.260323404963071492e-02,5.258503609920854582e-02
1.207394235649339800e-02,5.261409674481520166e-02,5.259588751700897818e-02
1.207295689561772335e-02,5.255438363573852051e-02,5.253623634310172763e-02
1.206804058421000365e-02,5.254894569143227223e-02,5.253080403211059235e-02
1.206745012823655025e-02,5.257487137293073015e-02,5.255670284602308173e-02
1.206235770748607591e-02,5.256937670748704217e-02,5.255121387707849256e-02
1.205685385769327336e-02,5.264839261800990239e-02,5.263014775446460403e-02
1.205412941980353245e-02,5.269041413655100453e-02,5.267212554643895678e-02
1.205139904608181628e-02,5.268963190707328520e-02,5.267134413156547568e-02
1.204719241105466077e-02,5.273500599259207944e-02,5.271667092492192397e-02
1.205061372276947790e-02,5.272909141345758638e-02,5.271076251501363025e-02
1.204603588135891648e-02,5.272471035714810378e-02,5.270638602748235063e-02
1.204156500682603166e-02,5.280617246094840983e-02,5.278776305428534849e-02
1.203662906030461902e-02,5.287913189105148543e-02,5.286064606416542716e-02
1.203181265737128872e-02,5.292920024966105835e-02,5.291066185723627968e-02
1.202748426891735514e-02,5.283970496421738078e-02,5.282126046066162178e-02
1.202325978333812322e-02,5.284127256853368704e-02,5.282282642315735965e-02
1.201945654259930010e-02,5.287042829069708155e-02,5.285195159135452209e-02
1.201597656483864747e-02,5.293019504439785972e-02,5.291165560655945732e-02
1.201329607462319794e-02,5.289336904979030640e-02,5.287486828578941145e-02
1.200841650494125987e-02,5.293580968383028440e-02,5.291726434489070485e-02
1.200776049125102177e-02,5.299313870036156948e-02,5.297453303576230010e-02
1.200488583872768092e-02,5.295133723041133000e-02,5.293277556518091037e-02
1.200130383051886684e-02,5.293798453507462393e-02,5.291943690998657940e-02
1.199972897484237640e-02,5.298869902782135655e-02,5.297009803962512975e-02
1.199849790104456047e-02,5.305286196653703767e-02,5.303419331786626140e-02
1.199186697997325045e-02,5.301376248875331459e-02,5.299513509038234621e-02
1.198591256784362416e-02,5.303123550497847172e-02,5.301258967993389276e-02
1.198284756374209253e-02,5.303048782887084811e-02,5.301184279256235948e-02
1.198001119281961319e-02,5.297318221171597175e-02,5.295459756157729070e-02
1.197692757650241357e-02,5.282148714037581544e-02,5.280306171009501587e-02
1.197097984756808134e-02,5.289812973255450523e-02,5.287962397201435155e-02
1.196768891351087521e-02,5.285981053661896467e-02,5.284134496812980392e-02
1.196348319954613874e-02,5.285676871602204563e-02,5.283830633552971667e-02
1.195919868346502143e-02,5.278929048175878130e-02,5.277089872781309809e-02
1.195331571797713516e-02,5.272275431220511260e-02,5.270443202214818157e-02
1.194812753913776851e-02,5.267314336808778807e-02,5.265487275796146976e-02
1.194150522186428025e-02,5.268271170965328765e-02,5.266443113972237716e-02
1.193186959324993475e-02,5.282228155741083842e-02,5.280385529567984543e-02
1.192324103805334802e-02,5.280584502696760579e-02,5.278743596279581590e-02
1.191189784707176805e-02,5.280263491812409865e-02,5.278422921144060309e-02
1.190494704896193252e-02,5.278981332943260413e-02,5.277142102892853209e-02
1.189852795594919556e-02,5.284228860828917018e-02,5.282384139870910378e-02
1.189377090302925002e-02,5.277922114521114288e-02,5.276083991492883790e-02
1.188426729644087229e-02,5.275047998920612963e-02,5.273212877478651583e-02
1.187545313975026801e-02,5.255447400966957450e-02,5.253632662340007586e-02
1.186653677266485268e-02,5.260799484931481113e-02,5.258979195691715347e-02
1.186315914810604291e-02,5.250125701282645774e-02,5.248316470555833280e-02
1.186345678061586847e-02,5.248692392811424995e-02,5.246884643634865120e-02
1.186115100614750298e-02,5.254751710107574691e-02,5.252937692147375409e-02
1.185695712114989697e-02,5.267259220109817008e-02,5.265432216457442000e-02
1.185344721849282239e-02,5.270180503962239305e-02,5.268350458438660761e-02
1.185066290579675670e-02,5.270858563427805593e-02,5.269027811372833242e-02
1.184479068086154163e-02,5.265115633944175005e-02,5.263290860218182432e-02
1.184210010894113339e-02,5.264583029954069543e-02,5.262758810002063359e-02
1.183817136477842771e-02,5.269151705632618699e-02,5.267322731760030324e-02
1.183805873771079896e-02,5.286056393215708693e-02,5.284209757401331364e-02
1.183301849231141109e-02,5.280895020928804556e-02,5.279053789698261168e-02
1.182932685557806611e-02,5.286501965982950274e-02,5.284654863105262695e-02
1.182488528623973703e-02,5.283002831966612106e-02,5.281159394877800450e-02
1.182001798209398463e-02,5.284012365542459233e-02,5.282167871336668902e-02
1.181679385326044399e-02,5.281564698532668911e-02,5.279722766664075168e-02
1.181586373713371975e-02,5.281826113759728603e-02,5.279983908342704424e-02
1.181457175799536553e-02,5.280969510968788055e-02,5.279128201814047017e-02
1.181237394060940561e-02,5.282235933574461195e-02,5.280393299261491175e-02
1.180808962970130924e-02,5.287617540463024346e-02,5.285769267857334114e-02
1.180584761752363765e-02,5.294078932581431501e-02,5.292223875211363171e-02
1.180226734337143368e-02,5.278181210965424142e-02,5.276342817188189177e-02
1.179885948146960559e-02,5.275039282114308420e-02,5.273204169770075861e-02
1.179525786321940044e-02,5.277177333557512423e-02,5.275339988656132378e-02
1.179514084813165081e-02,5.274648977551187057e-02,5.272814272569717464e-02
1.179224299195882897e-02,5.267073316576893066e-02,5.265246506387754460e-02
1.178976454168687710e-02,5.278294878193956485e-02,5.276456365629361711e-02
1.178995347977056588e-02,5.274433341275034520e-02,5.272598861327992825e-02
1.178932756596894407e-02,5.274647257712116594e-02,5.272812554524908268e-02
1.179147655222129165e-02,5.286543733243882076e-02,5.284696586580066996e-02
1.179116402584802319e-02,5.274593979296446355e-02,5.272759331711739800e-02
1.178267518757351862e-02,5.266921245853786737e-02,5.265094593910112086e-02
1.177964216408422353e-02,5.264538487384644999e-02,5.262714313740668448e-02
1.177304162803056824e-02,5.251003136303891705e-02,5.249192998210118477e-02
1.176736987194509573e-02,5.241645856740411585e-02,5.239845379508061701e-02
1.176280108667274171e-02,5.232679787608215255e-02,5.230888535022284319e-02
1.175844344711375958e-02,5.226187556375761628e-02,5.224402963546420642e-02
1.175658066423567079e-02,5.218267027457256652e-02,5.216490537155488855e-02
1.175509716585687592e-02,5.217014581565457276e-02,5.215239370237982619e-02
1.175389844254340517e-02,5.207285778574244350e-02,5.205520481215700906e-02
1.174983791431550781e-02,5.206539578955379777e-02,5.204775040470931841e-02
1.174664722939170770e-02,5.194513455598732260e-02,5.192761117516131453e-02
1.174330410787765774e-02,5.194654930578607860e-02,5.192902449298626710e-02
1.174234743955892071e-02,5.204194549293846700e-02,5.202432394253031500e-02
1.173961783062952777e-02,5.201751470157588847e-02,5.199991795932418226e-02
1.173538389245439018e-02,5.188435110113381182e-02,5.186688917005494170e-02
1.173220012632348111e-02,5.181120931338879104e-02,5.179382113517200931e-02
1.172665690536347019e-02,5.174543245281763848e-02,5.172811042335549031e-02
1.172318762475713788e-02,5.166709684188550145e-02,5.164985337178173985e-02
1.172265502498918283e-02,5.162858672814171768e-02,5.161138179089490990e-02
1.171868515488177706e-02,5.158472950537899837e-02,5.156756838127387471e-02
1.171775867644647001e-02,5.143173189967885361e-02,5.141472303687805862e-02
1.171393398399924769e-02,5.147000928846168222e-02,5.145296241732964099e-02
1.170790115633106587e-02,5.150229086823872315e-02,5.148521189844901258e-02
1.170360350029478295e-02,5.147335142962893711e-02,5.145630123716386783e-02
1.169980764724293243e-02,5.145237746194118722e-02,5.143534810572317206e-02
1.169461909303517316e-02,5.140682044717222871e-02,5.138983629034535316e-02
1.168904399281688045e-02,5.145018984516472327e-02,5.143316266122942987e-02
1.168495222078709539e-02,5.143604522025789494e-02,5.141903207727720193e-02
1.168172026669484463e-02,5.135806437964636484e-02,5.134112850745335688e-02
1.167902333029844503e-02,5.143233360017766820e-02,5.141532414034662851e-02
1.167532292773122704e-02,5.154416377608472127e-02,5.152704311065445936e-02
1.167027061515793843e-02,5.151830418832488434e-02,5.150120928101128287e-02
1.166649176890937820e-02,5.151986958500749669e-02,5.150277311917564327e-02
1.166268671152867822e-02,5.140768753333090080e-02,5.139070251697058084e-02
1.165783352032657462e-02,5.136708987427156259e-02,5.135014507076288842e-02
1.165289169026570079e-02,5.136672927715824760e-02,5.134978483054326859e-02
1.164738526047070372e-02,5.132133444244704745e-02,5.130443488452619133e-02
1.164241631797110869e-02,5.124817576368911887e-02,5.123134838176756495e-02
1.163813591542886550e-02,5.119381162117876694e-02,5.117703773984824678e-02
1.163479637117771290e-02,5.127823891185524785e-02,5.126138189553100522e-02
1.163084085418496401e-02,5.124643681936242451e-02,5.122961115051531678e-02
1.162852635163271614e-02,5.121331210894158187e-02,5.119651904994317743e-02
1.162459801141883624e-02,5.124320052911326973e-02,5.122637804812112117e-02
1.162360216494147044e-02,5.130046766811709874e-02,5.128358871767882410e-02
1.162278266292629363e-02,5.121800554191848626e-02,5.120120786500358123e-02
1.161758439168665384e-02,5.119353180715290746e-02,5.117675820089496314e-02
1.161394923940821389e-02,5.119974088353534958e-02,5.118296117264350964e-02
1.161272424297442492e-02,5.116471053329949004e-02,5.114796524412911632e-02
1.160690495278401436e-02,5.119592467473464692e-02,5.117914871603700816e-02
1.160048812046225730e-02,5.114326487825397727e-02,5.112654063889293665e-02
1.159045498668904821e-02,5.097709438340642524e-02,5.096053264960004325e-02
1.158297278588778234e-02,5.086443806730446549e-02,5.084798590413901892e-02
1.157093708261139331e-02,5.077984120592722583e-02,5.076347100397534534e-02
1.154777800887525109e-02,5.091827781505281481e-02,5.090177334731706138e-02
1.150577616418004684e-02,5.069963312541655998e-02,5.068334038077510623e-02
1.144588365887116987e-02,5.160999070814156764e-02,5.159280435731967984e-02
1.141629996011642861e-02,5.049521647722522710e-02,5.047912003280673188e-02
1.136635571749517425e-02,4.941741103706016880e-02,4.940232357183935163e-02
1.133806214346059701e-02,4.874564921442842147e-02,4.873116876302939493e-02
1.131511180215248602e-02,4.766815460112896335e-02,4.765461341460168476e-02
1.134856777927290006e-02,4.735147351849110231e-02,4.733820044861990900e-02
1.131133020938579481e-02,4.770880350509932449e-02,4.769522764408048315e-02
1.132220672604149041e-02,4.739737829708766392e-02,4.738406658352393996e-02
1.131366330579636897e-02,4.763660194679828624e-02,4.762308763468884459e-02
1.131217927694822337e-02,4.789750199061248992e-02,4.788376438986777228e-02
1.131076648265109605e-02,4.771207580360548040e-02,4.769849714867542556e-02
1.131031328681803352e-02,4.781338883312997307e-02,4.779972348634830420e-02
1.130525496157597058e-02,4.783556354153636891e-02,4.782187917112611791e-02
1.130455361974741155e-02,4.787086112802860227e-02,4.785714643951323455e-02
1.130300822465336863e-02,4.785452380252764454e-02,4.784082315217857290e-02
1.130107106538162133e-02,4.785969503088841753e-02,4.784598993809672379e-02
1.129821542721247060e-02,4.782339619955504328e-02,4.780972226965874566e-02
1.129491371708263650e-02,4.789995262575793417e-02,4.788621291608069486e-02
1.128636591247078949e-02,4.792670535653392044e-02,4.791294261037973290e-02
1.128310554344662264e-02,4.797411556720671683e-02,4.796031193342405879e-02
1.127948256549116124e-02,4.801750081281139226e-02,4.800365969173858716e-02
1.127964649425577601e-02,4.796010928463360218e-02,4.794631773860733720e-02
1.127962628812825482e-02,4.802142063451482479e-02,4.800757612314521944e-02
1.128016504594839611e-02,4.813442237990007283e-02,4.812047989413949234e-02
1.128075481686838417e-02,4.802983291412088462e-02,4.801598112503890209e-02
1.127521377529461764e-02,4.807086410224559181e-02,4.805697677924496841e-02
1.126998385828050647e-02,4.812015792411180465e-02,4.810622783128200297e-02
1.126770498379971522e-02,4.815131392989679959e-02,4.813735675929111529e-02
1.126822933094463394e-02,4.823440878858732683e-02,4.822037922839016860e-02
1.126614223371050910e-02,4.808278152338518741e-02,4.806888386826754095e-02
1.126055765044085832e-02,4.813862011671690699e-02,4.812467398256952550e-02
1.125744532553102015e-02,4.808941407262200957e-02,4.807551066502493975e-02
1.125466643387993890e-02,4.809715673788625412e-02,4.808324661296849156e-02
1.125371476125882481e-02,4.815560142571737728e-02,4.814164052607917271e-02
1.125222348279644041e-02,4.815072538257243046e-02,4.813676872379019089e-02
1.125104245958864942e-02,4.816296590026863944e-02,4.814899859388228898e-02
1.124857584586671545e-02,4.821316173290068896e-02,4.819915070622574071e-02
1.124695488851145189e-02,4.823656719734192855e-02,4.822253575348652704e-02
1.124798907461765571e-02,4.839633305847936690e-02,4.838216171667471949e-02
1.124928660412112882e-02,4.827994127484811632e-02,4.826587194225095967e-02
1.124388611727037551e-02,4.823723087307020541e-02,4.822319884998168410e-02
1.124367320369526642e-02,4.822131784937795651e-02,4.820729971016667059e-02
1.124112322221138341e-02,4.819878148784702970e-02,4.818478299559206257e-02
1.123917422028665805e-02,4.816189217053408467e-02,4.814792579836166264e-02
1.123829971037648354e-02,4.816896108438408625e-02,4.815498856100702135e-02
1.123936471227374514e-02,4.826804984647239949e-02,4.825399090821961418e-02
1.123746238032274393e-02,4.818474179187133555e-02,4.817075552999072752e-02
1.123625258864624325e-02,4.818499719666648196e-02,4.817101071235631998e-02
1.123729663921234009e-02,4.804622643435847718e-02,4.803236045540334315e-02
1.123562720644336738e-02,4.817047707934330597e-02,4.815650323655317616e-02
1.122867865543919139e-02,4.810656600467335536e-02,4.809264771364518687e-02
1.122494621095281725e-02,4.817589179998831017e-02,4.816191324392552625e-02
1.122040420121024618e-02,4.809528601356483773e-02,4.808137751184281272e-02
1.121462786991215925e-02,4.810848627302609370e-02,4.809456631503780666e-02
1.121102751164549868e-02,4.807924490314630789e-02,4.806535031473076203e-02
1.120811029666594211e-02,4.806961917461242961e-02,4.805573293064518275e-02
1.120643657998197928e-02,4.807923240953729249e-02,4.806533783194848891e-02
1.120435810020239085e-02,4.809107279946209235e-02,4.807716795297931750e-02
1.120342597395519897e-02,4.820134807625449380e-02,4.818734734740843378e-02
1.119985105838364886e-02,4.825842357077329836e-02,4.824437304314537628e-02
1.119776683166600478e-02,4.821796434222991312e-02,4.820394912773733054e-02
1.119341425648971711e-02,4.812302671382745478e-02,4.810909412918684680e-02
1.119095866648213596e-02,4.814605280328105447e-02,4.813210020758844354e-02
1.118932205139647369e-02,4.809353957769165605e-02,4.807963259118960830e-02
1.118664249440483663e-02,4.808352702217961322e-02,4.806962872056250863e-02
1.118482417559484715e-02,4.805255275134200088e-02,4.803868129386989344e-02
1.118514380312040334e-02,4.791777711484282443e-02,4.790402205955573284e-02
1.118462238218174976e-02,4.802001068924199867e-02,4.800616739741429828e-02
1.118482111143090027e-02,4.799602589819090825e-02,4.798220334112540675e-02
1.118639392613013026e-02,4.803986809899282034e-02,4.802600762481679109e-02
1.118542686883762169e-02,4.793705006730081264e-02,4.792327840653091281e-02
1.118565751655625079e-02,4.805119062213043107e-02,4.803732034437694504e-02
1.118203966627607376e-02,4.810520295786607087e-02,4.809128584999586981e-02
1.117554404615101436e-02,4.811946861993825209e-02,4.810553912579187963e-02
1.117088859034932186e-02,4.813053303595739990e-02,4.811659392997428425e-02
1.116682297730825675e-02,4.815013685540336930e-02,4.813618070842417412e-02
1.116261384098537340e-02,4.822863810212403568e-02,4.821461357724011326e-02
1.116193989030644582e-02,4.823741679333032328e-02,4.822338460797142429e-02
1.116116087836037732e-02,4.829856707966294349e-02,4.828448145587671547e-02
