cost,L2,trace
1.323565981525096191e+01,7.900320888291814114e-01,9.998357926582949196e-01
1.220147157344677069e+01,8.310399740321833262e-01,9.999124888617818563e-01
1.543080536401980041e+01,8.059850024440865512e-01,9.997273277138331027e-01
1.256299953516675671e+01,7.295597474552262263e-01,9.999849154747465496e-01
1.343907618111371072e+01,8.268513127183019229e-01,9.998185000764234776e-01
1.361626787958929441e+01,8.562888395965181365e-01,9.999408227755199885e-01
1.242048960166813565e+01,8.304522216098038090e-01,9.997726781913043315e-01
1.246282036538061888e+01,7.890240056001688318e-01,9.999754615613666298e-01
1.115828256460164702e+01,8.242156638172567495e-01,9.999277648717497247e-01
1.004237534166507650e+01,8.965540508607885428e-01,9.997403447605133220e-01
1.232862534128209830e+01,8.701500699389254079e-01,9.998488046517545191e-01
1.093862354210653542e+01,7.919226870732685164e-01,9.980480861821253713e-01
9.462525503801550997e+00,9.413804814205962712e-01,9.954505622322297187e-01
1.326186056809587122e+01,8.868371395926565315e-01,9.957448128274037913e-01
6.976756881105576902e+00,8.062158496676294916e-01,9.970212735475644239e-01
9.115757575079307173e+00,8.453932912606610950e-01,9.958256353422009211e-01
7.458409582456544840e+00,8.000322232124070787e-01,9.944883195137734777e-01
7.285007180056758180e+00,7.769343913884348973e-01,9.835106510268386559e-01
6.944502760478972192e+00,7.743549425113289697e-01,9.942511428547377017e-01
6.449436820643308366e+00,7.495996544032335063e-01,9.933338854596395207e-01
8.004342077362668562e+00,7.101235041288569416e-01,9.937746764061898830e-01
7.375425599320871939e+00,7.692044862078791789e-01,9.969774824932949864e-01
8.481606345636581779e+00,7.643489171777915203e-01,9.917218046091346162e-01
6.028109758651262418e+00,7.838691095839223077e-01,9.238327172075574412e-01
5.804907379420750857e+00,7.505327579671595695e-01,9.090816902858024351e-01
1.006408897236534372e+01,8.153635544536184110e-01,9.354051178482075679e-01
8.060611127495223016e+00,7.887922747569028337e-01,9.276082937248245619e-01
6.516825235975341357e+00,7.429023096199994791e-01,9.400992709675342063e-01
5.829366388160336143e+00,7.259073471698094249e-01,9.196942124611278135e-01
6.679254256004257151e+00,8.100945314532315145e-01,9.035702006772557970e-01
5.825689355659123159e+00,6.812292588285518979e-01,9.113348112258372602e-01
7.280123182549410821e+00,7.004173740593672148e-01,9.002961115716400231e-01
6.257057987030196777e+00,7.279530464657145705e-01,9.095701789903922752e-01
7.068522029717842159e+00,7.251063960446552104e-01,9.011863375467855652e-01
6.275527941930383768e+00,7.554653829880999538e-01,9.126023607915411118e-01
8.396295948874602288e+00,7.589754206895719113e-01,9.525591855324324619e-01
5.752361999289858474e+00,7.369919894788338199e-01,9.105307387852012990e-01
8.193462582831443797e+00,7.637551395436642521e-01,9.343093164100937376e-01
5.798534865608504063e+00,7.188498434922714342e-01,8.993577484356463092e-01
6.558770418092649379e+00,6.995969025287051002e-01,9.202724914602056216e-01
6.094543787911332444e+00,7.296307879425764087e-01,9.486460713013235013e-01
7.236296233409243328e+00,7.841830138630692115e-01,9.071120942927214381e-01
6.971668041406166694e+00,7.927207772391677842e-01,9.221086781865741600e-01
6.312423321068852289e+00,7.391341395985644436e-01,9.218644676573586327e-01
5.827172402971593002e+00,8.035243631034444389e-01,9.361486088916298742e-01
8.307142238398000700e+00,7.427555862246442153e-01,9.452732892931736686e-01
5.974997998900534846e+00,7.984182754681344862e-01,9.408447339396941445e-01
8.844470406474819413e+00,7.687491574879751211e-01,9.233938729593249573e-01
5.706020991063581960e+00,7.007408747003055494e-01,9.063400425364050994e-01
6.051636149919061403e+00,7.150592442734495791e-01,9.182741994954323195e-01
5.684906432288299172e+00,6.859391854392916654e-01,9.008061797255213499e-01
5.900066775619973392e+00,7.028843308260313005e-01,9.083475653190665744e-01
5.763517549816345564e+00,6.809272706929863084e-01,8.989095173410737161e-01
5.597136663879789253e+00,6.878771044497140608e-01,9.044872039849047862e-01
5.657376724854263017e+00,6.885066585459950206e-01,9.045894397061970960e-01
5.653560479299695629e+00,6.928060049736567416e-01,9.068591731534385580e-01
5.492812952059261455e+00,6.730493760318175811e-01,9.011266806544535601e-01
5.508479349809141112e+00,6.787035482170068468e-01,9.012404301998465650e-01
5.608607346289105955e+00,6.783088220856973161e-01,9.031320120430135212e-01
5.379324429920833595e+00,6.642384694342858831e-01,8.954483766329571770e-01
5.247871865689998749e+00,6.592381005243738157e-01,8.883031359824719031e-01
5.239789366930818204e+00,6.665655873041056445e-01,8.923516982634360772e-01
5.202969827241203049e+00,6.604769837885099415e-01,8.898343748681465382e-01
5.278193681000851178e+00,6.657669801038165192e-01,8.869120784248264444e-01
5.310194102412313377e+00,6.597883674745969040e-01,8.897789288616942960e-01
5.050517070370301731e+00,6.399639962997502041e-01,8.796268277394931889e-01
5.064966972195493966e+00,6.480904236088391723e-01,8.837240191560298275e-01
5.058696634407088055e+00,6.406789083503117155e-01,8.802411019567001338e-01
4.943811485932650740e+00,6.379505222670571740e-01,8.805908014021448516e-01
5.008868368886647104e+00,6.338395856891148039e-01,8.805333940755639688e-01
4.933224543188645228e+00,6.426666862450348683e-01,8.800555677095400764e-01
4.966853550385438076e+00,6.278274775367840288e-01,8.715316592752059277e-01
4.937836878576821853e+00,6.404407376240323080e-01,8.790500791491949739e-01
4.843098890575763704e+00,6.241863888830789797e-01,8.678773655628421180e-01
4.792995377384515976e+00,6.290471032749319624e-01,8.725947417593257205e-01
4.779820326477311809e+00,6.397843102266663751e-01,8.774130405199392913e-01
4.783001317046075229e+00,6.519380961949253761e-01,8.775352285305944022e-01
4.881098640652306031e+00,6.410125254735659084e-01,8.791124234911473767e-01
4.651564895037937575e+00,6.317000167048858472e-01,8.712746026898658958e-01
4.606549116962979085e+00,6.127980700691434413e-01,8.620082000615147955e-01
4.543858755883341871e+00,6.064907442383208336e-01,8.523452082629234816e-01
4.549128086309362828e+00,6.150163216690801571e-01,8.545324090176964482e-01
4.602604694626031723e+00,6.051693920410919914e-01,8.537272841977842086e-01
4.482278178233272570e+00,5.926820424226391104e-01,8.427398987272384234e-01
4.491955258705870868e+00,5.803362830124596528e-01,8.339554590873851092e-01
4.538823681631544815e+00,5.957080558111644830e-01,8.473199735197167737e-01
4.368513253931443963e+00,6.016033064726856727e-01,8.439780263216579703e-01
4.439687515006994545e+00,6.036101283226321668e-01,8.459251662869140542e-01
4.363697933961810271e+00,6.003007807468145884e-01,8.438921030631071352e-01
4.304134526172946451e+00,5.981994536014271224e-01,8.397822483517618508e-01
4.161180628741954379e+00,5.816615288163283770e-01,8.358300690187565607e-01
4.175729340017781510e+00,5.804169680536053200e-01,8.334533621712708618e-01
4.194345613798391881e+00,5.805356891705722999e-01,8.343066970510617519e-01
4.083257195369639270e+00,5.824206244960057344e-01,8.353380787327711055e-01
4.042085990809046514e+00,5.876826168539495132e-01,8.408868200698020878e-01
4.046393677007398715e+00,5.845609888188394443e-01,8.360896508344292100e-01
3.975041980123531715e+00,5.867964779649288420e-01,8.366225670309408446e-01
4.003782960513888156e+00,5.765392190943373629e-01,8.335640358715274978e-01
3.966910528234996569e+00,5.842849496523807584e-01,8.342142676546639990e-01
3.908724510885664749e+00,5.798029028828640685e-01,8.272690131231074107e-01
3.866162357256328175e+00,5.872892506542430890e-01,8.222092721322329378e-01
3.843311087855777242e+00,5.812805160475090771e-01,8.202571679310481922e-01
3.766574595589278651e+00,5.754239632013186112e-01,8.139736228182213873e-01
3.745356335774242762e+00,5.730713198277330722e-01,8.086435489374667052e-01
3.807907018529125942e+00,5.643255404061595648e-01,8.047720715196964303e-01
3.748680818133763637e+00,5.696091331559846038e-01,8.069739493978289602e-01
3.774382418854760779e+00,5.831764781210341253e-01,8.117167057639811389e-01
3.790377091092590689e+00,5.760437098031176983e-01,8.131159336636845092e-01
3.528478006936642153e+00,5.769965409139861112e-01,8.038842551521212521e-01
3.441917306517937369e+00,5.733383421791663492e-01,7.990187590202320056e-01
3.510553141233198726e+00,5.793818625373731157e-01,8.027793046212972072e-01
3.425433267261319692e+00,5.740393555553228166e-01,8.019571299755006155e-01
3.269362746567392453e+00,5.609985443215614875e-01,7.892205115320500841e-01
3.198172503152756807e+00,5.681067322144832676e-01,7.849193459645892323e-01
3.121883219708609047e+00,5.694031236234935456e-01,7.844455802201798500e-01
3.109581883591559404e+00,5.684896346322388938e-01,7.893051120304068746e-01
3.055344089203465785e+00,5.598245596836916027e-01,7.815149291214955607e-01
2.999899412209181548e+00,5.581783215487559069e-01,7.667862360955928214e-01
2.926767729938566820e+00,5.484994193456552702e-01,7.544669047035329479e-01
2.969125343543006501e+00,5.557630422743113918e-01,7.544524201335307545e-01
2.906638163304726241e+00,5.535968446631710504e-01,7.566733124306411762e-01
2.902444093200286179e+00,5.580870559307026246e-01,7.592596715461811252e-01
2.834610581864462908e+00,5.545231627595739177e-01,7.582243069217496911e-01
2.826084928850669975e+00,5.658709713318716972e-01,7.585152703144552033e-01
2.748431278551062729e+00,5.728462719972965411e-01,7.538250870313162322e-01
2.819129700118107262e+00,5.747470109554579931e-01,7.593898775002133616e-01
2.741022900142717766e+00,5.705817145882804420e-01,7.508160426586744096e-01
2.754928157983946413e+00,5.798543959979108875e-01,7.517339041005174360e-01
2.832786695761793982e+00,5.752483396772681834e-01,7.558263682156864949e-01
2.559006059583162074e+00,5.554458964309122448e-01,7.287149533394946532e-01
2.502494260472845511e+00,5.483879945447409643e-01,7.200925479200992463e-01
2.432925020396452975e+00,5.494484093028743077e-01,7.139474589492159629e-01
2.409366264877853769e+00,5.512120272774844176e-01,7.066346320942867854e-01
2.484698428699072092e+00,5.490978147319589553e-01,6.986746609655275497e-01
2.401177250551344677e+00,5.537855619242036953e-01,7.063948571443300350e-01
2.309254922333994653e+00,5.604860845971987304e-01,7.000229032200410151e-01
2.224938789546014650e+00,5.446101467371028404e-01,6.864631204634288331e-01
2.201949585757165373e+00,5.453217364649295407e-01,6.783429003223956366e-01
2.272226758025715387e+00,5.466429732585874612e-01,6.732959506581943643e-01
2.257170746578795129e+00,5.496540890545509317e-01,6.854029398198273615e-01
2.170796018434906660e+00,5.603342549064876943e-01,6.798014677818536855e-01
2.138201704800268832e+00,5.619188958396280631e-01,6.733676348404211698e-01
2.113300909822005913e+00,5.599991298274314966e-01,6.644994592843410652e-01
2.114047824944773613e+00,5.583411579899646426e-01,6.551314109144480424e-01
2.163745374574654878e+00,5.633509782033609969e-01,6.708454439590173513e-01
2.108627889678733602e+00,5.653939270034615827e-01,6.621906261918903969e-01
2.077172381142922575e+00,5.571234926399745158e-01,6.519181848400933399e-01
1.962536669069523398e+00,5.649154990193440140e-01,6.457009470504767590e-01
1.984434305328466319e+00,5.716224664423174007e-01,6.476366765038372719e-01
1.930225169681849762e+00,5.642113025566105611e-01,6.376851394635363324e-01
1.866632564874047828e+00,5.642429852586540173e-01,6.192051750041154268e-01
1.852442873721841909e+00,5.756058114688582528e-01,6.179703279087233048e-01
1.883953625129767495e+00,5.888242819052890153e-01,6.203093867302230668e-01
1.838163889130821183e+00,5.725755220632084974e-01,6.142913786424097911e-01
1.874601866003721362e+00,5.729597688565118974e-01,6.191010402050685091e-01
1.872176590903676718e+00,5.749916927489244767e-01,6.188721893716497835e-01
1.693691600744814840e+00,5.748943797893195651e-01,6.049664618258748794e-01
1.658742169905279118e+00,5.701780929865567504e-01,5.928089639184302984e-01
1.650747902047002169e+00,5.774749061350682444e-01,5.911468781750787160e-01
1.631812321634940277e+00,5.776921041020489644e-01,5.872118525706944148e-01
1.658296218924196097e+00,5.713133401799997957e-01,5.824030688586676607e-01
1.656786023060796254e+00,5.788414339707900202e-01,5.843018071690332382e-01
1.591764319263513139e+00,5.668027619674373963e-01,5.737278962107965619e-01
1.543226661307537828e+00,5.671205616699634966e-01,5.726395164104729485e-01
1.556641995712795712e+00,5.557836235752594556e-01,5.602098801782494641e-01
1.508773523761179458e+00,5.718507026861423537e-01,5.752014094080074580e-01
1.609684745700759034e+00,5.867929385926220487e-01,5.864203459982225697e-01
1.570303587120353894e+00,5.821069282826893954e-01,5.846349522656492104e-01
1.542924551892045582e+00,5.705011068868965918e-01,5.732674999742218835e-01
1.468593698967409988e+00,5.684096296372764812e-01,5.704821649590553490e-01
1.439424392754687254e+00,5.580876943117477618e-01,5.607279569872426483e-01
1.367299405600240991e+00,5.395025769563307483e-01,5.430256967838713589e-01
1.425426024959406623e+00,5.431099791079442296e-01,5.460505400570377921e-01
1.344283391600228583e+00,5.397573625065827940e-01,5.373995821033012987e-01
1.354437763159182184e+00,5.519107356909284112e-01,5.454260912406106998e-01
1.350364939331178071e+00,5.407114510870567603e-01,5.417082749810655518e-01
1.294708453052845210e+00,5.352716570619697745e-01,5.297617785196941931e-01
1.301180703541773287e+00,5.282491516807465981e-01,5.217524686250483157e-01
1.271208826530260350e+00,5.302581365393971291e-01,5.251634011926893386e-01
1.236979807036355794e+00,5.280586846299389903e-01,5.208213763827245213e-01
1.236230437600648102e+00,5.166648728285757608e-01,5.090104480213628602e-01
1.212190208961831273e+00,5.059558466771901797e-01,5.021229140067475782e-01
1.182456545239861434e+00,4.875641173606750645e-01,4.812602730390461714e-01
1.165531688597426285e+00,4.848846258694879396e-01,4.765615016384996405e-01
1.151568021893435656e+00,4.663172445207647843e-01,4.588705150347336392e-01
1.199800875956364532e+00,4.734904678556661750e-01,4.712510038441413140e-01
1.151778680566464264e+00,4.642469111263202164e-01,4.567399915534804955e-01
1.139390648218253643e+00,4.570274938346159943e-01,4.493942413521436752e-01
1.164951731083477826e+00,4.535402839296379662e-01,4.440347115879028639e-01
1.138443372186971558e+00,4.581626780965549761e-01,4.505794646107887380e-01
1.144535233203163305e+00,4.749578427030068939e-01,4.638391637988674154e-01
1.155295331621282617e+00,4.587582193746981840e-01,4.516143749358604298e-01
1.205217307282530292e+00,4.591738728687156379e-01,4.514947122376551936e-01
1.146510658997152543e+00,4.604280633141190626e-01,4.522265649462421933e-01
1.122826383213166412e+00,4.585260580305123845e-01,4.504220690713349184e-01
1.209000163276474638e+00,4.588644719813322892e-01,4.509912793562663169e-01
1.161319953815551864e+00,4.661716741209546155e-01,4.580280392328771044e-01
1.079279471989910144e+00,4.477792927921752097e-01,4.387440640673933023e-01
1.058784116887832027e+00,4.403815983963478842e-01,4.304646951241046793e-01
1.084364290130167330e+00,4.419874222792293250e-01,4.310593861407463478e-01
1.077384594855558486e+00,4.372184058590540268e-01,4.287932751780113017e-01
1.069617046037813823e+00,4.354805726961679668e-01,4.271885235231553390e-01
1.074483575290876125e+00,4.479537610551803106e-01,4.385746616250436603e-01
1.057605754502525697e+00,4.365444020307488460e-01,4.265031893163840904e-01
1.069187490918989347e+00,4.364211342583780850e-01,4.259780736040775784e-01
1.045445163700965407e+00,4.299345512703898753e-01,4.204243500438110126e-01
1.113050414206305794e+00,4.306262283878746211e-01,4.211246605029663193e-01
1.042166562058336687e+00,4.291473194276801961e-01,4.202405678738351247e-01
1.069047439047429826e+00,4.290948538202683515e-01,4.191566905515620722e-01
1.041940555187622408e+00,4.238144158295182873e-01,4.150333567224789300e-01
1.076254453760332463e+00,4.372655477057009743e-01,4.303971840078916755e-01
1.027665509665496746e+00,4.251375953278617725e-01,4.159183066682631269e-01
1.044615314889803859e+00,4.263997034639837036e-01,4.165961814127840945e-01
1.038510431796561662e+00,4.182157932357357111e-01,4.095422566517553653e-01
1.064451104353890010e+00,4.324535866145292617e-01,4.252380694420606622e-01
1.036888389663106924e+00,4.278693376184538044e-01,4.185397553931488046e-01
1.008894735394662678e+00,4.160557997760060411e-01,4.069537023258840702e-01
1.021773001066396791e+00,4.050034254061522510e-01,3.966205442859819241e-01
1.047809316321105078e+00,4.247520666628977204e-01,4.157225628349692226e-01
1.017524476578080206e+00,4.182086278149683145e-01,4.089634321891756907e-01
1.014673416176148368e+00,4.125410753499513250e-01,4.036693795798394491e-01
9.986609039474413363e-01,4.094540313644324248e-01,4.025159337481310495e-01
1.027445836226279940e+00,3.998838781055402136e-01,3.935930141816960104e-01
9.948012190902260077e-01,4.027829316101216861e-01,3.971411218041793201e-01
1.085956845180949371e+00,4.149370361553395004e-01,4.085571875643238537e-01
9.973788129145839676e-01,4.012712659131596471e-01,3.947266967898077072e-01
9.925316124397669526e-01,3.970200158537349200e-01,3.893113222937786833e-01
1.054206621918637454e+00,3.951699728319232885e-01,3.885448237250926362e-01
1.027354166780435563e+00,4.010426109895295355e-01,3.947165313784634089e-01
9.768875786794446459e-01,4.006377677381712243e-01,3.925171411285519607e-01
1.002833486627134896e+00,3.935944664942048754e-01,3.858974157750800216e-01
9.767249962982429423e-01,3.992448396292421764e-01,3.912091966484929628e-01
9.648218470278376868e-01,3.892623249079283920e-01,3.818182673037663344e-01
9.668020995014167118e-01,3.911911963580089191e-01,3.836351973403764326e-01
9.500173207496747096e-01,3.850642511427362358e-01,3.778599573096362851e-01
1.021944448631194824e+00,4.000421733365770449e-01,3.919579581121164780e-01
9.608616090254171738e-01,3.956126165187324184e-01,3.877957565371037973e-01
9.676155718751151547e-01,3.789935705643777131e-01,3.721267154049320847e-01
9.339933991421364157e-01,3.812222329129623666e-01,3.742327621143632377e-01
9.704278953902956140e-01,3.899393832256532466e-01,3.828026297368219422e-01
9.412555745843920185e-01,3.779465548247579743e-01,3.711368008023478993e-01
9.396526996214115135e-01,3.637963250456952569e-01,3.577272470999783849e-01
9.428590856664607056e-01,3.855344708099396334e-01,3.783068761875073016e-01
9.560147605784281577e-01,3.877033332518527997e-01,3.803489311003562245e-01
9.438883793210428585e-01,3.825738697372490504e-01,3.760359334133605014e-01
9.779523685723577886e-01,3.890728065726874463e-01,3.820002865020427074e-01
9.342224095757356572e-01,3.882126087082330423e-01,3.808289992402343338e-01
9.464462068974490716e-01,3.899868694901381661e-01,3.830027051106465463e-01
9.299901887631769615e-01,3.761183930551568189e-01,3.694075741144702274e-01
9.490750002322055900e-01,3.808180627123993744e-01,3.738509368561728774e-01
9.543509248461645722e-01,3.828554754978729657e-01,3.757752180532171749e-01
9.506547697057271540e-01,3.822285218664007167e-01,3.751832079955206845e-01
9.363995725522333835e-01,3.731893557115926741e-01,3.666350248326192829e-01
9.544580520354442044e-01,3.683235846360026211e-01,3.620237569533307220e-01
9.327655517984188016e-01,3.782515807633048954e-01,3.714252246406297142e-01
9.307801886626159149e-01,3.620847702159020742e-01,3.561014260041118762e-01
9.383573110020771990e-01,3.770533038507302148e-01,3.702920118204364175e-01
9.360742685579185318e-01,3.699329216286906252e-01,3.638565735121510603e-01
9.368081030201955706e-01,3.755843259305353121e-01,3.689022256222274088e-01
9.318329164351336624e-01,3.760019063451204846e-01,3.692973583632706558e-01
9.235148018099514911e-01,3.729737841936860976e-01,3.664308725590987303e-01
9.225715338563253987e-01,3.731242457704194160e-01,3.665733653041127749e-01
9.213746718177590056e-01,3.730130062113046208e-01,3.664680179065882282e-01
9.205065672513312869e-01,3.729797819053948249e-01,3.664365527414344959e-01
9.193893255797320752e-01,3.719255104639847542e-01,3.654379372120212799e-01
9.207381530999800834e-01,3.723595313841288057e-01,3.658490845116092460e-01
9.195440214013563818e-01,3.714132627294114419e-01,3.649526161585132100e-01
9.181780136693125094e-01,3.707915331452076302e-01,3.643634671359510802e-01
9.194662672058260267e-01,3.701999195074696103e-01,3.638027531096736378e-01
9.195894412961820308e-01,3.717213799639484950e-01,3.652445460111473086e-01
9.173996544103637518e-01,3.703564870451895308e-01,3.639511529654638755e-01
9.146752820187018518e-01,3.699630582969140047e-01,3.635782349540078728e-01
9.128226947164881366e-01,3.693209392769493116e-01,3.629694967560148089e-01
9.134604274826496617e-01,3.702028227613388678e-01,3.638055049728459722e-01
9.131274234110942079e-01,3.689497349665014081e-01,3.626175360103996992e-01
9.118207804072975264e-01,3.686415033886699666e-01,3.623252536053666040e-01
9.124411784723301944e-01,3.685721953893785208e-01,3.622595281634145015e-01
9.128387344353987576e-01,3.696720387188318635e-01,3.633023587305794222e-01
9.101928413267101892e-01,3.680854065704496358e-01,3.617978631495696318e-01
9.078858716415180163e-01,3.662475262716476943e-01,3.600542320361883597e-01
9.064392823364345597e-01,3.654918226094119316e-01,3.593370046858081479e-01
9.061519754471727417e-01,3.642754907112256690e-01,3.581822636894547718e-01
9.049962053889337721e-01,3.642056169972001101e-01,3.581159154996900740e-01
9.054240544383898026e-01,3.649709857708228755e-01,3.588425922442953220e-01
9.068364884595487840e-01,3.647120039079143616e-01,3.585967212539613036e-01
9.021969832045246829e-01,3.625258891494433366e-01,3.565205271974456469e-01
9.001848468512398949e-01,3.620373417123212700e-01,3.560563615813548410e-01
8.991109447599214821e-01,3.608871451517460804e-01,3.549633046416379445e-01
8.985087899452302018e-01,3.600036384184699401e-01,3.541234388146466405e-01
8.995383528551439412e-01,3.597161941640367178e-01,3.538501461622920452e-01
8.989235832999846743e-01,3.607212116767962717e-01,3.548055840175430853e-01
8.947929835612986604e-01,3.581436912621154267e-01,3.523546564920879698e-01
8.937056674582264382e-01,3.578443199267635211e-01,3.520698694092324055e-01
8.916881267045392301e-01,3.564090130323419037e-01,3.507041423521704004e-01
8.897702011316755977e-01,3.549977079711346684e-01,3.493607019261165680e-01
8.888022729636306796e-01,3.538232321471445063e-01,3.482422870974390405e-01
8.873880808254961394e-01,3.537285261021210769e-01,3.481520852390156961e-01
8.859315943645510449e-01,3.514113002562453403e-01,3.459443061780561601e-01
8.871440639643317638e-01,3.521048921001282972e-01,3.466052912257845953e-01
8.860151389392851851e-01,3.506512944928624753e-01,3.452198799859222400e-01
8.841324824346246114e-01,3.508650225884684670e-01,3.454236182028064817e-01
8.840469648515170142e-01,3.503297490389952751e-01,3.449133406801997981e-01
8.824550320789292801e-01,3.494982311006973874e-01,3.441204994840676989e-01
8.804434618600740503e-01,3.476681127414568140e-01,3.423748516421983856e-01
8.799600952699342393e-01,3.477869607141972907e-01,3.424882413545838888e-01
8.791852516456378774e-01,3.469053548517342933e-01,3.416470345887203108e-01
8.780307407400624875e-01,3.449965995779762373e-01,3.398250368876715166e-01
8.779452588359235587e-01,3.442561206054471912e-01,3.391179538886228140e-01
8.773057588176864652e-01,3.434121447745187572e-01,3.383118647782443200e-01
8.767397350830119507e-01,3.419697289293486819e-01,3.369337648754985315e-01
8.766190719174369317e-01,3.409561614347888514e-01,3.359650639930561455e-01
8.764957303291330826e-01,3.412125350553329439e-01,3.362101144441864142e-01
8.764054770955198581e-01,3.408513246739715008e-01,3.358648525594962186e-01
8.769531410899173984e-01,3.423252680841811779e-01,3.372735017736294694e-01
8.764761790534577601e-01,3.410657467804270038e-01,3.360698114276467474e-01
8.745944292702270140e-01,3.395020537301571828e-01,3.345748538287546259e-01
8.769391138561357657e-01,3.402839045173539079e-01,3.353224166474644274e-01
8.744949923798084335e-01,3.397076522114076402e-01,3.347714512872113080e-01
8.729211270103351961e-01,3.376709942977627055e-01,3.328234717535425435e-01
8.720304400666831768e-01,3.379998403788428418e-01,3.331380725402091625e-01
8.725659258545725994e-01,3.381693814516760765e-01,3.333002582866380625e-01
8.720366801724912520e-01,3.382034781526092604e-01,3.333328748430315902e-01
8.688486868181447553e-01,3.355391969678727104e-01,3.307833425968177421e-01
8.668437796407479912e-01,3.337804425909491890e-01,3.290993332618655787e-01
8.651039518421801411e-01,3.313508635282070847e-01,3.267717052891950247e-01
8.643142690868466094e-01,3.304230242993475564e-01,3.258824036465943763e-01
8.641045619570766334e-01,3.295942528734059906e-01,3.250878704154824272e-01
8.646348762991782344e-01,3.287840061884725884e-01,3.243109286652963164e-01
8.639471603586794668e-01,3.290191086978843660e-01,3.245363844370162676e-01
8.627661849512130443e-01,3.270868979711878399e-01,3.226830432439445340e-01
8.622249165588655728e-01,3.255828104468094786e-01,3.212397012073780478e-01
8.603968808475626062e-01,3.240652588904843201e-01,3.197828663406941940e-01
8.589138375384459678e-01,3.227008400574357672e-01,3.184725487198926674e-01
8.576608828578631272e-01,3.211427515928018117e-01,3.169756775449643627e-01
8.580615415305574700e-01,3.209080616263835783e-01,3.167501566831398829e-01
8.575270107435842837e-01,3.208152166482465262e-01,3.166609353255366299e-01
8.574905976002329400e-01,3.207783445593159755e-01,3.166255017188620013e-01
8.568773873137193187e-01,3.188467077011473694e-01,3.147687568415445392e-01
8.557195144115651297e-01,3.164793541065347715e-01,3.124919457557461255e-01
8.551955106258140038e-01,3.150388652025393754e-01,3.111058846134270306e-01
8.537089055449594843e-01,3.142701293126400341e-01,3.103659897667613854e-01
8.540428200805445513e-01,3.141497308307029113e-01,3.102500954422358070e-01
8.533073197371116025e-01,3.142813040179748274e-01,3.103767462447962200e-01
8.536388936308350051e-01,3.152891483408528650e-01,3.113467470031019979e-01
8.527618096455700236e-01,3.136300605710957146e-01,3.097498262690590032e-01
8.517803873099565326e-01,3.128698665180941196e-01,3.090178960814592424e-01
8.510345197331345979e-01,3.117841305366526039e-01,3.079722875708461038e-01
8.501637755772748495e-01,3.113218376585473179e-01,3.075269950002675889e-01
8.498679530712105468e-01,3.110162240386885601e-01,3.072325920113502806e-01
8.484789067279518981e-01,3.090578752502014526e-01,3.053455532740270151e-01
8.475669414486617370e-01,3.075604099644859146e-01,3.039020034046745478e-01
8.469746664471693443e-01,3.055632165108351228e-01,3.019758970178569868e-01
8.467724653070736185e-01,3.049479713240953460e-01,3.013823624083850627e-01
8.458672698395541811e-01,3.035824456413009909e-01,3.000647077819282860e-01
8.444612585411856998e-01,3.016432321447949927e-01,2.981927335957413328e-01
8.435592965578793123e-01,2.995511833027602044e-01,2.961722510670167785e-01
8.423601456994929126e-01,2.983086770817472422e-01,2.949717746040648181e-01
8.410894261165816621e-01,2.957881473916431636e-01,2.925354262895552560e-01
8.404236920816696710e-01,2.951432597736206032e-01,2.919118456571811460e-01
8.399690069530030279e-01,2.939794743537406663e-01,2.907862743737740785e-01
8.399288482582749626e-01,2.932188809675200791e-01,2.900504914742579876e-01
8.396311488081780183e-01,2.929426743159487256e-01,2.897832625745171420e-01
8.389902215242839301e-01,2.915427688770458881e-01,2.884285971846830554e-01
8.384923475700702955e-01,2.900053150706708993e-01,2.869403259153668340e-01
8.390507230657034965e-01,2.894880498732896879e-01,2.864394900270412214e-01
8.389522965669866661e-01,2.904725266574726961e-01,2.873926470746319684e-01
8.399556474273677242e-01,2.902202105769396412e-01,2.871483785277406664e-01
8.389586203858174773e-01,2.902655007956447264e-01,2.871922252697904909e-01
8.367924336421999065e-01,2.878197704088020781e-01,2.848237959088003590e-01
8.354776144546693928e-01,2.855101708502978397e-01,2.825859882317260929e-01
8.348212643961034907e-01,2.846962119833804095e-01,2.817970531289459291e-01
8.336013795353713896e-01,2.832089013734063188e-01,2.803550959105396423e-01
8.323361134911446690e-01,2.823087869973645025e-01,2.794821969360555269e-01
8.309443745739433229e-01,2.801510280758585103e-01,2.773889696442162767e-01
8.303942433667157452e-01,2.781284590279401447e-01,2.754259858975535158e-01
8.296202262279035455e-01,2.765256654269154235e-01,2.738697945905465558e-01
8.292534250578531552e-01,2.756246732605741045e-01,2.729947614328088190e-01
8.293868313237047207e-01,2.742912754505781869e-01,2.716994681760983577e-01
8.292207463853481508e-01,2.750250578986255801e-01,2.724123273985134541e-01
8.282074056621477887e-01,2.729822052284522349e-01,2.704274457882976379e-01
8.272377121105404241e-01,2.722404802121711764e-01,2.697065539459614358e-01
8.270819012575991724e-01,2.718800936842620808e-01,2.693562485541451945e-01
8.272585400227030483e-01,2.710398508141641516e-01,2.685394054936513508e-01
8.268259921396781120e-01,2.713227143507578321e-01,2.688144079000710507e-01
8.268340729560859081e-01,2.704459084940268876e-01,2.679619158346627783e-01
8.269261573347173044e-01,2.713699133502048833e-01,2.688602935711352782e-01
8.261721472488146034e-01,2.702520858650975799e-01,2.677734465086713533e-01
8.258063094588530273e-01,2.696305869726665083e-01,2.671690610435507041e-01
8.245217482600858405e-01,2.674360582464196945e-01,2.650343270430880471e-01
8.242892201893291526e-01,2.672388482314376201e-01,2.648424423003489792e-01
8.241979423146775785e-01,2.668026902410021162e-01,2.644180338114399120e-01
8.239148706190431160e-01,2.667414111412645950e-01,2.643584023897014301e-01
8.243528426550421617e-01,2.656787086214374427e-01,2.633241527840500251e-01
8.238423505452627804e-01,2.663525008352760626e-01,2.639799313690617266e-01
8.236873587879782743e-01,2.653169424424834388e-01,2.629720204145701845e-01
8.240070682894961029e-01,2.652806817843382237e-01,2.629367239173222570e-01
8.234053314573297477e-01,2.654672802670101084e-01,2.631183579646077519e-01
8.231772224232460911e-01,2.643753498847762340e-01,2.620553785710093564e-01
8.222297747716694749e-01,2.624743672380641657e-01,2.602042259638461252e-01
8.225110261467207806e-01,2.619563578678352211e-01,2.596996696939893878e-01
8.223808947926978252e-01,2.618795614776429082e-01,2.596248632097447606e-01
8.223092075176945404e-01,2.624890974759590545e-01,2.602185728629975436e-01
8.219977534537150632e-01,2.623781276126105344e-01,2.601104898056569303e-01
8.229531300355150680e-01,2.623099033798974578e-01,2.600440391597379497e-01
8.226737219348172481e-01,2.633143431053704964e-01,2.610222730507916200e-01
8.220472870968964507e-01,2.622646153857563500e-01,2.599999279788977047e-01
8.225884453292762188e-01,2.629445009058916094e-01,2.606621035089219940e-01
8.203358325791685335e-01,2.601708778559377877e-01,2.579601507462602195e-01
8.199134609961198361e-01,2.592868502013154774e-01,2.570986455276224603e-01
8.196532289129503379e-01,2.582036118127756796e-01,2.560427947779074787e-01
8.189710048560593370e-01,2.561111961817570393e-01,2.540026303160057286e-01
8.183397549889876998e-01,2.546581314034601085e-01,2.525853489330401880e-01
8.182755951357112423e-01,2.541011585697929842e-01,2.520419836852525464e-01
8.184484778800518168e-01,2.541477904104286201e-01,2.520874785486794112e-01
8.181935231673048703e-01,2.540225645358556994e-01,2.519653049798806221e-01
8.182535958900643003e-01,2.530916349716936242e-01,2.510569714305175837e-01
8.188551643282251380e-01,2.544482834932474957e-01,2.523806349305674490e-01
8.185901877958096096e-01,2.530023178187489896e-01,2.509698134547148629e-01
8.181173145401563485e-01,2.539158933779358529e-01,2.518612314789498430e-01
8.176015002380977448e-01,2.526158974861512641e-01,2.505927168813847916e-01
8.168377361514311819e-01,2.513751654409289715e-01,2.493817282814845826e-01
8.168867567450043277e-01,2.501626674361135949e-01,2.481980127202800257e-01
8.166261258959639502e-01,2.510571304362209655e-01,2.490712699534077534e-01
8.155811439514194516e-01,2.486651187596741475e-01,2.467356274378301739e-01
8.155483374207713743e-01,2.493346247415469397e-01,2.473894655227261707e-01
8.152277690870228799e-01,2.473706798094556236e-01,2.454712412189450910e-01
8.148892631377391282e-01,2.459954068882783673e-01,2.441275527702162218e-01
8.139873108978669114e-01,2.441609531171526903e-01,2.423346792297598473e-01
8.131426622907342860e-01,2.427811567145056193e-01,2.409857462131015926e-01
8.135077626998914457e-01,2.427131645526571235e-01,2.409192658142133014e-01
8.132924812535407000e-01,2.431040776468771092e-01,2.413014755613758500e-01
8.127852078502986188e-01,2.416252109700005313e-01,2.398553864698784177e-01
8.127508851985960625e-01,2.408658327376862196e-01,2.391126830211267595e-01
8.119001930455378435e-01,2.382850387583252960e-01,2.365877731799999883e-01
8.116328455006478482e-01,2.379082142132989686e-01,2.362190072362816140e-01
8.116236268045897706e-01,2.373083902683881530e-01,2.356319579855021273e-01
8.113968634890247333e-01,2.371953807534457059e-01,2.355213480208245558e-01
8.108290387239281971e-01,2.362540066638173231e-01,2.345998730562660062e-01
8.101953553513880912e-01,2.338441405086496838e-01,2.322402251648092442e-01
8.102638932937504812e-01,2.326129014961901831e-01,2.310342451082513238e-01
8.099799716210434042e-01,2.334622647198254242e-01,2.318662122888797694e-01
8.089618168899566086e-01,2.315089698558479292e-01,2.299527332230820453e-01
8.094433893399027857e-01,2.311301851554240505e-01,2.295815919004280115e-01
8.093313631377082595e-01,2.318928991852613197e-01,2.303288896526191898e-01
8.082041444620884363e-01,2.298969966707630486e-01,2.283731135184629280e-01
8.075832103458414624e-01,2.280214669266000249e-01,2.265346570524087444e-01
8.077410849263982895e-01,2.273045322576834615e-01,2.258317329582717470e-01
8.084398072094629573e-01,2.286440838536722420e-01,2.271450345041550190e-01
8.067465096125725488e-01,2.260456508135453013e-01,2.245972388357858895e-01
8.061059802999396284e-01,2.252589399471347786e-01,2.238256303163513594e-01
8.052590989798655841e-01,2.237601638672984394e-01,2.223553338323757955e-01
8.051668471274755490e-01,2.237774411078885251e-01,2.223722849480253005e-01
8.044428332217190558e-01,2.221829161152253096e-01,2.208076454307480452e-01
8.039356752716253496e-01,2.204733132208153146e-01,2.191296094000163286e-01
8.033247514917996046e-01,2.185551295461344856e-01,2.172462628691233522e-01
8.024178545098287207e-01,2.174921193480984505e-01,2.162022958637228598e-01
8.018485517652161887e-01,2.151240038860269266e-01,2.138759358319087533e-01
8.020863218189714372e-01,2.143449541371570677e-01,2.131104223353110505e-01
8.019412265669050299e-01,2.150129267343403039e-01,2.137667947186766004e-01
8.008146975549659263e-01,2.128862018750481144e-01,2.116767517389959719e-01
7.998964624954111313e-01,2.109169253288851742e-01,2.097407911373085909e-01
7.994656678793110594e-01,2.088298690683992043e-01,2.076883676585252192e-01
7.999235490075553567e-01,2.084301574618005470e-01,2.072952101274464776e-01
7.998039290063105877e-01,2.089822252620078813e-01,2.078382190212906544e-01
7.996814719416646122e-01,2.080784865199155342e-01,2.069492846937729669e-01
7.994544742032987372e-01,2.085468192553053268e-01,2.074099616230574428e-01
7.996162176229405505e-01,2.080165351868222823e-01,2.068883434867586635e-01
7.993100189136042033e-01,2.087336769314205032e-01,2.075937550905937456e-01
7.983913627517300604e-01,2.076536226485882486e-01,2.065313361622931887e-01
7.977643775379881230e-01,2.066812148688498552e-01,2.055746492069849274e-01
7.977296984709777439e-01,2.070624795164621168e-01,2.059497676498981134e-01
7.977987981761842651e-01,2.064727811743900798e-01,2.053695659682778785e-01
7.977039641136234316e-01,2.075291671307647468e-01,2.064089009826499677e-01
7.975180460718653830e-01,2.067711181050066738e-01,2.056631052014938066e-01
7.970548897989653270e-01,2.046405737410818826e-01,2.035665189387782514e-01
7.968259516099567286e-01,2.036757971267453837e-01,2.026168879693756864e-01
7.961904016725609434e-01,2.021124138932396952e-01,2.010777434497391658e-01
7.957565926238817644e-01,2.008357256842127347e-01,1.998205717200416953e-01
7.951519863504832308e-01,1.996411660717940795e-01,1.986440488548813221e-01
7.948536804503074649e-01,1.991641367529064233e-01,1.981741619665427501e-01
7.945142286140622900e-01,1.977970917022069952e-01,1.968273957458804568e-01
7.943062818312329743e-01,1.960072087401069363e-01,1.950636417496235953e-01
7.937083162393221425e-01,1.948460233693030119e-01,1.939191533409521662e-01
7.941756607667862511e-01,1.939820135259072986e-01,1.930674383614621459e-01
7.938766285378536791e-01,1.945400711330657895e-01,1.936175673559177302e-01
7.941118362101015071e-01,1.945694120790436854e-01,1.936464901737497690e-01
7.937742658431956588e-01,1.950024118348036573e-01,1.940733046592315325e-01
7.942648237435601111e-01,1.948890857950978384e-01,1.939616001154813307e-01
7.942829638917728863e-01,1.953185919686162841e-01,1.943849507988366088e-01
7.928192707423774577e-01,1.939634928127366986e-01,1.930491799979432155e-01
7.925060634297125262e-01,1.935828907421310863e-01,1.926739581031594317e-01
7.921612949980344487e-01,1.921339252681452392e-01,1.912452815487172553e-01
7.918331650424017543e-01,1.910116602137724717e-01,1.901385211972194955e-01
7.922730352161170275e-01,1.909671225766719493e-01,1.900945951137615608e-01
7.920253161441900280e-01,1.909839129208886765e-01,1.901111549406170609e-01
7.913324408047106573e-01,1.887499846296741279e-01,1.879075405942195465e-01
7.915706301689211521e-01,1.890938318091599790e-01,1.882467683980960649e-01
7.919025616666375278e-01,1.890056782612654085e-01,1.881598007480730639e-01
7.913946779801026565e-01,1.882029411921639361e-01,1.873678116077640288e-01
7.919805744511649870e-01,1.890476472214936421e-01,1.882012052534697832e-01
7.904597181912480508e-01,1.867350174490513826e-01,1.859193053358271785e-01
7.907360949012572915e-01,1.874879532120602432e-01,1.866623195062644125e-01
7.906166984620602856e-01,1.867565143035873343e-01,1.859405200324820151e-01
7.906358670103128539e-01,1.865910352864453836e-01,1.857772113369198508e-01
7.904403670228343781e-01,1.867668485405433176e-01,1.859507186037685500e-01
7.904679462562893555e-01,1.859571664772796673e-01,1.851516202808202727e-01
7.903135325533972022e-01,1.865174682405105200e-01,1.857046079116362602e-01
7.904385256689308026e-01,1.865742738635602638e-01,1.857606695312502831e-01
7.901264010306187080e-01,1.857667775805005861e-01,1.849637066589909784e-01
7.895384861382234165e-01,1.848739936467176936e-01,1.840824621762394142e-01
7.898303895988587620e-01,1.835937945111378866e-01,1.828186158205304668e-01
7.891200653602590265e-01,1.840767653784962654e-01,1.832954441840481674e-01
7.890657511636984811e-01,1.833018054392931695e-01,1.825303246195425499e-01
7.892717477093762479e-01,1.832399906809145940e-01,1.824692911943494311e-01
7.891210855063005569e-01,1.831493235314042289e-01,1.823797691131018028e-01
7.885956369155497914e-01,1.818086761820429664e-01,1.810559208704365652e-01
7.884534796370129550e-01,1.812014859762602348e-01,1.804562578123619088e-01
7.885393216567230246e-01,1.802993499093748231e-01,1.795652121352500075e-01
7.886495020099754116e-01,1.810355623842420936e-01,1.802923823394769753e-01
7.880755068036461308e-01,1.795245368099633310e-01,1.787998357122288218e-01
7.873305706955704419e-01,1.773582192000373592e-01,1.766594716120148123e-01
7.874472733172146466e-01,1.767543971213136333e-01,1.760627712907914255e-01
7.871942428125264790e-01,1.767910532184293615e-01,1.760989964376730998e-01
7.871509136378165294e-01,1.747365186722779906e-01,1.740683406332296235e-01
7.866174786489955606e-01,1.737264392860717044e-01,1.730697963031305187e-01
7.867473553687377441e-01,1.737797422293036465e-01,1.731224938798308355e-01
7.871710350397593814e-01,1.739077104508499061e-01,1.732490072327844410e-01
7.860137684137037395e-01,1.718659334645785408e-01,1.712301878030057789e-01
7.856499757644057613e-01,1.704441568258615591e-01,1.698240777593254536e-01
7.861238121934357448e-01,1.702768012168472955e-01,1.696585491015028258e-01
7.851594978440037398e-01,1.695809020438701631e-01,1.689702082162678753e-01
7.849535000442863231e-01,1.681029932910484137e-01,1.675081460820859736e-01
7.855686183939818434e-01,1.682275912739892298e-01,1.676314188118939730e-01
7.851722641570229033e-01,1.683008572002500924e-01,1.677039045448495691e-01
7.848283809764908803e-01,1.669789852985321399e-01,1.663960044826757190e-01
7.844917587173936280e-01,1.650783763797446513e-01,1.645150991990992073e-01
7.843166587032119885e-01,1.642910639653012428e-01,1.637358168089102783e-01
7.837357488182821186e-01,1.626327551656442105e-01,1.620941707466970472e-01
7.844839522508058050e-01,1.617870201348762804e-01,1.612568035956586654e-01
7.837025185814880945e-01,1.622320803500590936e-01,1.616974711993729719e-01
7.832291324260007848e-01,1.613141122605554478e-01,1.607885367000326526e-01
7.830153068955879592e-01,1.602742373035201395e-01,1.597587712021303619e-01
7.828627327180175399e-01,1.590011841304953821e-01,1.584979165628738751e-01
7.824088829544053603e-01,1.577396812830667849e-01,1.572483099138080320e-01
7.814900489015661478e-01,1.558286369684280526e-01,1.553549270851362907e-01
7.809345865399152098e-01,1.527778766704122326e-01,1.523314744256661357e-01
7.804989491753110409e-01,1.507180257361172004e-01,1.502894540184265271e-01
7.798761327669453403e-01,1.491933975389713729e-01,1.487777126223366608e-01
7.795193040498029635e-01,1.480093208579734143e-01,1.476034638404594979e-01
7.789903766718204725e-01,1.445342877185934738e-01,1.441563756020081688e-01
7.784530370020358303e-01,1.427993685172174176e-01,1.424349139189796665e-01
7.781805960288883384e-01,1.418274447533277305e-01,1.414703874907067838e-01
7.783145936813061772e-01,1.412678567419566322e-01,1.409150127000344810e-01
7.785357723074661784e-01,1.420337926380046412e-01,1.416751733174737016e-01
7.780781633970190736e-01,1.402355030661217861e-01,1.398903444394621332e-01
7.784433878306884491e-01,1.400897478622253889e-01,1.397456652317322634e-01
7.780659669560872072e-01,1.399379270414448928e-01,1.395949628017037480e-01
7.772072747708205220e-01,1.386867519595614828e-01,1.383529122722459703e-01
7.779323562957832783e-01,1.388840558243127354e-01,1.385487881378212605e-01
7.770183296209485224e-01,1.383728815162648951e-01,1.380413051106375022e-01
7.764162088475388135e-01,1.376392302422141389e-01,1.373129041097070069e-01
7.759185998555027108e-01,1.363168227906670638e-01,1.359998195909636054e-01
7.755636885144244763e-01,1.352468355497384589e-01,1.349372442815843232e-01
7.758723513773932989e-01,1.352901038181126836e-01,1.349802150933830935e-01
7.755636670160060975e-01,1.350750902898016637e-01,1.347666778401649113e-01
7.750804216532702906e-01,1.333371200261330158e-01,1.330404684858607078e-01
7.750883724382979789e-01,1.315209105137625789e-01,1.312362254274635487e-01
7.747945438985053279e-01,1.326151822109255252e-01,1.323233266945891273e-01
7.747194646396189377e-01,1.309244673431314010e-01,1.306436405888740382e-01
7.747480063094145386e-01,1.308286153125762796e-01,1.305484053418156098e-01
7.746840604785353301e-01,1.306615001375058260e-01,1.303823633471517807e-01
7.742649456008208197e-01,1.289883569708626110e-01,1.287198139540761954e-01
7.747425947076622688e-01,1.280608290718744935e-01,1.277980415335151221e-01
7.744221662271481010e-01,1.290375661108983107e-01,1.287687154148278723e-01
7.739612588762971868e-01,1.280536838026230528e-01,1.277909402793547811e-01
7.745631383864323150e-01,1.271783283441775825e-01,1.269209399008799921e-01
7.739277291478181553e-01,1.277922059995199588e-01,1.275310698058507719e-01
7.740818263892250695e-01,1.275599366417490554e-01,1.273002227154942934e-01
7.739761612688935699e-01,1.274492040333655707e-01,1.271901663384150394e-01
7.741991449957787985e-01,1.290008232580503456e-01,1.287322023182594644e-01
7.736420073973963030e-01,1.271105069809413957e-01,1.268535303744595943e-01
7.737285363154478013e-01,1.269790018471117221e-01,1.267228225357698579e-01
7.737698938577424190e-01,1.272111193698267917e-01,1.269535316492358401e-01
7.737311455944160254e-01,1.268856536793641354e-01,1.266300393204795316e-01
7.737162357672875412e-01,1.271933018208561139e-01,1.269358223936649377e-01
7.737166546644527187e-01,1.259383161311010690e-01,1.256883881919384771e-01
7.735839867583529372e-01,1.270596377426001233e-01,1.268029697444728043e-01
7.738061827297751938e-01,1.270092500771325961e-01,1.267528875218828233e-01
7.740351463563446277e-01,1.274772119684891847e-01,1.272180033434534008e-01
7.733713823927106379e-01,1.260823592342065758e-01,1.258315721710026869e-01
7.733987034274746319e-01,1.255091668018822881e-01,1.252617868143965918e-01
7.735007346691891161e-01,1.259347769425907815e-01,1.256848700876435632e-01
7.737821138045151148e-01,1.264874669385313566e-01,1.262342531089483966e-01
7.738099604609363080e-01,1.271514647426825462e-01,1.268942394779104532e-01
7.730881175039839848e-01,1.253242874560598352e-01,1.250779997728334869e-01
7.731859298269445624e-01,1.242632819180933545e-01,1.240232006861275577e-01
7.731647741692304621e-01,1.244241991960238353e-01,1.241831834568599413e-01
7.725484326252891609e-01,1.235565279743120193e-01,1.233205225027125124e-01
7.724621620036427050e-01,1.225619113377767466e-01,1.223315630988643932e-01
7.722492317169363796e-01,1.216988883166288116e-01,1.214733748836368116e-01
7.720307013899367909e-01,1.206409947814543471e-01,1.204213148755040319e-01
7.717306554217098213e-01,1.179196638379015477e-01,1.177145255938860519e-01
7.720362478466695766e-01,1.167915460315789439e-01,1.165922425189505757e-01
7.718309635549609471e-01,1.180563426837148017e-01,1.178504898789055899e-01
7.713908929653446878e-01,1.169985578774318247e-01,1.167981920871579149e-01
7.718749786884131492e-01,1.176459686388489079e-01,1.174422563017511606e-01
7.715157020450387204e-01,1.168192020125272124e-01,1.166197568017299374e-01
7.711594787281160768e-01,1.152159644198271909e-01,1.150246231015829568e-01
7.707114819464566668e-01,1.130154539131573710e-01,1.128348735097747524e-01
7.711803096948135483e-01,1.124185526685750475e-01,1.122408199328880224e-01
7.708375038318373562e-01,1.133654682819214832e-01,1.131832039732231926e-01
7.710032568622147142e-01,1.131615721191516627e-01,1.129802900147316158e-01
7.706483479356533994e-01,1.125975890711172489e-01,1.124190053667250139e-01
7.704852801766068904e-01,1.123592023967451697e-01,1.121817511575438492e-01
7.706533206263812552e-01,1.106157336974225164e-01,1.104464195570864227e-01
7.706917450684183102e-01,1.124614547459880376e-01,1.122835183416774490e-01
7.702050367238751916e-01,1.116295915472000910e-01,1.114555765598466974e-01
7.706951243005172314e-01,1.114876012227112856e-01,1.113142497645577128e-01
7.700697287305362515e-01,1.115762693232339592e-01,1.114025037121105510e-01
7.705302804875915346e-01,1.115672228373718600e-01,1.113934995109840120e-01
7.703791195466733743e-01,1.115634989755964340e-01,1.113897930531486252e-01
7.701691493060842664e-01,1.115852706665787647e-01,1.114114629749051871e-01
7.699440864176847477e-01,1.114197591154927613e-01,1.112467240906879901e-01
7.707424423554358750e-01,1.122117732755946590e-01,1.120350200005625629e-01
7.699673557160457982e-01,1.113473052148777759e-01,1.111746077082222672e-01
7.697616772327973145e-01,1.109637549051264577e-01,1.107928368083242604e-01
7.697499346690624966e-01,1.115342108740595140e-01,1.113606417926918252e-01
7.696121669105904228e-01,1.105953322687716622e-01,1.104261118414345544e-01
7.697119603423251410e-01,1.101292568940702571e-01,1.099621679471539520e-01
7.697775080135864645e-01,1.108402500427152770e-01,1.106699023089780104e-01
7.701849154541496878e-01,1.104204481157264606e-01,1.102520295910968534e-01
7.696360688398569128e-01,1.104180450286342263e-01,1.102496375052740285e-01
7.696092144511088584e-01,1.098726628066810929e-01,1.097067396469542655e-01
7.697084810093236529e-01,1.093533701258427304e-01,1.091897896457218325e-01
7.697978555003874845e-01,1.098369463610395641e-01,1.096711850407529748e-01
7.698065639461064702e-01,1.095283242856484457e-01,1.093639570185425403e-01
7.700125549450702600e-01,1.108497257084114229e-01,1.106793342597442720e-01
7.694506795584330483e-01,1.088279305349760806e-01,1.086666978983034798e-01
7.700246589602877112e-01,1.108035717706268436e-01,1.106333931774847040e-01
7.694494017161280786e-01,1.088384882479281751e-01,1.086772086585499758e-01
7.702107194890197572e-01,1.092439656236527112e-01,1.090808758677193901e-01
7.698126921274985879e-01,1.095748289422886212e-01,1.094102521150180224e-01
7.694031113215229478e-01,1.070156989261763641e-01,1.068623913278919507e-01
7.692533994012263898e-01,1.062257278413800965e-01,1.060757918941819533e-01
7.692136445781152521e-01,1.056676589982200182e-01,1.055200748671494132e-01
7.698149029054364156e-01,1.054422171827110594e-01,1.052955760865205842e-01
7.688472008600579777e-01,1.050140390391134937e-01,1.048691779497507165e-01
7.696147732733411573e-01,1.055771637739998520e-01,1.054299586737227484e-01
7.689187070698708659e-01,1.052786640406960378e-01,1.051327045738523619e-01
7.694897170819183785e-01,1.054148081228434841e-01,1.052682814053355204e-01
7.687410156455877219e-01,1.042628142606766423e-01,1.041210412008713726e-01
7.683812699187855255e-01,1.023900487190947534e-01,1.022557820837215609e-01
7.684292275896280611e-01,1.017653000290419385e-01,1.016334772265700265e-01
7.684804498311297305e-01,1.026830663959925061e-01,1.025476432247703629e-01
7.689435446369463634e-01,1.035037936980500728e-01,1.033650957939916681e-01
7.683753497658748488e-01,1.024285728822803970e-01,1.022941545703580091e-01
7.680797023912582233e-01,1.004869749323240996e-01,1.003600597219144186e-01
7.680388859004422253e-01,9.955985969743340325e-02,9.943642645399362878e-02
7.685265547256989738e-01,9.942934628538613318e-02,9.930639803318518088e-02
7.681223698933264954e-01,9.974591605781756021e-02,9.962178922010557491e-02
7.678003143779830175e-01,9.771894951325105216e-02,9.760224012130055971e-02
7.674892320089448106e-01,9.582053790414833683e-02,9.571050178609961934e-02
7.679557552035498613e-01,9.579735988972586103e-02,9.568740363279555627e-02
7.673968306588851984e-01,9.538942044615002225e-02,9.528086344535900698e-02
7.671963357594313582e-01,9.361921663905231616e-02,9.351659401456487164e-02
7.674330195207639260e-01,9.309087967593639157e-02,9.298998532996444188e-02
7.670476701487562998e-01,9.334859825825794766e-02,9.324686331769824199e-02
7.666379874055883059e-01,9.191056554180070115e-02,9.181346183577444864e-02
7.668026585354236202e-01,9.091349027394161897e-02,9.081951371735903777e-02
7.666369647978978907e-01,9.159122138534399327e-02,9.149512668244645652e-02
7.666964524099013634e-01,9.063389435029117758e-02,9.054078247406507907e-02
7.667695104324820932e-01,9.217348452543161486e-02,9.207554481321947315e-02
7.670476980900874375e-01,9.129223473259359678e-02,9.119707834968204807e-02
7.669605467306032098e-01,9.187898532826062337e-02,9.178198171677981465e-02
7.666762535459384909e-01,8.980641848370077285e-02,8.971583453962225785e-02
7.666098477855820548e-01,9.160157345227473713e-02,9.150544615107422675e-02
7.669018144911470269e-01,9.210356720156211152e-02,9.200585027287097595e-02
7.666313490236444927e-01,9.117495500646016771e-02,9.108016501116540653e-02
7.666669719783477666e-01,9.070135985730277961e-02,9.060803982463928874e-02
7.666969049910361544e-01,9.149161701229678589e-02,9.139583558349738401e-02
7.665861813359233778e-01,9.132182965971306909e-02,9.122658067177825958e-02
7.669837698737986820e-01,9.170651403695344317e-02,9.161005586492268482e-02
7.670121985457944991e-01,9.189730764514789096e-02,9.180024596885384691e-02
7.670127926065792856e-01,9.102928099949214591e-02,9.093494478510630308e-02
7.667530933070694221e-01,9.150424447525040694e-02,9.140842336851855154e-02
7.671004721643694957e-01,9.122391314342330471e-02,9.112897031513901569e-02
7.665147648407617531e-01,9.057316383794258852e-02,9.048023907309489522e-02
7.663929492295695756e-01,8.978008809625612208e-02,8.968958383065754603e-02
7.666359829358690980e-01,8.845884621675037529e-02,8.837228041081181262e-02
7.665297268613221471e-01,8.922828225444710826e-02,8.913943707293096874e-02
7.665720847727282017e-01,8.917282795059679190e-02,8.908414836970170170e-02
7.664245285998896318e-01,8.992404954169554154e-02,8.983310906237955418e-02
7.667172701262294776e-01,9.071198645512128234e-02,9.061863360714544902e-02
7.665631293912946731e-01,8.998854525642209501e-02,8.989740889637001797e-02
7.662767643892051117e-01,8.832192746810862971e-02,8.823576313681781580e-02
7.664369233641642465e-01,8.873176386380451919e-02,8.864439408742855186e-02
7.663099993555784195e-01,8.765908016539245007e-02,8.757484189059333568e-02
7.666366304122109732e-01,8.781387005195276374e-02,8.772918459662151780e-02
7.662649778363905817e-01,8.809898093643746264e-02,8.801346767064510690e-02
7.671719684470749145e-01,8.870103579671061167e-02,8.861375678791350019e-02
7.666371417707831259e-01,8.854379404023703104e-02,8.845697852326675492e-02
7.661472801596591609e-01,8.722235421180703219e-02,8.713936912093681042e-02
7.660686256155422313e-01,8.630238109899721066e-02,8.622199505516196794e-02
7.663557747732068215e-01,8.646844280044374553e-02,8.638759168523579834e-02
7.661387959671026593e-01,8.669234402681606777e-02,8.661086301897899520e-02
7.664568620124460052e-01,8.511330820945468834e-02,8.503620025283735451e-02
7.661938736808469042e-01,8.609426324885556536e-02,8.601445753482565848e-02
7.659990932066487179e-01,8.537847671289484908e-02,8.530064560439147570e-02
7.661685790619399139e-01,8.504659066846234627e-02,8.496966395162180996e-02
7.658788461991898888e-01,8.497895054446688579e-02,8.490220728335060030e-02
7.662181021965155381e-01,8.613613511283962909e-02,8.605621286579127893e-02
7.661852857981026332e-01,8.528005999180658658e-02,8.520249780505731452e-02
7.661736479537728517e-01,8.413631870671357815e-02,8.406183645378235980e-02
7.657162646282457130e-01,8.416922947427307733e-02,8.409465975784834180e-02
7.663538368533540091e-01,8.533444494600062047e-02,8.525673423017852970e-02
7.655956018471374858e-01,8.455416843757285195e-02,8.447857061780082721e-02
7.655296320498758966e-01,8.408267601915972445e-02,8.400833618006581238e-02
7.660852219866216561e-01,8.370241538808709247e-02,8.362907988444098772e-02
7.653563687984179520e-01,8.371481765130740771e-02,8.364144953473104382e-02
7.659606017910017828e-01,8.380186890710561443e-02,8.372827160871904040e-02
7.654109680522082071e-01,8.343724484629680416e-02,8.336460432242615015e-02
7.652827412998830514e-01,8.359126889013775152e-02,8.351822522528322412e-02
7.661777794196880098e-01,8.564498351981050805e-02,8.556642106611704601e-02
7.650904271725977868e-01,8.306162679819041605e-02,8.298996318498580438e-02
7.650345858626819151e-01,8.257733865644906190e-02,8.250692159963643468e-02
7.652323971352679166e-01,8.218859831390093462e-02,8.211917134522317419e-02
7.652186943454223345e-01,8.221112901604070433e-02,8.214164491868981843e-02
7.647688103372761725e-01,8.204300412084478134e-02,8.197394556453656278e-02
7.649680493468706821e-01,8.198547309561496355e-02,8.191655975597585126e-02
7.651661901820708822e-01,8.279431912960230622e-02,8.272334536936290506e-02
7.645684644647361417e-01,8.049887359769081208e-02,8.043364238965824975e-02
7.657656898851130656e-01,8.163335836419888247e-02,8.156532937773872116e-02
7.648471130941347784e-01,8.103090794122468077e-02,8.096437442714146671e-02
7.642926423292943916e-01,7.987150125152717162e-02,7.980778373809975512e-02
7.641473956051381133e-01,7.806543928050511949e-02,7.800594818739468861e-02
7.643968912547426386e-01,7.778373053379997182e-02,7.772488132383621739e-02
7.641199284318161977e-01,7.839048904691835185e-02,7.833025153450538791e-02
7.638408950140110898e-01,7.694411569648931803e-02,7.688715214736335790e-02
7.639232540275057159e-01,7.552700099422979263e-02,7.547312793335038406e-02
7.638955188358607096e-01,7.632688673530012291e-02,7.627128339567532112e-02
7.643846529213831342e-01,7.764211963839984243e-02,7.758359134194370288e-02
7.636985749544209501e-01,7.617652495676940916e-02,7.612124966047770225e-02
7.637842141665434070e-01,7.616805271742750627e-02,7.611279586644838224e-02
7.637129299201677046e-01,7.661130867477905504e-02,7.655508126772003763e-02
7.641272178071972787e-01,7.523042906804359997e-02,7.517718829751533771e-02
7.635807525040382293e-01,7.570310864248311344e-02,7.564885776149732344e-02
7.636539627156386789e-01,7.441427389344806853e-02,7.436274757152182280e-02
7.637749276576675239e-01,7.578218724919884297e-02,7.572776614021273223e-02
7.638355264001743805e-01,7.580640746426385579e-02,7.575193414663494718e-02
7.635450777285713864e-01,7.534781067359486162e-02,7.529432024105518761e-02
7.636509277596810197e-01,7.586968557474757513e-02,7.581507569839678051e-02
7.637084461233677457e-01,7.585120593864087823e-02,7.579663596624745814e-02
7.633704057139804044e-01,7.518367959112245980e-02,7.513053803648805928e-02
7.633360166017602033e-01,7.341113150086236994e-02,7.336166147674744176e-02
7.635791446865972665e-01,7.283057652635788193e-02,7.278227116839779132e-02
7.632185911136528667e-01,7.318103918877903735e-02,7.313203297293634220e-02
7.634662506096896450e-01,7.365966198136834897e-02,7.360968770365042269e-02
7.632529687613918146e-01,7.357977377268445918e-02,7.352996195541226798e-02
7.633839292968033208e-01,7.374503929396719615e-02,7.369489100297713091e-02
7.632762651348634630e-01,7.340209553823909272e-02,7.335264378334542534e-02
7.634146637303400595e-01,7.279177975342580875e-02,7.274355156804210298e-02
7.632548951536942683e-01,7.318481453321373786e-02,7.313580073073483456e-02
7.637658161275989732e-01,7.415900700861560724e-02,7.410800925051123922e-02
7.632786534163755743e-01,7.350740101935296367e-02,7.345773607470887367e-02
7.634671063671275570e-01,7.236709546833985929e-02,7.231970667405737685e-02
7.630509144418178291e-01,7.220649531333046822e-02,7.215942138949039963e-02
7.631045950748107654e-01,7.112065261295484608e-02,7.107567104676205949e-02
7.631687679517235035e-01,7.263051734732484110e-02,7.258260905581215283e-02
7.632509860051653883e-01,7.163320058057640050e-02,7.158723926733395748e-02
7.631726828291318654e-01,7.296641480802901203e-02,7.291783859855108241e-02
7.637789601700915032e-01,7.346069532260511570e-02,7.341112500859241219e-02
7.630657366971314026e-01,7.231594976272215369e-02,7.226866139594040339e-02
7.632109318381293805e-01,7.157216384236693429e-02,7.152631994133855364e-02
7.632417027404150289e-01,7.234554151751453055e-02,7.229819506296208953e-02
7.632212661100705731e-01,7.152460754178734115e-02,7.147885498281116023e-02
7.632285614576441724e-01,7.214291275848723484e-02,7.209596310716737122e-02
7.630630177611172904e-01,7.241602526062775047e-02,7.236854025689269665e-02
7.630545650065820862e-01,7.222984709776078538e-02,7.218272747768091080e-02
7.630550350038265428e-01,7.223989304256955846e-02,7.219275375486584878e-02
7.630054773657707345e-01,7.206729604685926938e-02,7.202049390384182570e-02
7.629862199856508598e-01,7.198791396664164233e-02,7.194126634429098832e-02
7.630004724085175383e-01,7.198382025236113591e-02,7.193718058936465765e-02
7.629893068742658047e-01,7.190328898266405699e-02,7.185680571145487694e-02
7.629495630429832254e-01,7.188828334270357112e-02,7.184182917375492305e-02
7.629110546848576480e-01,7.171296906325196063e-02,7.166685400274894202e-02
7.629003660481361582e-01,7.165376071529593049e-02,7.160775980681720332e-02
7.628830932681229804e-01,7.167122949300862300e-02,7.162519492483972183e-02
7.628681338527093514e-01,7.158199210443175198e-02,7.153612931097184935e-02
7.628605082012125393e-01,7.157065580148760930e-02,7.152481479883819604e-02
7.628335083699500085e-01,7.151729863972219881e-02,7.147156010828364936e-02
7.628316778381221130e-01,7.137851680485515771e-02,7.133304408515378503e-02
7.628232860040847774e-01,7.125699199512273985e-02,7.121175118669755000e-02
7.628345529413989023e-01,7.129500648417004538e-02,7.124969321596416605e-02
7.628399126582817713e-01,7.128937298552538715e-02,7.124407046026580426e-02
7.627949823010444774e-01,7.111259582774237531e-02,7.106762955002719762e-02
7.627787862259600704e-01,7.098897393035863423e-02,7.094424180204418617e-02
7.627724500166748189e-01,7.083900149445267191e-02,7.079455233219483778e-02
7.627659615093385082e-01,7.086042510883253098e-02,7.081593559806423355e-02
7.627517965769162744e-01,7.073101755795908885e-02,7.068677139750757787e-02
7.627416927673982272e-01,7.078623244759468802e-02,7.074188256465212266e-02
7.627554201088621033e-01,7.077135970888946692e-02,7.072703778068124836e-02
7.627500684401868902e-01,7.080841028823267602e-02,7.076401869808901512e-02
7.627237086611757810e-01,7.074332974032360166e-02,7.069906046517006326e-02
7.627232949555551311e-01,7.059047467621344663e-02,7.054649179869879050e-02
7.626854769954140023e-01,7.043708691318829873e-02,7.039339018664572678e-02
7.626801972069162661e-01,7.038392126072506860e-02,7.034032342632459689e-02
7.626720205907682182e-01,7.029262020535145816e-02,7.024919184939315553e-02
7.626463656087852927e-01,7.009584788563215374e-02,7.005278329514678937e-02
7.626433009403472685e-01,6.998416712038904586e-02,6.994130808306200930e-02
7.626177125201458740e-01,6.989362505403774739e-02,6.985093218214785682e-02
7.626169673297653606e-01,6.973267778911074188e-02,6.969027923071392794e-02
7.626029124763819000e-01,6.961748049384576531e-02,6.957529175615022321e-02
7.625930019105955360e-01,6.961339364600405144e-02,6.957121233935868732e-02
7.625898779792619209e-01,6.970712412650242884e-02,6.966477217155193913e-02
7.625819234807000857e-01,6.963991582352062337e-02,6.959768627646770178e-02
7.625864124328233240e-01,6.963305859732464576e-02,6.959084152619565700e-02
7.625979362813659623e-01,6.972093954386902881e-02,6.967856239731501367e-02
7.625581151091185284e-01,6.952464978985618826e-02,6.948262962956873456e-02
7.625708771972738997e-01,6.954850609161329633e-02,6.950644265206140648e-02
7.625748818630979642e-01,6.957637670750778380e-02,6.953426266842495373e-02
7.625174534350451783e-01,6.932905445435878777e-02,6.928738801697462146e-02
7.624888948010494216e-01,6.907117086686286045e-02,6.902996775460142065e-02
7.624854860197409767e-01,6.902263183166459926e-02,6.898151554075997172e-02
7.624585316496931275e-01,6.892201407033286820e-02,6.888107736483432830e-02
7.624281033700055499e-01,6.877862520158888049e-02,6.873794351557378779e-02
7.623948258145212264e-01,6.864196925280890982e-02,6.860152962360505091e-02
7.623743818311229381e-01,6.853525340586223702e-02,6.849500213170038598e-02
7.623546223652952758e-01,6.835853477155678926e-02,6.831859412025233225e-02
7.623385572151821776e-01,6.824461854771529667e-02,6.820487728007257333e-02
7.623167957569101372e-01,6.800631608051256605e-02,6.796698975670573128e-02
7.623089079770029031e-01,6.791482922698803548e-02,6.787566143379072936e-02
7.623011212582615492e-01,6.787122688065524989e-02,6.783213449246522364e-02
7.622948413908656740e-01,6.783628438255831505e-02,6.779725235327743738e-02
7.622836800988908035e-01,6.776540667532046647e-02,6.772649688771130438e-02
7.622823831816847306e-01,6.782233660858251467e-02,6.778332865502013915e-02
7.622815571040537641e-01,6.769271477935336068e-02,6.765393009685521930e-02
7.622189624325372836e-01,6.740582240404213721e-02,6.736752885415225878e-02
7.621884697496685845e-01,6.726403929119402492e-02,6.722598692169171053e-02
7.621488916689990178e-01,6.701142519044375745e-02,6.697380001650103665e-02
7.621185371096026451e-01,6.681369053481928111e-02,6.677639750938181573e-02
7.620785303019816936e-01,6.653269388970030340e-02,6.649586950146252340e-02
7.620538381484063262e-01,6.637323897655844629e-02,6.633667876715150513e-02
7.620187268677871550e-01,6.604626662650457669e-02,6.601024417342951645e-02
7.619992291092652081e-01,6.596332377462557628e-02,6.592743688994633089e-02
7.619773626019514801e-01,6.576841047728608503e-02,6.573284083429260793e-02
7.619444717284541424e-01,6.550392880166897025e-02,6.546878663188697434e-02
7.619261398791459250e-01,6.534261622750504872e-02,6.530773309243634306e-02
7.618949398116336980e-01,6.513686410382010794e-02,6.510230951237490349e-02
7.618600494791158972e-01,6.479766685219427724e-02,6.476364937268430655e-02
7.618487903552868534e-01,6.468138138442489082e-02,6.464754675094393221e-02
7.618303428134041155e-01,6.447528963659417134e-02,6.444177744740571534e-02
7.618210896453412317e-01,6.437733291540842506e-02,6.434397326490222391e-02
7.618050696653986265e-01,6.426202743372258497e-02,6.422884674336815092e-02
7.617991073804817326e-01,6.420065608462846574e-02,6.416757038423170911e-02
7.617801864436788417e-01,6.398950018301682863e-02,6.395673992207377700e-02
7.617736457262769267e-01,6.392335036126291226e-02,6.389069161140205344e-02
7.617500875229433754e-01,6.379265014087076580e-02,6.376019134171427571e-02
7.617370052085374876e-01,6.369787854702474439e-02,6.366556422174315943e-02
7.617211597372171017e-01,6.357962173519397797e-02,6.354748708345558939e-02
7.617130954860129588e-01,6.339164247612615044e-02,6.335979205761235744e-02
7.617134714103646065e-01,6.327996934672799889e-02,6.324828698661964788e-02
7.617074333918664175e-01,6.336260892845227422e-02,6.333080225996452761e-02
7.617170516736635477e-01,6.333691825654422236e-02,6.330515026732830286e-02
7.617015586286746132e-01,6.336909549993044455e-02,6.333727906044481215e-02
7.617077296931917818e-01,6.342012771372185220e-02,6.338823433244068772e-02
7.617102059404095016e-01,6.340669702993302626e-02,6.337482391024841510e-02
7.616870426350943468e-01,6.330626090370981840e-02,6.327453903042994099e-02
7.617028555449942839e-01,6.341345038574139337e-02,6.338156707898323639e-02
7.616824931616977823e-01,6.329074333636938721e-02,6.325904478816880838e-02
7.616286509005696370e-01,6.295994647288878643e-02,6.292874244203261469e-02
7.615316984816256074e-01,6.231577503108729627e-02,6.228551917411331157e-02
7.614487013667732285e-01,6.157378751704035286e-02,6.154459977057023801e-02
7.613500857666122279e-01,6.054969880893105311e-02,6.052194353462967552e-02
7.613012905351052018e-01,6.002153739601213261e-02,5.999450222142566763e-02
7.612659584142474900e-01,5.967723889320181163e-02,5.965066636497964869e-02
7.612109369933525160e-01,5.922828829374830739e-02,5.920231106563302731e-02
7.611723148773512637e-01,5.881477675851473630e-02,5.878933991044157925e-02
7.611676161421830900e-01,5.868509684869761128e-02,5.865982791008184094e-02
7.611536637897402535e-01,5.842516896875408344e-02,5.840023435599243223e-02
7.611296055207767974e-01,5.828655808581094389e-02,5.826180054588039892e-02
7.611260713727359128e-01,5.822169800089632696e-02,5.819702302973953773e-02
7.610958013937401123e-01,5.800050406614609688e-02,5.797610930009151897e-02
7.610962721710865519e-01,5.796388174993433867e-02,5.793953317075439813e-02
7.610916618992680238e-01,5.800498665743131221e-02,5.798058623407294915e-02
7.611041484132310408e-01,5.799841333629565665e-02,5.797402120857360341e-02
7.610905661784932441e-01,5.798022638060224693e-02,5.795585719531647778e-02
7.610909566637314994e-01,5.789657467318105183e-02,5.787231082735712351e-02
7.610902724286248144e-01,5.797533574061089490e-02,5.795097272230453900e-02
7.610673197037892690e-01,5.781456485487774383e-02,5.779040398576761051e-02
7.610766848385350780e-01,5.773310240719956715e-02,5.770904353857374963e-02
7.610886995648459274e-01,5.790198801553830127e-02,5.787771736209441908e-02
7.610648208721660923e-01,5.779843154037325736e-02,5.777429089490138114e-02
7.610604619429300888e-01,5.779251350765463729e-02,5.776838027780645257e-02
7.610706024721518581e-01,5.778173199520120901e-02,5.775761227127136632e-02
7.610669225078630085e-01,5.774698299760848419e-02,5.772290676919868135e-02
7.610255310613633917e-01,5.759994167925205216e-02,5.757604892439072142e-02
7.609751411437617463e-01,5.730825023334573665e-02,5.728471867809995649e-02
7.609485250745084972e-01,5.717598278941380535e-02,5.715261381303872457e-02
7.609197646945069504e-01,5.694521782758371620e-02,5.692213070361382132e-02
7.608841894112694515e-01,5.667415841579508118e-02,5.665139945319395964e-02
7.608664179880550993e-01,5.647359081699690475e-02,5.645107266144545888e-02
7.608591106572524243e-01,5.631642051387873021e-02,5.629408986954981264e-02
7.608346999852000359e-01,5.614786682456914674e-02,5.612573611220545572e-02
7.608141453356933592e-01,5.595729979537858445e-02,5.593539368464777589e-02
7.608082966563631810e-01,5.580062038517843298e-02,5.577889779361425854e-02
7.607829903663927418e-01,5.555411906119102350e-02,5.553268311764599646e-02
7.607459555300024601e-01,5.527670671506960953e-02,5.525559033569464595e-02
7.607259146289294671e-01,5.511445889883346411e-02,5.509352793962411787e-02
7.607222190054045985e-01,5.502180263073533362e-02,5.500097707236805550e-02
7.607133914587577150e-01,5.487049328577470880e-02,5.484983908700256927e-02
7.607048312740420926e-01,5.470466251618062020e-02,5.468419503995748665e-02
7.606938208890877684e-01,5.451496182628993992e-02,5.449470656549255942e-02
7.606888688804334109e-01,5.446509323043698114e-02,5.444489351232579405e-02
7.606880382755074610e-01,5.437718873227444238e-02,5.435708667304679775e-02
7.607033980617079472e-01,5.437271735419843544e-02,5.435262025409275805e-02
7.606863383639204113e-01,5.436542391662518153e-02,5.434533490377344706e-02
7.606718886892961384e-01,5.420788358359169418e-02,5.418796872849625940e-02
7.606748747943736788e-01,5.415601054952830923e-02,5.413615281797044820e-02
7.606670735497347291e-01,5.420432855698918001e-02,5.418441762025676123e-02
7.606611740217217310e-01,5.418183782283838429e-02,5.416195166348317797e-02
7.606581812154945554e-01,5.417129938706328335e-02,5.415142483052886452e-02
7.606747609945643251e-01,5.420649653920567995e-02,5.418658321297684793e-02
7.606625496947458931e-01,5.418695483820944181e-02,5.416706304339755779e-02
7.606557134566473977e-01,5.411535396403969328e-02,5.409554092779368661e-02
7.606643275434685769e-01,5.402569727136979222e-02,5.400598256094692184e-02
7.606572250126110157e-01,5.408400776251876679e-02,5.406422914050431489e-02
7.606401768635067118e-01,5.397967395412519437e-02,5.396000959050925583e-02
7.605904471332911587e-01,5.367853320860509203e-02,5.365919616106939322e-02
7.605692847236542597e-01,5.352724165858010336e-02,5.350806767299579048e-02
7.605452287076837070e-01,5.331711412177217446e-02,5.329816508678057729e-02
7.605369696128170265e-01,5.318542977936826371e-02,5.316662081720614080e-02
7.605102324868602270e-01,5.296719190672254801e-02,5.294861356136407876e-02
7.604951203579846108e-01,5.280631187935812265e-02,5.278790232687156220e-02
7.604877736996913384e-01,5.264710665376243909e-02,5.262886312725709170e-02
7.604838067280642599e-01,5.248691805284824013e-02,5.246884056715762218e-02
7.604701338362376273e-01,5.228654854258014267e-02,5.226867732413422590e-02
7.604777126715485114e-01,5.216705213983539174e-02,5.214930318481716953e-02
7.604698482808673887e-01,5.225272032814026052e-02,5.223488377802903287e-02
7.604668205620944699e-01,5.219869455462138735e-02,5.218091327895912207e-02
7.604637016392199467e-01,5.209106578355122974e-02,5.207339428358252059e-02
7.604264925074850634e-01,5.190897206171316697e-02,5.189148525713240673e-02
7.604198356434654915e-01,5.192617612692711215e-02,5.190867192779984041e-02
7.604070271506424561e-01,5.176130730433769339e-02,5.174396932566550228e-02
7.604016066406247276e-01,5.165587398386278783e-02,5.163864174919102767e-02
7.603973622330764126e-01,5.154908407104427659e-02,5.153195850170563114e-02
7.603914604919836950e-01,5.152985493989216403e-02,5.151274853035102408e-02
7.603879118072855992e-01,5.145630193437358141e-02,5.143926868075029274e-02
7.603701692237634369e-01,5.125015075160861688e-02,5.123332142393353938e-02
7.603754193919991522e-01,5.108968629256643162e-02,5.107301456569560832e-02
7.603733271917076930e-01,5.124459832510691593e-02,5.122777446729184780e-02
7.603797513735314206e-01,5.133782439442698825e-02,5.132090853960419308e-02
7.603717655477735260e-01,5.126797953908010519e-02,5.125113263971348143e-02
7.603951735670495538e-01,5.132127725163409399e-02,5.130437775021932933e-02
7.603686828777381779e-01,5.121013404690937659e-02,5.119334411435866317e-02
7.603815851838868767e-01,5.124219590420091980e-02,5.122537441271430431e-02
7.603775183768791690e-01,5.125467543350020749e-02,5.123784164754760506e-02
7.603759539975412096e-01,5.117507779760822190e-02,5.115832232621066872e-02
7.603600380980168882e-01,5.116329178941037004e-02,5.114654789334337204e-02
7.603213584889441101e-01,5.091877437172991072e-02,5.090226942108846964e-02
7.602933850805726479e-01,5.068460424328353336e-02,5.066832598486686184e-02
7.602730127173404906e-01,5.050652258512795811e-02,5.049041532493917656e-02
7.602683347208982756e-01,5.040186785243737366e-02,5.038586052321104847e-02
7.602563919263296555e-01,5.020375462067198230e-02,5.018793532890187398e-02
7.602454751966134516e-01,5.009063715235946568e-02,5.007492456151267646e-02
7.602431157599129907e-01,4.997318594790309265e-02,4.995758363697175991e-02
7.602382499071977939e-01,4.986558121558015699e-02,4.985007948520087800e-02
7.602318041389186654e-01,4.972087553341946603e-02,4.970550837975741543e-02
7.602310932077608330e-01,4.959786593542994670e-02,4.958261256663565320e-02
7.602025225358781668e-01,4.940936987661220109e-02,4.939428977600775206e-02
7.601846011982855700e-01,4.926488640654249490e-02,4.924993822502223006e-02
7.601746616967686165e-01,4.904607917721657412e-02,4.903132930674918011e-02
7.601837587865474255e-01,4.907432590445041237e-02,4.905955053240798613e-02
7.601691227542636264e-01,4.899779029661688323e-02,4.898308395408598054e-02
7.601801612444750722e-01,4.896131856159832707e-02,4.894664503810552264e-02
7.601867045687615843e-01,4.908602371135976916e-02,4.907123776975616525e-02
7.601448409159717867e-01,4.882281914828339592e-02,4.880826980846241642e-02
7.601351040124217917e-01,4.878056681959368895e-02,4.876605522479143112e-02
7.601074232591304991e-01,4.853551451470650147e-02,4.852122054417883079e-02
7.601106415606571076e-01,4.849147816018221924e-02,4.847722306500292649e-02
7.601053292724422317e-01,4.850692392775793338e-02,4.849265520506969296e-02
7.600834483035725508e-01,4.825850051431472554e-02,4.824444991947155620e-02
7.600710777393329121e-01,4.806959354003335905e-02,4.805570731829125058e-02
7.600695121421648937e-01,4.794244693534496782e-02,4.792867062227001984e-02
7.600556674259741907e-01,4.775566973967677181e-02,4.774205382723843705e-02
7.600497440264564197e-01,4.763725671941618917e-02,4.762374184997764798e-02
7.600409746740712791e-01,4.754477026777882004e-02,4.753133396927608501e-02
7.600255048657280632e-01,4.735651139497407819e-02,4.734323408776472397e-02
7.600044133795220702e-01,4.721159964115716895e-02,4.719844385900735795e-02
7.599873901335156834e-01,4.705372273552360651e-02,4.704069850453938828e-02
7.599812302163865274e-01,4.693194190195029009e-02,4.691901854367089980e-02
7.599692968906757162e-01,4.679450513978970078e-02,4.678169499499409273e-02
7.599610986986473637e-01,4.659099511084223433e-02,4.657835138981691880e-02
7.599516745470218382e-01,4.638544424452808318e-02,4.637296714648358326e-02
7.599361473609146378e-01,4.618354166190020288e-02,4.617122679782405953e-02
7.599149900630894905e-01,4.598984938028918140e-02,4.597768882529720824e-02
7.599099169880723093e-01,4.579149044493876358e-02,4.577948657507263652e-02
7.599006666377654540e-01,4.570268306126193392e-02,4.569074890253183030e-02
7.599115014885795549e-01,4.571872600711522627e-02,4.570677927517547562e-02
7.598892445421483455e-01,4.565275672545346386e-02,4.564086163858638301e-02
7.598879090982531004e-01,4.561806139565557916e-02,4.560619341073868932e-02
7.598884448799525515e-01,4.554796487896759644e-02,4.553615152363373747e-02
7.598967749043985531e-01,4.561609792392831708e-02,4.560423147152149748e-02
7.598988148918277563e-01,4.568469095336956387e-02,4.567277088492730647e-02
7.598915353887361057e-01,4.565218344271925605e-02,4.564028880401016508e-02
7.598473312194498064e-01,4.541888005002125278e-02,4.540716685751818721e-02
7.598305051856417691e-01,4.530858060243321550e-02,4.529695254636757762e-02
7.597977304495782125e-01,4.504919712308417395e-02,4.503776764826214474e-02
7.597858327206967743e-01,4.490136182962171235e-02,4.489004451766619858e-02
7.597717364864375877e-01,4.474046564326768921e-02,4.472926956681257116e-02
7.597571702813196159e-01,4.455546075231100328e-02,4.454440300337843273e-02
7.597485975927300572e-01,4.440403881512405143e-02,4.439309343213017345e-02
7.597510998528271831e-01,4.431791925458357373e-02,4.430703743753146989e-02
7.597460793528381107e-01,4.438054708906723211e-02,4.436961907009324968e-02
7.597336481372287675e-01,4.419198851684310453e-02,4.418119920703725279e-02
7.597217184473743501e-01,4.405237026310931947e-02,4.404168290061995228e-02
7.597145231776840646e-01,4.398480054562781127e-02,4.397416229012690581e-02
7.597168976769166360e-01,4.388160634468450672e-02,4.387104279593043860e-02
7.597080226055074048e-01,4.392983488263711017e-02,4.391923646284412452e-02
7.597068613034451134e-01,4.381357443695994835e-02,4.380305994763617622e-02
7.597013452912517728e-01,4.371270810799279816e-02,4.370226607582788220e-02
7.596845719815997766e-01,4.353158788063898887e-02,4.352127511885898331e-02
7.596757227348798214e-01,4.349144413369933349e-02,4.348115987837672392e-02
7.596814256854010905e-01,4.346622303206498783e-02,4.345595665960075987e-02
7.596776049512843354e-01,4.348058769793059636e-02,4.347031114283748249e-02
7.596811308087295656e-01,4.339131008444321869e-02,4.338109670619755970e-02
7.596698515249465933e-01,4.343375914830720913e-02,4.342351576358971510e-02
7.596757832212046591e-01,4.344369149869491131e-02,4.343344108450457319e-02
7.596724627961254361e-01,4.344384629823496574e-02,4.343359577445587982e-02
7.596909839233665362e-01,4.355628603001911875e-02,4.354595570369680646e-02
7.596701142880025737e-01,4.344114908709948569e-02,4.343090047257123359e-02
7.596548743317823593e-01,4.339882369703749326e-02,4.338860501183198354e-02
7.596422127407133074e-01,4.330826070051301685e-02,4.329810585876647105e-02
7.596146863234305435e-01,4.299185131804188903e-02,4.298191744437988154e-02
7.596042287771306301e-01,4.287761115771499681e-02,4.286775627025526253e-02
7.595980832321713727e-01,4.276046681752689038e-02,4.275069248824232143e-02
7.595856417679525130e-01,4.260283928756375404e-02,4.259317266152023301e-02
7.595835389659655323e-01,4.250204482209567203e-02,4.249244665009039440e-02
7.595718605272165913e-01,4.229996230581134498e-02,4.229050040197761956e-02
7.595579736616069333e-01,4.209433442333963132e-02,4.208500984807465872e-02
7.595567016486002299e-01,4.201149465091424257e-02,4.200222502247014100e-02
7.595522156974636729e-01,4.184756367928641613e-02,4.183840214752786862e-02
7.595650945537054666e-01,4.185009548768776899e-02,4.184093229286477839e-02
7.595639724338190124e-01,4.190731074330718287e-02,4.189810991200743073e-02
7.595385631281492689e-01,4.170534581435463017e-02,4.169627737793651923e-02
7.595338895760093134e-01,4.165356947541833804e-02,4.164453477436676210e-02
7.595347788688837642e-01,4.159849092597907305e-02,4.158949201991924555e-02
7.595289679094685553e-01,4.164883559781552141e-02,4.163980397698941599e-02
7.595207853389116526e-01,4.157545280136254462e-02,4.156646883945349508e-02
7.595083939456588329e-01,4.142507801247957006e-02,4.141619118795653726e-02
7.595027966941660935e-01,4.133674664068927307e-02,4.132791654764300660e-02
7.595146092789732961e-01,4.132618960353148796e-02,4.131736627461982808e-02
7.595007630412182742e-01,4.134061332981393139e-02,4.133178075842042221e-02
7.594845077516938492e-01,4.120164920962579580e-02,4.119290541599394950e-02
7.594740688100893866e-01,4.111769398375646201e-02,4.110900353584935607e-02
7.594698231433063551e-01,4.103994686873579933e-02,4.103130562795004321e-02
7.594653548486990369e-01,4.093671587608006812e-02,4.092813968391465634e-02
7.594654336749728785e-01,4.088073207247673591e-02,4.087219102027367379e-02
7.594728346260403162e-01,4.097109053839020215e-02,4.096249272221167553e-02
7.594492701519881539e-01,4.074198012972959915e-02,4.073352575539028464e-02
7.594500638365073719e-01,4.071384553289288111e-02,4.070540866230841492e-02
7.594506794921538351e-01,4.073111863451806675e-02,4.072267102044907494e-02
7.594235964169062658e-01,4.048805972192880132e-02,4.047976244834371184e-02
7.593952356624454891e-01,4.019306302348059357e-02,4.018494580599887844e-02
7.593768628665515941e-01,3.996226018918906664e-02,3.995428201532823936e-02
7.593575604424527281e-01,3.969908204273980834e-02,3.969126046813192116e-02
7.593532094663175691e-01,3.954413084638844916e-02,3.953640050688753821e-02
7.593307275458851535e-01,3.929399809178807379e-02,3.928641352835796768e-02
7.593079167102001481e-01,3.898765277402628515e-02,3.898024423545302236e-02
7.592987310901488929e-01,3.885144815660091649e-02,3.884411699784307004e-02
7.592895471725976675e-01,3.866572859766184700e-02,3.865850207791522719e-02
7.592767078019271310e-01,3.844948345282063473e-02,3.844237751054253860e-02
7.592604196555668983e-01,3.818505228859869760e-02,3.817809195964767116e-02
7.592485008072366037e-01,3.799183442982706493e-02,3.798497923206565346e-02
7.592297186027578970e-01,3.769933963514308928e-02,3.769264156295433488e-02
7.592323158459463039e-01,3.766961182960289894e-02,3.766292959114856537e-02
7.592267982501500478e-01,3.768903237388768201e-02,3.768233979441664577e-02
7.592316129884850717e-01,3.765434339933694530e-02,3.764766928348917824e-02
7.592297934908127655e-01,3.770459848754580817e-02,3.769789761176600695e-02
7.592200391887504729e-01,3.763281488161657889e-02,3.762615220748576073e-02
7.592168651182811256e-01,3.757849266640948815e-02,3.757185880467034389e-02
7.592153040169790090e-01,3.743283496381977216e-02,3.742627794832456556e-02
7.592210818983842202e-01,3.745022802907765208e-02,3.744366186869736712e-02
7.592129683885838753e-01,3.740576121069665028e-02,3.739921841306310252e-02
7.591882838378674059e-01,3.720396106715023743e-02,3.719752359843708778e-02
7.591790784179369700e-01,3.701693973405488503e-02,3.701059886554991518e-02
7.591711125501414692e-01,3.681147582767697879e-02,3.680523996579929819e-02
7.591651255356470784e-01,3.672200503000577765e-02,3.671581452929154055e-02
7.591551010100107133e-01,3.654130666607544042e-02,3.653520710646222802e-02
7.591663268141538579e-01,3.653443126247811479e-02,3.652833514537311838e-02
7.591611734485773644e-01,3.656906545694206534e-02,3.656295198529724982e-02
7.591428509181715745e-01,3.639597619479770230e-02,3.638994912680101196e-02
7.591437026235980934e-01,3.641495758113455494e-02,3.640892107791902921e-02
7.591401546322289473e-01,3.638389427947984894e-02,3.637787321201715884e-02
7.591129756878749468e-01,3.610168594346889470e-02,3.609580390520385901e-02
7.590971814921640970e-01,3.588928633775293614e-02,3.588350751403783512e-02
7.590873276210985399e-01,3.575127927224169139e-02,3.574556686093453839e-02
7.590676746525961693e-01,3.543909379135792848e-02,3.543352972972573650e-02
7.590580585573558636e-01,3.520292681886067615e-02,3.519747326040599533e-02
7.590584729526563823e-01,3.512963727384651319e-02,3.512421770782148817e-02
7.590540475287252953e-01,3.516486782989251825e-02,3.515943194127379295e-02
7.590503590018113922e-01,3.505985169299463688e-02,3.505446436266978355e-02
7.590510959200320595e-01,3.502964488790599046e-02,3.502427147112877059e-02
7.590514997455555246e-01,3.506123360016799584e-02,3.505584563275221388e-02
7.590573682174127645e-01,3.498429947198284512e-02,3.497894689671058460e-02
7.590544412301812871e-01,3.508612103297543278e-02,3.508072158323851525e-02
7.590555679514261467e-01,3.502262342529912503e-02,3.501725323922440930e-02
7.590554392471964285e-01,3.509449299750163481e-02,3.508908968152693597e-02
7.590339779087409422e-01,3.487158872296514112e-02,3.486628771781433156e-02
7.590194059103253510e-01,3.468596694521620949e-02,3.468075014637790610e-02
7.590049131415389505e-01,3.448833037049313377e-02,3.448320224301011649e-02
7.589998364346941528e-01,3.431618032839894167e-02,3.431112861382696472e-02
7.589891942841511252e-01,3.412645870895291561e-02,3.412149032329055837e-02
7.589779080956515767e-01,3.394346081734987697e-02,3.393857193427338853e-02
7.589706119192449751e-01,3.378967664486790673e-02,3.378485391303255592e-02
7.589704291097324473e-01,3.368567784430212542e-02,3.368089950825396001e-02
7.589535445870596586e-01,3.344217164642412921e-02,3.343749619244374555e-02
7.589398127447384290e-01,3.324058401559181614e-02,3.323599260697562147e-02
7.589404082384132444e-01,3.313692778149611440e-02,3.313237919408516807e-02
7.589414473472302358e-01,3.326525439707766346e-02,3.326065275748858047e-02
7.589171153884534116e-01,3.294808851926236265e-02,3.294361725689776144e-02
7.589134918634741211e-01,3.284703567618554865e-02,3.284260543012245542e-02
7.589052791018179311e-01,3.266005274175395184e-02,3.265569772717061975e-02
7.588977538681147550e-01,3.250187624417840565e-02,3.249758420194795439e-02
7.588924784245902888e-01,3.236593429672628142e-02,3.236169588741752423e-02
7.588839201705147586e-01,3.213552331304096732e-02,3.213137478360558741e-02
7.588710554391880914e-01,3.193076767495454243e-02,3.192669794333872352e-02
7.588600523010045062e-01,3.173496514644812139e-02,3.173096982773496860e-02
7.588615115830377178e-01,3.156206962263404664e-02,3.155813925227779482e-02
7.588643651472277707e-01,3.172643487218156089e-02,3.172244277453863115e-02
7.588458034794458573e-01,3.152802412671325966e-02,3.152410646204874961e-02
7.588334869940471794e-01,3.143133250782080557e-02,3.142745077883559585e-02
7.588344479455186864e-01,3.137573162764155377e-02,3.137187046299233506e-02
7.588367991077612507e-01,3.144008305050072921e-02,3.143619807843850422e-02
7.588204475013089478e-01,3.126716167288317444e-02,3.126334045387114263e-02
7.588128339718682724e-01,3.108910452659262996e-02,3.108534822124025751e-02
7.588038666312608704e-01,3.090833924716772721e-02,3.090464808643542810e-02
7.588041430244795160e-01,3.085940742094789649e-02,3.085573376390063696e-02
7.588061562433034979e-01,3.091185518346560579e-02,3.090816276288701689e-02
7.587897874068687543e-01,3.071513297907287054e-02,3.071151060895935606e-02
7.587949352143685822e-01,3.064329069669002523e-02,3.063969368618861891e-02
7.587894650890614212e-01,3.067626545416366618e-02,3.067265681863909355e-02
7.587804235191999425e-01,3.046748648066204684e-02,3.046395102745116240e-02
7.587887828926254130e-01,3.044406062330311594e-02,3.044053331916068972e-02
7.587898087208875264e-01,3.053558721472744014e-02,3.053202800029383018e-02
7.587674116358806842e-01,3.030974679335241700e-02,3.030626597086403737e-02
7.587557962293751679e-01,3.009949983598818671e-02,3.009609095026064343e-02
7.587513313839469031e-01,3.005340654484386226e-02,3.005001329647642716e-02
7.587481423103015210e-01,2.990217668757536029e-02,2.989883440860438557e-02
7.587514209391645892e-01,2.991495234907371598e-02,2.991160578417143695e-02
7.587496463708220951e-01,2.989176349240475414e-02,2.988842470412420363e-02
7.587556747659521816e-01,2.992333075130422515e-02,2.991998137364046406e-02
7.587521868497004718e-01,2.995094471623808638e-02,2.994758605702415449e-02
7.587495871194336328e-01,2.986890300230723647e-02,2.986557186872093594e-02
7.587504583373239075e-01,2.987121739163836956e-02,2.986788548363358137e-02
7.587444842855086691e-01,2.986006338784420039e-02,2.985673521101417718e-02
7.587608578563245221e-01,2.983496121306552368e-02,2.983164142309491923e-02
7.587533905284606917e-01,2.989849876700585371e-02,2.989515772122997017e-02
7.587243179953999661e-01,2.961275959293304533e-02,2.960951342890462759e-02
7.587143673719805026e-01,2.942467563048053666e-02,2.942149093018681105e-02
7.587040872056998175e-01,2.929256594945916017e-02,2.928942395400238249e-02
7.587022223323545145e-01,2.916634885741983471e-02,2.916324730372937130e-02
7.586965284927578157e-01,2.905453851901193194e-02,2.905147249979474905e-02
7.586933615223840910e-01,2.896385956756760208e-02,2.896082216689818342e-02
7.586883067036684913e-01,2.875561166711436412e-02,2.875263931477669427e-02
7.586895946612890462e-01,2.862187223028555411e-02,2.861894115909112066e-02
7.586853176453197678e-01,2.870000707521007041e-02,2.869705193300996215e-02
7.586770785491594449e-01,2.860642340270578080e-02,2.860349707530647836e-02
7.586650376017312070e-01,2.841023419178068110e-02,2.840736766260919255e-02
7.586624145118486817e-01,2.822849083847321291e-02,2.822567897245684826e-02
7.586537170624840787e-01,2.805997942901039890e-02,2.805721762134331596e-02
7.586361577892000163e-01,2.787208133633069240e-02,2.786937464144762649e-02
7.586235334974777977e-01,2.763683723203992637e-02,2.763419849709150555e-02
7.586297328639113324e-01,2.765310877747855292e-02,2.765046537888175143e-02
7.586251933757135468e-01,2.764439046434791908e-02,2.764174956522252521e-02
7.586247437488917722e-01,2.762193610670598404e-02,2.761930163782707129e-02
7.586226747018305350e-01,2.761574509893299431e-02,2.761311240112288359e-02
7.586163972955876078e-01,2.748262495627830371e-02,2.748003014875356406e-02
7.586206985003979275e-01,2.748828750905511070e-02,2.748569109723396700e-02
7.586182676795147906e-01,2.748955671789052313e-02,2.748695994639330578e-02
7.586010193621313125e-01,2.731327857630166250e-02,2.731073144245481019e-02
7.586021345946769578e-01,2.729118244518796352e-02,2.728864148833353223e-02
7.586057035327611331e-01,2.732157595347334614e-02,2.731902649751513645e-02
7.585960367793920245e-01,2.716205443214197990e-02,2.715954937354863805e-02
7.585821422163341321e-01,2.689675470752292755e-02,2.689432233943263653e-02
7.585764077592942467e-01,2.680350009895626426e-02,2.680109294404266901e-02
7.585651413384235653e-01,2.662295262661693376e-02,2.662059378972417636e-02
7.585615614421377106e-01,2.650730567186834058e-02,2.650497744206524453e-02
7.585487563132715660e-01,2.628017175934142108e-02,2.627790286976212225e-02
7.585406535606320499e-01,2.598543466168911145e-02,2.598324125936684811e-02
7.585312876055521070e-01,2.579652304641985930e-02,2.579437713593758438e-02
7.585307757918269278e-01,2.562258802142797914e-02,2.562048522700881292e-02
7.585210085512250622e-01,2.547044539838235963e-02,2.546837984109823552e-02
7.585193701053776216e-01,2.541276630948996126e-02,2.541071475351204187e-02
7.585169104556782615e-01,2.537955822242887738e-02,2.537751469876640270e-02
7.585140539184609398e-01,2.538499942644578677e-02,2.538295458810698943e-02
7.585108813733074662e-01,2.527112689770366280e-02,2.526910945515961626e-02
7.585094193451019651e-01,2.513620521372216671e-02,2.513421991300386973e-02
7.585062602838428258e-01,2.510475175876871606e-02,2.510277390165166836e-02
7.585089232848386542e-01,2.492423617418708034e-02,2.492230067743315958e-02
7.585047070326584873e-01,2.508559297919808750e-02,2.508361964697485708e-02
7.585019489173139284e-01,2.505278564777752709e-02,2.505082004790570166e-02
7.585041053535530597e-01,2.516524070799150761e-02,2.516324851929969617e-02
7.585136875602951356e-01,2.511875946849957686e-02,2.511677829869106773e-02
7.584856812372063883e-01,2.485296766759089587e-02,2.485104872693099515e-02
7.584883923563413566e-01,2.481774859371465095e-02,2.481583779968771566e-02
7.584873351150673848e-01,2.487170062618330318e-02,2.486977734294380099e-02
7.584674132987372364e-01,2.463367955125509226e-02,2.463181095984696978e-02
7.584644171931426149e-01,2.450893271418126337e-02,2.450709236803396904e-02
7.584573606741640273e-01,2.438324232239305958e-02,2.438143014579932308e-02
7.584529423464771991e-01,2.429326434862127265e-02,2.429147216023271397e-02
7.584459503886429310e-01,2.412754431955785317e-02,2.412578855943186065e-02
7.584343575014974581e-01,2.389765204395755474e-02,2.389594599606258835e-02
7.584308074472813077e-01,2.379965093867122614e-02,2.379796579415883670e-02
7.584236401198357624e-01,2.366265941552032556e-02,2.366100320373476507e-02
7.584231378706410842e-01,2.354545820177515736e-02,2.354382647853201643e-02
7.584156540454207729e-01,2.342989556242275340e-02,2.342828774781394868e-02
7.584135873349036050e-01,2.333812611881242588e-02,2.333653712303547512e-02
7.584084859550215274e-01,2.325047218399513976e-02,2.324890102543911846e-02
7.584063241916449982e-01,2.303917822020662767e-02,2.303764950927406768e-02
7.584107971427256345e-01,2.305126225403890047e-02,2.304973113636260909e-02
7.584080065873772813e-01,2.304526058606411534e-02,2.304373066402856662e-02
7.584023701854302191e-01,2.294120197581652962e-02,2.293969268542739998e-02
7.584019773217139937e-01,2.285221250738344798e-02,2.285072071306353328e-02
7.584009685837180825e-01,2.284326529282729862e-02,2.284177525008383725e-02
7.583887074623126834e-01,2.257543769377992962e-02,2.257399945039426786e-02
7.583910334013039822e-01,2.250504320211500070e-02,2.250361837124120398e-02
7.583916100706100671e-01,2.259594185650100340e-02,2.259449969062060637e-02
7.583853138554860207e-01,2.248580505756908599e-02,2.248438387764240334e-02
7.583858331390267438e-01,2.242951065225025353e-02,2.242810011986461419e-02
7.583811128734485596e-01,2.242593613770384881e-02,2.242452627958123335e-02
7.583785274733400028e-01,2.226353781923734454e-02,2.226215836912072074e-02
7.583818312778103365e-01,2.213735554855899082e-02,2.213599942101380363e-02
7.583885454587588892e-01,2.231065762161281787e-02,2.230926939412439594e-02
7.583595757991706821e-01,2.206325717479438314e-02,2.206191461972250439e-02
7.583623765039804177e-01,2.195957065155680621e-02,2.195824693609889702e-02
7.583600271961394856e-01,2.204473080513833644e-02,2.204339162930713317e-02
7.583505299669792699e-01,2.189234644145275979e-02,2.189103484582575337e-02
7.583459945805447466e-01,2.185565612649420508e-02,2.185435111442515788e-02
7.583423681147478668e-01,2.177269739545105443e-02,2.177140718787591578e-02
7.583384156062666914e-01,2.168205943960230947e-02,2.168078527843060599e-02
7.583363026210820923e-01,2.155758607850933109e-02,2.155633373631809027e-02
7.583343236306619994e-01,2.149794395139138781e-02,2.149670197499432139e-02
7.583351055652142181e-01,2.132973048459877938e-02,2.132851743523847196e-02
7.583325831262868189e-01,2.146785376144952698e-02,2.146661699296821893e-02
7.583411266033281972e-01,2.140171735056002958e-02,2.140049197751193663e-02
7.583340731678436253e-01,2.144611873312387770e-02,2.144488571740054209e-02
7.583307064214581672e-01,2.140714183561429410e-02,2.140591553056894747e-02
7.583284209814211696e-01,2.138959515588755023e-02,2.138837186391731940e-02
7.583299840772650402e-01,2.145767453677780226e-02,2.145643952678658040e-02
7.583323659351208779e-01,2.140973843252836489e-02,2.140851168119057776e-02
7.583263118247155488e-01,2.130696156110170603e-02,2.130575239237874133e-02
7.583250832803328789e-01,2.121777497607175642e-02,2.121658092816435665e-02
7.583315066889086964e-01,2.118807712584032735e-02,2.118688808481069760e-02
7.583199868719503467e-01,2.112048085193073133e-02,2.111930315504617281e-02
7.583261725154882837e-01,2.110804184935317906e-02,2.110686623211174145e-02
7.583192175232676968e-01,2.109123751391284510e-02,2.109006470225185600e-02
7.583218648111853533e-01,2.115142212554485882e-02,2.115023924504239386e-02
7.583232278135249027e-01,2.113628699051191620e-02,2.113510664750889445e-02
7.583187858457700603e-01,2.098878944983146103e-02,2.098763364597681577e-02
7.583191758544955974e-01,2.096258174068760596e-02,2.096143026109359084e-02
7.583227687844535936e-01,2.104105575847911580e-02,2.103989129837240124e-02
7.583259638310499984e-01,2.112552724707816160e-02,2.112434870578555959e-02
7.583206240216402438e-01,2.100691175779016012e-02,2.100575295743128262e-02
7.583070444073314320e-01,2.074371188146434744e-02,2.074259609495979206e-02
7.583034127791583590e-01,2.062578414484356193e-02,2.062468728038104396e-02
7.583097704725161314e-01,2.055756811327167158e-02,2.055648209606867130e-02
7.583045088204461992e-01,2.062620143862194458e-02,2.062510450757786343e-02
7.583030503852199455e-01,2.053888405339413317e-02,2.053780099469531759e-02
7.583038000549191526e-01,2.048274258764285968e-02,2.048166838622894961e-02
7.582990236883316859e-01,2.049424121307427682e-02,2.049316520151010096e-02
7.582904829793100099e-01,2.029684436763411204e-02,2.029579914993664622e-02
7.582861802621918557e-01,2.010425201850044377e-02,2.010323627338444011e-02
7.582847596812172242e-01,1.995256584219497545e-02,1.995157291575910125e-02
7.582870103360622727e-01,1.982559966089030012e-02,1.982462556957028527e-02
7.582860912856815849e-01,1.990835793428634079e-02,1.990737159327249026e-02
7.582821136449393595e-01,1.989048532406553077e-02,1.988950163716752748e-02
7.582785326385026448e-01,1.976204226364999469e-02,1.976107751075386817e-02
7.582776812792012544e-01,1.975131758923791975e-02,1.975035440621254398e-02
7.582817681449298686e-01,1.971862254847191187e-02,1.971766414078014035e-02
7.582820538241688002e-01,1.975491384083163243e-02,1.975395013159566421e-02
7.582860914108955352e-01,1.974920526358832015e-02,1.974824238955913067e-02
7.582851701314876625e-01,1.985417536989271883e-02,1.985319706038993909e-02
7.582672584096313839e-01,1.957764984585851770e-02,1.957671184749055007e-02
7.582575631903980540e-01,1.936496772150015158e-02,1.936405996258735995e-02
7.582560814431772434e-01,1.916449055782282543e-02,1.916361070137028236e-02
7.582547578180789394e-01,1.906485304866115463e-02,1.906398684449562078e-02
7.582506112962827949e-01,1.896486599951957563e-02,1.896401335283259479e-02
7.582445332987417519e-01,1.884109009752129790e-02,1.884025403697524997e-02
7.582445200341506597e-01,1.890232658230067003e-02,1.890148234312561543e-02
7.582419922098267984e-01,1.876686034912099579e-02,1.876603413152140576e-02
7.582401808785117492e-01,1.866371024367705078e-02,1.866289757517725426e-02
7.582431755218952407e-01,1.850176620466843780e-02,1.850097450790400347e-02
7.582380297086869225e-01,1.863091328186494353e-02,1.863010489011725571e-02
7.582415665619166578e-01,1.849172141346799858e-02,1.849093100547715557e-02
7.582386714359201640e-01,1.862287517855670815e-02,1.862206783271853211e-02
7.582282856976155783e-01,1.843767925185323120e-02,1.843689575362877572e-02
7.582261796230446160e-01,1.833094020732638219e-02,1.833017023813018204e-02
7.582194918894811231e-01,1.819900730467261668e-02,1.819825384134891172e-02
7.582146395824893581e-01,1.817759105069120459e-02,1.817684024428280892e-02
7.582162987192053727e-01,1.814749380937246900e-02,1.814674672625159538e-02
7.582141800586035263e-01,1.818370742671390414e-02,1.818295586215128157e-02
7.582164804890701992e-01,1.814278286219196332e-02,1.814203636074036494e-02
7.582129959489440907e-01,1.814826606709458306e-02,1.814751888860941312e-02
7.582124900650494270e-01,1.800720397932059971e-02,1.800647408888452275e-02
7.582144077836876495e-01,1.806877676507330152e-02,1.806803936170137473e-02
7.582120740204076892e-01,1.796899279514808240e-02,1.796826754140489965e-02
7.582215742887417065e-01,1.803392289986015945e-02,1.803318975555082138e-02
7.582135992112051248e-01,1.799944090528717705e-02,1.799871195846088068e-02
7.582076921500580102e-01,1.792709618721879603e-02,1.792637599473432403e-02
7.581928335532243102e-01,1.764903442089504892e-02,1.764834722380351911e-02
7.581829695241019129e-01,1.737374214434869030e-02,1.737308660566701593e-02
7.581758647134413387e-01,1.724225594616361421e-02,1.724161517884362574e-02
7.581701978572070733e-01,1.705763607695611264e-02,1.705701567317203030e-02
7.581701524455287666e-01,1.696496454269917631e-02,1.696435419588162435e-02
7.581658785275202650e-01,1.684453387641455385e-02,1.684393643583822694e-02
7.581614696882741367e-01,1.672962138916449931e-02,1.672903609262726965e-02
7.581549534761459208e-01,1.644858431143041491e-02,1.644802801928410899e-02
7.581527129369927120e-01,1.635899621021016243e-02,1.635844895836103055e-02
7.581521369189329063e-01,1.629289300536769861e-02,1.629235236081597732e-02
7.581453491664733590e-01,1.604974755227612723e-02,1.604923075331793000e-02
7.581423017459296698e-01,1.597486430833203880e-02,1.597435470943225563e-02
7.581387306504034918e-01,1.581920850680476609e-02,1.581871365968565840e-02
7.581375286829972193e-01,1.572341100689823509e-02,1.572292509554872736e-02
7.581344916040680948e-01,1.560932872146241976e-02,1.560885331036049144e-02
7.581309329827105037e-01,1.546247584399730417e-02,1.546201372523137683e-02
7.581297823877095610e-01,1.547466076026738149e-02,1.547419754814658745e-02
7.581205080471898894e-01,1.527772207318306603e-02,1.527727632235275669e-02
7.581265118115667612e-01,1.526174843556374859e-02,1.526130408148520558e-02
7.581201840248028567e-01,1.524166359148354001e-02,1.524122098942577719e-02
7.581184129562139606e-01,1.505773111860273482e-02,1.505730434772269144e-02
7.581240080891682442e-01,1.502813419576293046e-02,1.502770993650523641e-02
7.581175617581643600e-01,1.506322979251947629e-02,1.506280255394331670e-02
7.581121331930951168e-01,1.487579938398876644e-02,1.487538789621354642e-02
7.581108273890679872e-01,1.481611986989138895e-02,1.481571331478830945e-02
7.581025490836101888e-01,1.465983437367304916e-02,1.465944054888134070e-02
7.581047927992696778e-01,1.460980121417589442e-02,1.460941140798982865e-02
7.581064325128810122e-01,1.467109563920489072e-02,1.467070090613768057e-02
7.580984309246177055e-01,1.448076589722823750e-02,1.448038632862038225e-02
7.580907893477015769e-01,1.430533398086208767e-02,1.430496804112391454e-02
7.580909613142770009e-01,1.425632235694893578e-02,1.425596016563294294e-02
7.580922841290302916e-01,1.430303929843176197e-02,1.430267353477919501e-02
7.580850560800640459e-01,1.411337634006022690e-02,1.411302493485110457e-02
7.580878573342890725e-01,1.416827905418721958e-02,1.416792353194352982e-02
7.580854992184302699e-01,1.409145919611820563e-02,1.409110942549433691e-02
7.580821073723649217e-01,1.390225653478570703e-02,1.390192066482764076e-02
7.580775003080367780e-01,1.387890328896257061e-02,1.387856910876612664e-02
7.580741736095429895e-01,1.362597240146202343e-02,1.362565616090878444e-02
7.580696053740301199e-01,1.339124229621124762e-02,1.339094211917483089e-02
7.580695738305665010e-01,1.320889896710155005e-02,1.320861088610721622e-02
7.580727062299404961e-01,1.324981131110048067e-02,1.324952054495823206e-02
7.580687957182374870e-01,1.320017130959308393e-02,1.319988379925698604e-02
7.580622646860946112e-01,1.298806248907618394e-02,1.298778861702839203e-02
7.580596784186530712e-01,1.292528425227029709e-02,1.292501433237306686e-02
7.580684306622549329e-01,1.294230882447623687e-02,1.294203783662171980e-02
7.580593612673292014e-01,1.289363604439666688e-02,1.289336810242937802e-02
7.580553267595226963e-01,1.277167075979713205e-02,1.277141034984286168e-02
7.580574679297640284e-01,1.275479874254676314e-02,1.275453936329679246e-02
7.580582879557546949e-01,1.281626089600056487e-02,1.281599774896321348e-02
7.580547969634737759e-01,1.273533473561523632e-02,1.273507654201620765e-02
7.580646761663889510e-01,1.274678657718550205e-02,1.274652768640304606e-02
7.580558842955364973e-01,1.276707444103205441e-02,1.276681431214718963e-02
7.580473163447689622e-01,1.259650657791129211e-02,1.259625673634786475e-02
7.580441209193078400e-01,1.255038943304217190e-02,1.255014232555683867e-02
7.580460202657165469e-01,1.248535184260183596e-02,1.248510855688825597e-02
7.580454250985608766e-01,1.256987566593172935e-02,1.256962740566035588e-02
7.580457403432996344e-01,1.241840511038848870e-02,1.241816571726718672e-02
7.580454262205709171e-01,1.253881926437682565e-02,1.253857283968923611e-02
7.580434235675219679e-01,1.249287259360379147e-02,1.249262886798089764e-02
7.580378773721845320e-01,1.237741200255475411e-02,1.237717497233167471e-02
7.580389297130174509e-01,1.235227086764893907e-02,1.235203527888516402e-02
7.580366956607254014e-01,1.236328372662321914e-02,1.236304750714667562e-02
7.580394001417690708e-01,1.233412283228023376e-02,1.233388828039579110e-02
7.580361318610229215e-01,1.233741956042245201e-02,1.233718482039868579e-02
7.580315424911906463e-01,1.219801522741342271e-02,1.219778835507896037e-02
7.580311477444895418e-01,1.203146618836962306e-02,1.203124848278454805e-02
7.580247335975971446e-01,1.182190893126799577e-02,1.182170240436916826e-02
7.580222601213530975e-01,1.180417790082055260e-02,1.180397230178897167e-02
7.580282995859892736e-01,1.193352663655417728e-02,1.193331420439792956e-02
7.580201628577925010e-01,1.169859110274683138e-02,1.169839097173856063e-02
7.580224949711940052e-01,1.160465364200441440e-02,1.160445829344482725e-02
7.580202865291241210e-01,1.172281973081495433e-02,1.172261835370527576e-02
7.580195203005435367e-01,1.160334281755580343e-02,1.160314753516321004e-02
7.580227931377194750e-01,1.157108974957941211e-02,1.157089609113574023e-02
7.580199946206371830e-01,1.158199356588601389e-02,1.158179935945720558e-02
7.580184174098041350e-01,1.152131987466808311e-02,1.152112870442490063e-02
7.580190140715995506e-01,1.141554143813827693e-02,1.141535548516809349e-02
7.580180834590739547e-01,1.148448680586800809e-02,1.148429746327717452e-02
7.580175934616142364e-01,1.141297783036185863e-02,1.141279200262688455e-02
7.580134050446272198e-01,1.125197793623922311e-02,1.125179986240715940e-02
7.580156595285805210e-01,1.128921649001512519e-02,1.128903664229011054e-02
7.580120229975656487e-01,1.122725810496948660e-02,1.122708120225973660e-02
7.580167535637489795e-01,1.114176820124861307e-02,1.114159530889360754e-02
7.580135526812441515e-01,1.123261673256328343e-02,1.123243957641329935e-02
7.580093994507796085e-01,1.111414108853974771e-02,1.111396947916862450e-02
7.580112482513059469e-01,1.108091364692481533e-02,1.108074357208963141e-02
7.580109675462659569e-01,1.115480770557201150e-02,1.115463420550119079e-02
7.580125625878816331e-01,1.102969983511532283e-02,1.102953210756821810e-02
7.580134266830931278e-01,1.119509883045101926e-02,1.119492344354267900e-02
7.580116535244662002e-01,1.103891740302487962e-02,1.103874925459813298e-02
7.580100487282961375e-01,1.113418046967591842e-02,1.113400793036164842e-02
7.580078927547381218e-01,1.107697014697091309e-02,1.107680025365900302e-02
7.580099286563608540e-01,1.106043470882825917e-02,1.106026557521243986e-02
7.580095193931877251e-01,1.107302627622027379e-02,1.107285656431916156e-02
7.580067380079038575e-01,1.096942975078162366e-02,1.096926475778759250e-02
7.580073278797403447e-01,1.086027816027473544e-02,1.086011804378857713e-02
7.580083014710776723e-01,1.092653440708027564e-02,1.092637134217077158e-02
7.580114946376654839e-01,1.107924606930104847e-02,1.107907607125071213e-02
7.580071564265932205e-01,1.099764767363068350e-02,1.099748140410121769e-02
7.580052209159442445e-01,1.091226431020890855e-02,1.091210188333657273e-02
7.580024800037642452e-01,1.080364259459768751e-02,1.080348497007706243e-02
7.580020966128759863e-01,1.071111294332178013e-02,1.071095933421357775e-02
7.580015670678057482e-01,1.062914941696656637e-02,1.062899930734528646e-02
7.580040050817611341e-01,1.056107721113210690e-02,1.056092996711835430e-02
7.580032758310746299e-01,1.070289640818949603e-02,1.070274315231780141e-02
7.580015694939368220e-01,1.050339071107410024e-02,1.050324586671350438e-02
7.580002501054519115e-01,1.054895835433274608e-02,1.054881161661529523e-02
7.580028128661262521e-01,1.048221660131848885e-02,1.048207263118864502e-02
7.580014802675731911e-01,1.055941545209252742e-02,1.055926827755169356e-02
7.580039867508334694e-01,1.052755491216807865e-02,1.052740906584396889e-02
7.580025612515279843e-01,1.064226466814075824e-02,1.064211400215031057e-02
7.580032638979246062e-01,1.058290254189129392e-02,1.058275438307615217e-02
7.579999679270792434e-01,1.054675762140458786e-02,1.054661097549463092e-02
7.580012871424897103e-01,1.060746515959852185e-02,1.060731596681893478e-02
7.580046304858495398e-01,1.063347036843752431e-02,1.063332007566353786e-02
7.580013226003812221e-01,1.048058839431659055e-02,1.048044449127648325e-02
7.580019639017111510e-01,1.059635036176209341e-02,1.059620163741856365e-02
7.580026364320665566e-01,1.049055383583740245e-02,1.049040952190158534e-02
7.580000796565358190e-01,1.059057387217602134e-02,1.059042539093358985e-02
7.580024219443132205e-01,1.057460186203099638e-02,1.057445405160763706e-02
7.580011566667533840e-01,1.052619016588600409e-02,1.052604437626761952e-02
7.579981559105002376e-01,1.037989797176351939e-02,1.037975817663154554e-02
7.580016719370967770e-01,1.041029615565844391e-02,1.041015512867191767e-02
7.579992406269857597e-01,1.039067750480835058e-02,1.039053727365423646e-02
7.579951245479790156e-01,1.025943135988989161e-02,1.025929637572440753e-02
7.579914254851541910e-01,1.021278986127060508e-02,1.021265670978023336e-02
7.579979354397001767e-01,1.026963477952028483e-02,1.026949939225666082e-02
7.579930704594532997e-01,1.027867482242770386e-02,1.027853907727888441e-02
7.579921175243549136e-01,1.007988015865481958e-02,1.007975213832461303e-02
7.579918133559446769e-01,1.022478320296565241e-02,1.022464958183376925e-02
7.579913943552132327e-01,1.017241520895481241e-02,1.017228363039210381e-02
7.579871821697834466e-01,1.002448076526333241e-02,1.002435484421731332e-02
7.579888546170233665e-01,9.989935950233751194e-03,9.989811326478127002e-03
7.579875258718697939e-01,1.003037157571279141e-02,1.003024543254965248e-02
7.579875996384093373e-01,1.000247223811057823e-02,1.000234714460339520e-02
7.579889962133143921e-01,1.010054899706878430e-02,1.010042018757880029e-02
7.579886431907205679e-01,9.919419965699295336e-03,9.919297962389588691e-03
7.579904263619091642e-01,1.010531757549575430e-02,1.010518858353128338e-02
7.579887787918317965e-01,9.942476770690296742e-03,9.942353914660745709e-03
7.579882572867673307e-01,1.005054618871934619e-02,1.005041928285373316e-02
7.579860870354425684e-01,9.854309921102663225e-03,9.854190304559130170e-03
7.579878201445524599e-01,9.774087090801211047e-03,9.773970371921413686e-03
7.579889241972694869e-01,9.933754909857117968e-03,9.933632376897557834e-03
7.579860867921026646e-01,9.711808891550847631e-03,9.711694389581162351e-03
7.579834832320586635e-01,9.607359728857890052e-03,9.607248881675505697e-03
7.579834275877453953e-01,9.512933338388662036e-03,9.512825727595521086e-03
7.579855427255853817e-01,9.462592360833195493e-03,9.462486449442128467e-03
7.579821338668732977e-01,9.455351225517081432e-03,9.455245557013935986e-03
7.579800234539058046e-01,9.332619350022665697e-03,9.332517743141909364e-03
7.579829482491304837e-01,9.409385475025691670e-03,9.409281340161213675e-03
7.579820509067567436e-01,9.354329830372851845e-03,9.354227512760323465e-03
7.579773797899855836e-01,9.097927844132665254e-03,9.097833711617290750e-03
7.579797866637638659e-01,9.149480785639986860e-03,9.149385043806471801e-03
7.579769203544728384e-01,9.083694176322019281e-03,9.083600484925924770e-03
7.579753864932938789e-01,8.952865978146637427e-03,8.952776276925285617e-03
7.579810203479273589e-01,8.989665985187791572e-03,8.989575173260327609e-03
7.579781543935502075e-01,8.978952080235127683e-03,8.978861592615752785e-03
7.579689945019585373e-01,8.747673250100028441e-03,8.747589576233252145e-03
7.579704675484495446e-01,8.687526655741422202e-03,8.687444696031580357e-03
7.579688758951740324e-01,8.781413945341633165e-03,8.781329299558097989e-03
7.579682191989847162e-01,8.587449898007493490e-03,8.587370738266833503e-03
7.579706998278918917e-01,8.580111297868531564e-03,8.580032340828179505e-03
7.579712474751898466e-01,8.638248125968160662e-03,8.638167553089468736e-03
7.579631689528685268e-01,8.415250782958443726e-03,8.415176290351697452e-03
7.579669602654368621e-01,8.521215377518173359e-03,8.521138035278996020e-03
7.579639719622475180e-01,8.475122757053891662e-03,8.475046663126206692e-03
7.579646416678169629e-01,8.428779827909528219e-03,8.428704975452970538e-03
7.579632435796797019e-01,8.416838763291625489e-03,8.416764228536944767e-03
7.579698121669844468e-01,8.503700055324209944e-03,8.503623189075321456e-03
7.579653067811178424e-01,8.435738675505063261e-03,8.435663637475986423e-03
7.579668878403380550e-01,8.399454513577214385e-03,8.399380439677755703e-03
7.579671002670000934e-01,8.452108047481957445e-03,8.452032571766923685e-03
7.579601100931105950e-01,8.283964217908170238e-03,8.283893157693412654e-03
7.579605512754806762e-01,8.233564268485177307e-03,8.233494497401256523e-03
7.579609304021132088e-01,8.209362188057511833e-03,8.209293030408595232e-03
7.579576143703636859e-01,8.053621481756579464e-03,8.053556185921838598e-03
7.579585243844930709e-01,8.016863599177505295e-03,8.016799193319679509e-03
7.579600863516687825e-01,8.079594247932812140e-03,8.079528318321984107e-03
7.579650819353696001e-01,7.993635802856634276e-03,7.993571955224843331e-03
7.579566149764838112e-01,8.005736239614239316e-03,8.005672101637847579e-03
7.579570756507179041e-01,8.024425161968922610e-03,8.024360573726966456e-03
7.579562443074201461e-01,8.001595452081384716e-03,8.001531413528252534e-03
7.579580358411630581e-01,7.990692977562833393e-03,7.990629200429213985e-03
7.579552369069026962e-01,7.937921771214394989e-03,7.937859249363476283e-03
7.579566457067113960e-01,7.897846392720977299e-03,7.897784813026678674e-03
7.579541297309453363e-01,7.852720535374585475e-03,7.852660005161195278e-03
7.579582211984117190e-01,7.774088959595160456e-03,7.774030229551772905e-03
7.579536716733485946e-01,7.788076930279376649e-03,7.788017882655583549e-03
7.579518523337288594e-01,7.587347421491309231e-03,7.587292822917023408e-03
7.579537538278864339e-01,7.497390153046716403e-03,7.497337473514474777e-03
7.579524152969737694e-01,7.556466628438260162e-03,7.556412693796128385e-03
7.579543378601163450e-01,7.618781178240516781e-03,7.618725898217276402e-03
7.579522912969480775e-01,7.611125618920688840e-03,7.611070505375307736e-03
7.579536080653261898e-01,7.612732442131288704e-03,7.612677293667813143e-03
7.579535760513342879e-01,7.610812381942919785e-03,7.610757275226565609e-03
7.579531253718617689e-01,7.430315600129720061e-03,7.430264321827860161e-03
7.579519676893142766e-01,7.555468837605105147e-03,7.555414924284455276e-03
7.579540727284939106e-01,7.621301329411086546e-03,7.621245994531807184e-03
7.579519009108519612e-01,7.554218339098116471e-03,7.554164452563410723e-03
7.579565276204751623e-01,7.662036136458758896e-03,7.661979909527032867e-03
7.579517057128235535e-01,7.544684963201373114e-03,7.544631280430818751e-03
7.579563261091327719e-01,7.603508334503357446e-03,7.603453386242276478e-03
7.579524132115574853e-01,7.530521853967847047e-03,7.530468472936955454e-03
7.579498394968209318e-01,7.442335763522369037e-03,7.442284236014179953e-03
7.579564339922539862e-01,7.421415966123581093e-03,7.421364871894668182e-03
7.579497470203697684e-01,7.404692241266040177e-03,7.404641491675103410e-03
7.579515724360825768e-01,7.441746803359515147e-03,7.441695288071092061e-03
7.579510676453615758e-01,7.397446495929806132e-03,7.397395895172616774e-03
7.579486730664877214e-01,7.233266528579994359e-03,7.233219222696068984e-03
7.579526753478023071e-01,7.224287359067577997e-03,7.224240229180615286e-03
7.579512562274830501e-01,7.250115214160942137e-03,7.250067576952033688e-03
7.579504071681495425e-01,7.268325138077036743e-03,7.268277141047936422e-03
7.579497309065136301e-01,7.262474361567060679e-03,7.262426480352457241e-03
7.579468965657183421e-01,7.100464146386147035e-03,7.100419398648699296e-03
7.579502115304812548e-01,7.171022815281087419e-03,7.170976720178755953e-03
7.579495923542227676e-01,7.152673550059680981e-03,7.152627807904614679e-03
7.579477379637689083e-01,7.026232357911827223e-03,7.026188998945592963e-03
7.579480425352559392e-01,7.150708368818512600e-03,7.150662664361812429e-03
7.579477039779874969e-01,7.187479411799972684e-03,7.187432998644902558e-03
7.579483420796729876e-01,7.100690737763792545e-03,7.100645985650145750e-03
7.579492596763555134e-01,7.056616809469409834e-03,7.056572885496667849e-03
7.579480927036255089e-01,7.150769174533435843e-03,7.150723468923230429e-03
7.579499981709272305e-01,6.984541808506342098e-03,6.984499216830157911e-03
7.579473896447941339e-01,7.026437514251451279e-03,7.026394151501079086e-03
7.579496618456388335e-01,7.210027057954109322e-03,7.209980206610465230e-03
7.579471916067140880e-01,7.081174840532405805e-03,7.081130456443810416e-03
7.579501718904410046e-01,7.019803192136454123e-03,7.019759952121625013e-03
7.579528115976978953e-01,7.207093838002463781e-03,7.207047043830154195e-03
7.579477538599665998e-01,7.036503885034920726e-03,7.036460335628833343e-03
7.579499619625130746e-01,7.146784785189427142e-03,7.146739155864597313e-03
7.579570505270558645e-01,7.274232799634597520e-03,7.274184685485918407e-03
7.579483961512653023e-01,7.052681301716868384e-03,7.052637451256719980e-03
7.579466478735743529e-01,7.034411001579279205e-03,7.034367491047520057e-03
7.579518756465841722e-01,6.886499480583866892e-03,6.886458657379749410e-03
7.579487669659081828e-01,7.058970505137085287e-03,7.058926537255398245e-03
7.579509869029181779e-01,7.133636640002061387e-03,7.133591262111873763e-03
7.579485765437408151e-01,7.070668332908639463e-03,7.070624146152541638e-03
7.579443404451158273e-01,6.938336890949906542e-03,6.938295138887558278e-03
7.579489047074889907e-01,6.952527951162446561e-03,6.952485942428685006e-03
7.579446548835151454e-01,6.909420604595440871e-03,6.909379372470264048e-03
7.579473769994895527e-01,6.984104237116087709e-03,6.984061653403733638e-03
7.579454780900247712e-01,6.939645807207035083e-03,6.939604031592314960e-03
7.579452064170160153e-01,7.076609589354062278e-03,7.076565291026299352e-03
7.579445599346519291e-01,6.918547264730805571e-03,6.918505868943570017e-03
7.579480993141591849e-01,7.052809781572508263e-03,7.052765928746106833e-03
7.579440800143784074e-01,6.917855439026556960e-03,6.917814055664989539e-03
7.579439816259541107e-01,6.717452923438405228e-03,6.717415033410081143e-03
7.579445384450367307e-01,6.687726958279663694e-03,6.687689569043958789e-03
7.579437991203569203e-01,6.677594498173383859e-03,6.677557278578131680e-03
7.579472096498479639e-01,6.737900083020749789e-03,6.737861845930523917e-03
7.579461300648335786e-01,6.679952203447836120e-03,6.679914944385446918e-03
7.579442737918935524e-01,6.646788076029792533e-03,6.646751369252321649e-03
7.579456260979974269e-01,6.699515100602961362e-03,6.699477513267679783e-03
7.579375543721962316e-01,6.465319479113090968e-03,6.465285697424456163e-03
7.579401164647525668e-01,6.359790987655357386e-03,6.359758833292131555e-03
7.579371306036631895e-01,6.410310277086595648e-03,6.410277350403119530e-03
7.579351116944201827e-01,6.309608280067385486e-03,6.309576880895097217e-03
7.579364251443119205e-01,6.307578747556915125e-03,6.307547378682472686e-03
7.579354422750455011e-01,6.356461185199083382e-03,6.356429081286267026e-03
7.579359712749440536e-01,6.302326645649255869e-03,6.302295355030448042e-03
7.579332013403849988e-01,6.270141784616494081e-03,6.270110970938031977e-03
7.579348551170553838e-01,6.211197193398140283e-03,6.211167240641034953e-03
7.579315056234230408e-01,6.219083841629126884e-03,6.219053774598914085e-03
7.579347177073249009e-01,6.252368789287448235e-03,6.252338236947626963e-03
7.579322037444933269e-01,6.264522649752884975e-03,6.264491918894281482e-03
7.579288239840362706e-01,6.047608077327315014e-03,6.047580429434980948e-03
7.579278005435532428e-01,5.937817038376707809e-03,5.937790869104134228e-03
7.579287823525115986e-01,5.918443214705839707e-03,5.918417300780384575e-03
7.579301588245772603e-01,6.021959867422159614e-03,6.021932569794139628e-03
7.579300539372320067e-01,5.826078778416775641e-03,5.826054058831110771e-03
7.579290539165636220e-01,5.985908268090543542e-03,5.985881457851480875e-03
7.579284547735085642e-01,5.898252171533763417e-03,5.898226521929410618e-03
7.579289791598127213e-01,5.959185584793561322e-03,5.959159132040954890e-03
7.579277627084473057e-01,5.918423578950753570e-03,5.918397665292446722e-03
7.579280392314858839e-01,5.829953190671643103e-03,5.829928421811474484e-03
7.579311536964057350e-01,5.979614847748414286e-03,5.979588121968758101e-03
7.579270614447273235e-01,5.740091888576453853e-03,5.740068247455138925e-03
7.579278438156402675e-01,5.751701959140117712e-03,5.751678174337936968e-03
7.579288654250516677e-01,5.759443754191336494e-03,5.759419873202304731e-03
7.579298596894774587e-01,5.695454216981488300e-03,5.695431123119465942e-03
7.579275775833137496e-01,5.734600515021813678e-03,5.734576941740484983e-03
7.579274759096881198e-01,5.687909041165609657e-03,5.687886039001247181e-03
7.579266811379375968e-01,5.699926831472136926e-03,5.699903683204388984e-03
7.579276932991243498e-01,5.603822524146507070e-03,5.603800527108098416e-03
7.579272575854667515e-01,5.721721398660922775e-03,5.721697983824098124e-03
7.579330895630906895e-01,5.699155761490625784e-03,5.699132622611344408e-03
7.579269138796758121e-01,5.575947779039617039e-03,5.575926108655094617e-03
7.579292517214033520e-01,5.736670843859747841e-03,5.736647245020386893e-03
7.579257140788895342e-01,5.682391791867903025e-03,5.682368856579128082e-03
7.579321640056730924e-01,5.820239767245066580e-03,5.820215121962634547e-03
7.579263047970473677e-01,5.670794568543833375e-03,5.670771773329768076e-03
7.579258149965919511e-01,5.554476749533912398e-03,5.554455328612130371e-03
7.579256880349249936e-01,5.697528736381705927e-03,5.697505617309023621e-03
7.579284517783320130e-01,5.752648562422841769e-03,5.752624765872904611e-03
7.579260027596459448e-01,5.680942766350989201e-03,5.680919848593419912e-03
7.579267730333510977e-01,5.658335988874682240e-03,5.658313343620569383e-03
7.579269463115652083e-01,5.727988428633342191e-03,5.727964936781206745e-03
7.579273736531935146e-01,5.726297807224006373e-03,5.726274336194491464e-03
7.579296918352628198e-01,5.798068788181521757e-03,5.798044423422538812e-03
7.579299083596807707e-01,5.560668702125824009e-03,5.560647209371463034e-03
7.579292214078501289e-01,5.771161518402568615e-03,5.771137491386839173e-03
7.579256920839816392e-01,5.693567162917312525e-03,5.693544092073668170e-03
7.579258240579201944e-01,5.705494962002627055e-03,5.705471745852665373e-03
7.579256369699902685e-01,5.694455544801757703e-03,5.694432463121149209e-03
7.579252699339631416e-01,5.674919511757517930e-03,5.674896666763323827e-03
7.579252752851051156e-01,5.672257166185524536e-03,5.672234353367634589e-03
7.579253060969897149e-01,5.672503082037207503e-03,5.672480266271441238e-03
7.579250608320221572e-01,5.661132444537698462e-03,5.661109765751348721e-03
7.579252632245474519e-01,5.654042832794300283e-03,5.654020239041142835e-03
7.579251032509718433e-01,5.666093923440665599e-03,5.666071184886653685e-03
7.579247581875721007e-01,5.652884565817767153e-03,5.652861986005971659e-03
7.579246295411348200e-01,5.647993031792409441e-03,5.647970510507411071e-03
7.579242683015789961e-01,5.637762881827199091e-03,5.637740482691415943e-03
7.579240627981717049e-01,5.622215708820236732e-03,5.622193494448541294e-03
7.579240503687439956e-01,5.614723371402452479e-03,5.614701245724146479e-03
7.579238001054294793e-01,5.604200514465277824e-03,5.604178513030458851e-03
7.579237449547271410e-01,5.598587761237509147e-03,5.598565825770358134e-03
7.579236954030856843e-01,5.583572917917482663e-03,5.583551158474767996e-03
7.579236719607043149e-01,5.590697838794468286e-03,5.590675995911046151e-03
7.579235383824880490e-01,5.581693494002142562e-03,5.581671756556687812e-03
7.579237232814977077e-01,5.587108873973707125e-03,5.587087073228412179e-03
7.579235940848376707e-01,5.584315525307520858e-03,5.584293757173773055e-03
7.579235209485311042e-01,5.589730852932073280e-03,5.589709021422071579e-03
7.579234014478370973e-01,5.583711614522567264e-03,5.583689853445671959e-03
7.579233930942747000e-01,5.574729140100810783e-03,5.574707483858232920e-03
7.579235242110662352e-01,5.579372515111480357e-03,5.579350804781892451e-03
7.579233459261320860e-01,5.566048788078793719e-03,5.566027232902216910e-03
7.579233716986824021e-01,5.571557572479069777e-03,5.571535953244013094e-03
7.579234907244103425e-01,5.567946144803288984e-03,5.567924567552887637e-03
7.579232485922062779e-01,5.558807223184850620e-03,5.558785751997698601e-03
7.579231148061568168e-01,5.543939267752140236e-03,5.543917968390481288e-03
7.579232173973479147e-01,5.550670765777266855e-03,5.550649388795513527e-03
7.579232897884171649e-01,5.548755883177078178e-03,5.548734528314044033e-03
7.579228509139903647e-01,5.526940543329685214e-03,5.526919439275686068e-03
7.579227200097667927e-01,5.518091638761456197e-03,5.518070635929416684e-03
7.579226546957260613e-01,5.513746612837685905e-03,5.513725659651224839e-03
7.579223602392989312e-01,5.498779414737325726e-03,5.498758631689162207e-03
7.579223676111013219e-01,5.492888646144715448e-03,5.492867929823737339e-03
7.579223448260197227e-01,5.495899247605849289e-03,5.495878497242008900e-03
7.579222496509208096e-01,5.485651503057015557e-03,5.485630868430168075e-03
7.579220810801639008e-01,5.473408218831806761e-03,5.473387722118334443e-03
7.579219098552216760e-01,5.456716411034125483e-03,5.456696101220020675e-03
7.579218379154929464e-01,5.443421749780598222e-03,5.443401588124531336e-03
7.579217633293127143e-01,5.437877993816765676e-03,5.437857893647465857e-03
7.579217632779972069e-01,5.431914260280380075e-03,5.431894226153271936e-03
7.579217896238833463e-01,5.422535622107584226e-03,5.422515691633332351e-03
7.579218151343868337e-01,5.427804900221364949e-03,5.427784911513008036e-03
7.579217558558886125e-01,5.425817538642997706e-03,5.425797571949802188e-03
7.579216719045838158e-01,5.430631971010241830e-03,5.430611951085611427e-03
7.579215235765894843e-01,5.425536310501771764e-03,5.425516346883243503e-03
7.579214531423448253e-01,5.409130644902344041e-03,5.409110861848147496e-03
7.579212905459795646e-01,5.400145899284318311e-03,5.400126214627913417e-03
7.579210706338865844e-01,5.376967686549788232e-03,5.376948254347693398e-03
7.579210765033328467e-01,5.367381447973663434e-03,5.367362119512222689e-03
7.579212382367224166e-01,5.384051360976043268e-03,5.384031851861668938e-03
7.579208327505084775e-01,5.363632207932698959e-03,5.363612919978768753e-03
7.579208553247767099e-01,5.361455752912283081e-03,5.361436488279595382e-03
7.579209740565400200e-01,5.369119635268269734e-03,5.369100287932226587e-03
7.579202885866855866e-01,5.339692866557779576e-03,5.339673835761788410e-03
7.579199583156982500e-01,5.315272409415049831e-03,5.315253638424512726e-03
7.579195399480151973e-01,5.284316383053252152e-03,5.284297938133256274e-03
7.579192153328979664e-01,5.265244650506078344e-03,5.265226404608335138e-03
7.579188637399212336e-01,5.244155927423757926e-03,5.244137899827932062e-03
7.579185956349714370e-01,5.226397201079112376e-03,5.226379355999249791e-03
7.579183515014979999e-01,5.204917572448696829e-03,5.204899946470734930e-03
7.579181808382424723e-01,5.191999554666823849e-03,5.191982059699867813e-03
7.579179658464191283e-01,5.176797624378911764e-03,5.176780282599058487e-03
7.579178189585402681e-01,5.160816865677751199e-03,5.160799683918513604e-03
7.579176314052968877e-01,5.137962236717722071e-03,5.137945282290435484e-03
7.579175880673488797e-01,5.120605917650260762e-03,5.120589134386946059e-03
7.579173358001809468e-01,5.107212692864914610e-03,5.107196041065039001e-03
7.579170908516743577e-01,5.086152030971336641e-03,5.086135584296549821e-03
7.579170472274470161e-01,5.072198327758077607e-03,5.072182016114827087e-03
7.579171271800059229e-01,5.075253868045797624e-03,5.075237526839295951e-03
7.579171041497152483e-01,5.069506437165307092e-03,5.069490151431056343e-03
7.579169502840694683e-01,5.061261159484681596e-03,5.061244953086401800e-03
7.579165778204706161e-01,5.034766898736803276e-03,5.034750945526927750e-03
7.579165503160095740e-01,5.033535176067299201e-03,5.033519234643578193e-03
7.579164968984200002e-01,5.034244322427910111e-03,5.034228374163667898e-03
7.579161592274354931e-01,5.021564677831666726e-03,5.021548849861242822e-03
7.579160493541425847e-01,5.013988885993734580e-03,5.013973129406031591e-03
7.579160671072976418e-01,5.007380280336680596e-03,5.007364586006196952e-03
7.579160383569235604e-01,5.013903913050463471e-03,5.013888157287099342e-03
7.579156642881380579e-01,4.987412100218562711e-03,4.987396592916157854e-03
7.579155221616744598e-01,4.979517429596475725e-03,4.979501995839363121e-03
7.579152057565281542e-01,4.958132550479903491e-03,4.958117314768194749e-03
7.579149888467797691e-01,4.937441036063375255e-03,4.937425990287583333e-03
7.579147718049474847e-01,4.912129256947605875e-03,4.912114441252043995e-03
7.579146149552820066e-01,4.894295830430336371e-03,4.894281175579662246e-03
7.579144095561448635e-01,4.869959017204223382e-03,4.869944579907217914e-03
7.579143241770565087e-01,4.861499795162399495e-03,4.861485432972720636e-03
7.579141444968291452e-01,4.847517948810779916e-03,4.847503710139331422e-03
7.579140011845233449e-01,4.832265950893743604e-03,4.832251846251024198e-03
7.579138047945026546e-01,4.813564568083045225e-03,4.813550626587430152e-03
7.579134790800066135e-01,4.789488953511714629e-03,4.789475220172077254e-03
7.579133447534005530e-01,4.774187980829694422e-03,4.774174378644054431e-03
7.579131936239329459e-01,4.762414003232741735e-03,4.762400501420327968e-03
7.579131275317272376e-01,4.746171654796361647e-03,4.746158290629219796e-03
7.579130197145154124e-01,4.737516224050392598e-03,4.737502932833639532e-03
7.579129037273966141e-01,4.732244140315454602e-03,4.732230893492060317e-03
7.579127948927888436e-01,4.729240055543758835e-03,4.729226833904950737e-03
7.579128736648707010e-01,4.722755845924949368e-03,4.722742678641264104e-03
7.579127221858521501e-01,4.720476251713159356e-03,4.720463103513288482e-03
7.579125233094641256e-01,4.700566426495444636e-03,4.700553443955728626e-03
7.579125378488593689e-01,4.695497557043589072e-03,4.695484616374894470e-03
7.579125637366730395e-01,4.698738432966219347e-03,4.698725465481089388e-03
7.579124129005141430e-01,4.690394438153775054e-03,4.690381539725075807e-03
7.579122986487759617e-01,4.674883219749040482e-03,4.674870448929347930e-03
7.579120399940991737e-01,4.647768740649228618e-03,4.647756190608326281e-03
7.579118200764485280e-01,4.626474494348490306e-03,4.626462116063238469e-03
7.579115946018486483e-01,4.603040206794194698e-03,4.603028015589063354e-03
7.579113401806445438e-01,4.575213139133587313e-03,4.575201167767680918e-03
7.579113020012455681e-01,4.562643740838178037e-03,4.562631867788981450e-03
7.579112895081634438e-01,4.556245311124926603e-03,4.556233488043553298e-03
7.579112383003278053e-01,4.542721844863722817e-03,4.542710126677945194e-03
7.579113125254679506e-01,4.539766791433573825e-03,4.539755096132227531e-03
7.579112269416687919e-01,4.543474950512237098e-03,4.543463226452996301e-03
7.579112026908202404e-01,4.539540065116255164e-03,4.539528371567153053e-03
7.579112319424583522e-01,4.528097683134888959e-03,4.528086077816775336e-03
7.579111727692775524e-01,4.536762626089197586e-03,4.536750954000599856e-03
7.579110564495672442e-01,4.519485974772514611e-03,4.519474435562765430e-03
7.579110197002201232e-01,4.509684416883762668e-03,4.509672952498233224e-03
7.579109316840884070e-01,4.490063854396673070e-03,4.490052538988170520e-03
7.579107585546200898e-01,4.479184993564533368e-03,4.479173760262195568e-03
7.579106124529890742e-01,4.471162706658011500e-03,4.471151533642634887e-03
7.579103164836449302e-01,4.447826381638488383e-03,4.447815382664734897e-03
7.579102592664150873e-01,4.431991949449326160e-03,4.431981067476154640e-03
7.579101001986130459e-01,4.415024684920208255e-03,4.415013927427339537e-03
7.579099530269366447e-01,4.401872097101769583e-03,4.401861435485432406e-03
7.579097867560866675e-01,4.384962888453930278e-03,4.384952349171526882e-03
7.579096127034642416e-01,4.372729799635100001e-03,4.372719348458527396e-03
7.579096874963795472e-01,4.378780807369414899e-03,4.378770312723128354e-03
7.579095516842933034e-01,4.366796902395862073e-03,4.366786493691599859e-03
7.579093831579311047e-01,4.343836656348204310e-03,4.343826410913785921e-03
7.579093592461387807e-01,4.334752073949448871e-03,4.334741892598348995e-03
7.579093088298729519e-01,4.320123273398385026e-03,4.320113194856160278e-03
7.579091749711880377e-01,4.302388532032563710e-03,4.302378577069782516e-03
7.579089856924904334e-01,4.274621058097564236e-03,4.274611294611908863e-03
7.579089762180157841e-01,4.263485618295488611e-03,4.263475930951734182e-03
7.579088555524187143e-01,4.247088323811398260e-03,4.247078747862791277e-03
7.579086646670937233e-01,4.225909870644324780e-03,4.225900437192497798e-03
7.579085195271361153e-01,4.204763735237703436e-03,4.204754442727095219e-03
7.579085770369595743e-01,4.194632653246684398e-03,4.194623427657696337e-03
7.579085190416028350e-01,4.205344969911563140e-03,4.205335673539257503e-03
7.579083923355255381e-01,4.191178087956750654e-03,4.191168885226892980e-03
7.579085476051314885e-01,4.176270832296105455e-03,4.176261727346239350e-03
7.579083803200332703e-01,4.190880183373614162e-03,4.190870982560599041e-03
7.579082291012282369e-01,4.175790190162330731e-03,4.175781088381552014e-03
7.579082252551603283e-01,4.180269813581430870e-03,4.180260682482724727e-03
7.579081081073133497e-01,4.165093121988653474e-03,4.165084089897707655e-03
7.579082209585235042e-01,4.177599724735251568e-03,4.177590611127083089e-03
7.579080553837631573e-01,4.160165268678134819e-03,4.160156268590477040e-03
7.579079626718900897e-01,4.150889176962442584e-03,4.150880237025038506e-03
7.579078133804277861e-01,4.135716363848034385e-03,4.135707521556075857e-03
7.579077133423363088e-01,4.125375014747247396e-03,4.125366238661019001e-03
7.579077049367685115e-01,4.117568705155140278e-03,4.117559978758435213e-03
7.579077261428750489e-01,4.108132995342086112e-03,4.108124328867420599e-03
7.579077236193010325e-01,4.118020193657288136e-03,4.118011464509414854e-03
7.579077689787657723e-01,4.106025508324701902e-03,4.106016855174757056e-03
7.579076525841275114e-01,4.114404065635809613e-03,4.114395359329990967e-03
7.579074078448060359e-01,4.083723287943692368e-03,4.083714775090847848e-03
7.579073498788662100e-01,4.072402083661589081e-03,4.072393641321511194e-03
7.579072099465464785e-01,4.063171384264731983e-03,4.063162999138113761e-03
7.579071965274536415e-01,4.049959541389057394e-03,4.049951237821809540e-03
7.579071282909073393e-01,4.041177162957901477e-03,4.041168913285173546e-03
7.579069332956429594e-01,4.018452308540163519e-03,4.018444197326465420e-03
7.579068075504934443e-01,3.996206577449871317e-03,3.996198600129303308e-03
7.579067076488601451e-01,3.985391182789605954e-03,3.985383270172311934e-03
7.579067073768228635e-01,3.980786639095442413e-03,3.980778753886003024e-03
7.579066709717268147e-01,3.971415545182539579e-03,3.971407715501958612e-03
7.579066081604962646e-01,3.971060099586862409e-03,3.971052271934506252e-03
7.579067452889742817e-01,3.976136572150252430e-03,3.976128714583947350e-03
7.579066042480968601e-01,3.970949771270606068e-03,3.970941944286826217e-03
7.579065007014009758e-01,3.958658353105567670e-03,3.958650598626363946e-03
7.579064000899176090e-01,3.946496555386122367e-03,3.946488872127456790e-03
7.579064882863539854e-01,3.952895854208523900e-03,3.952888133515966400e-03
7.579063790567628356e-01,3.946403511025189416e-03,3.946395828410262374e-03
7.579061691548990565e-01,3.924071446972277229e-03,3.924063893906023191e-03
7.579060228221954354e-01,3.897568784659093469e-03,3.897561383624616790e-03
7.579059171305135845e-01,3.877862727041162666e-03,3.877855437651386850e-03
7.579057807139635283e-01,3.857689809876301522e-03,3.857682633720150439e-03
7.579056969832940194e-01,3.840998527486910036e-03,3.840991444102191850e-03
7.579057115467273675e-01,3.830976200107049246e-03,3.830969171982567117e-03
7.579056419076273254e-01,3.837889450310967912e-03,3.837882384127628936e-03
7.579056532559131920e-01,3.822843260227827816e-03,3.822836276734300435e-03
7.579057379170814901e-01,3.845092303929092872e-03,3.845085197930885480e-03
7.579054889340042234e-01,3.818816289152090777e-03,3.818809327680766901e-03
7.579055063441911821e-01,3.817863839354834234e-03,3.817856883127877365e-03
7.579054600908751160e-01,3.816248226547901915e-03,3.816241279157650285e-03
7.579052334106883837e-01,3.795101723799468654e-03,3.795094891261220800e-03
7.579051348586713921e-01,3.775394696905889826e-03,3.775387970356856773e-03
7.579051357053587790e-01,3.760735904029679534e-03,3.760729255368039630e-03
7.579051229040886239e-01,3.778305107724237982e-03,3.778298365512268268e-03
7.579051006521968503e-01,3.769381121119803457e-03,3.769374426481200430e-03
7.579049616876549766e-01,3.749033763646744937e-03,3.749027176947209317e-03
7.579049174400458444e-01,3.731592063055002347e-03,3.731585567801386574e-03
7.579047891855696939e-01,3.713802396007493713e-03,3.713795993289032826e-03
7.579047036128958581e-01,3.701558046848150551e-03,3.701551707232727216e-03
7.579046339929301768e-01,3.691573898669965777e-03,3.691567610227312890e-03
7.579045310161828253e-01,3.670550709189081880e-03,3.670544527548878257e-03
7.579045982970800122e-01,3.673816077797010474e-03,3.673809879700105831e-03
7.579044719327596713e-01,3.667941861463163474e-03,3.667935692946940485e-03
7.579044663612981569e-01,3.659677903565322458e-03,3.659671776635313543e-03
7.579043363182885740e-01,3.640964452817761158e-03,3.640958419510713188e-03
7.579042711845194180e-01,3.629278393972340533e-03,3.629272418537202952e-03
7.579042855516162636e-01,3.610911763353269986e-03,3.610905878155575358e-03
7.579042610760680088e-01,3.626723044417375259e-03,3.626717081536298768e-03
7.579041445504751673e-01,3.604078074381902256e-03,3.604072222670093133e-03
7.579041540923774356e-01,3.600658000634503805e-03,3.600652165414529923e-03
7.579042001251120597e-01,3.607768770343491166e-03,3.607762900478242787e-03
7.579040369342748829e-01,3.594936597780795749e-03,3.594930790296380942e-03
7.579038465421417126e-01,3.574521556976774372e-03,3.574515847973988667e-03
7.579038110293050412e-01,3.570537722481334237e-03,3.570532032474203841e-03
7.579037311791649856e-01,3.545245739721606705e-03,3.545240169804425145e-03
7.579038415242873583e-01,3.548465648202615928e-03,3.548460063127210733e-03
7.579038321076709828e-01,3.549888482818302875e-03,3.549882890916959861e-03
7.579037039685320165e-01,3.536653454696875049e-03,3.536647925147871473e-03
7.579034245019462546e-01,3.517522148391534226e-03,3.517516708161046775e-03
7.579032814826125453e-01,3.501383514192725997e-03,3.501378148406696957e-03
7.579032489358937807e-01,3.495838021389220066e-03,3.495832681184283391e-03
7.579031928926904804e-01,3.482408651449709486e-03,3.482403372583999478e-03
7.579031556923856439e-01,3.468318278677451957e-03,3.468313063599506516e-03
7.579031779339537866e-01,3.463667828608363915e-03,3.463662634459448685e-03
7.579031222507763843e-01,3.470910155487851988e-03,3.470904928511779532e-03
7.579030424215169592e-01,3.457280490419130728e-03,3.457275324871025152e-03
7.579031897923650396e-01,3.458866197516724441e-03,3.458861024930081577e-03
7.579030665442871850e-01,3.458325162931861086e-03,3.458319992835895591e-03
7.579030397519181950e-01,3.448011135573971278e-03,3.448006011481565252e-03
7.579029045575235157e-01,3.427191745773497649e-03,3.427186713899492941e-03
7.579028402747067794e-01,3.415259407407409808e-03,3.415254427962509994e-03
7.579028064475819004e-01,3.405744967986645312e-03,3.405740030076837704e-03
7.579028371615972315e-01,3.402880919646909894e-03,3.402875994092688025e-03
7.579027818277261908e-01,3.402067367268834640e-03,3.402062445319830892e-03
7.579028971725090269e-01,3.406006756094219837e-03,3.406001817075846299e-03
7.579027618707376845e-01,3.398274990600498070e-03,3.398270085131792351e-03
7.579027306088308436e-01,3.386732333788774335e-03,3.386727477987338912e-03
7.579028277039190353e-01,3.388216232003909891e-03,3.388211369903469314e-03
7.579028508737872816e-01,3.397218981229855207e-03,3.397214080305411589e-03
7.579028319149461179e-01,3.389103557985891513e-03,3.389098692104742985e-03
7.579027680535037614e-01,3.388987253527035726e-03,3.388982388068367390e-03
7.579026850240906388e-01,3.375614744366156692e-03,3.375609936399097920e-03
7.579026175149470301e-01,3.360325504117771776e-03,3.360320761075544140e-03
7.579023581235233564e-01,3.336800185600437372e-03,3.336795541493347596e-03
7.579021283075579873e-01,3.315107722646625996e-03,3.315103168486803302e-03
7.579019685850354460e-01,3.294689326499726512e-03,3.294684855962659673e-03
7.579018725464850004e-01,3.274542751067712441e-03,3.274538362110906379e-03
7.579017705331372312e-01,3.253506844719257843e-03,3.253502539837846864e-03
7.579016492817163275e-01,3.233807711415162892e-03,3.233803484266989728e-03
7.579015908885269326e-01,3.224113508900142318e-03,3.224109319699523975e-03
7.579014815207867350e-01,3.201881378932894782e-03,3.201877275741160048e-03
7.579014462079443071e-01,3.191669337977459664e-03,3.191665273851114742e-03
7.579013603481477013e-01,3.174697224312933441e-03,3.174693224764857900e-03
7.579012625507235423e-01,3.152316449327049151e-03,3.152312533797948981e-03
7.579012083733608351e-01,3.136393482553881309e-03,3.136389626002911678e-03
7.579011822946971622e-01,3.129720253325453828e-03,3.129716421264372179e-03
7.579010913161927654e-01,3.114703179906616864e-03,3.114699402813073982e-03
7.579010662856970892e-01,3.102469605257640074e-03,3.102465872442109439e-03
7.579009528029543308e-01,3.086286543584573772e-03,3.086282868898019161e-03
7.579008925692796161e-01,3.062352907242971677e-03,3.062349317435230246e-03
7.579008488779350738e-01,3.048531509375129039e-03,3.048527967945765735e-03
7.579008237903059886e-01,3.037203946122287324e-03,3.037200444097515589e-03
7.579007793429189954e-01,3.031996407406889818e-03,3.031992923297335569e-03
7.579007116750391404e-01,3.017520956654865232e-03,3.017517522245203622e-03
7.579005742903051068e-01,2.995847361478078640e-03,2.995844000603601048e-03
7.579005359998443048e-01,2.987618138373427344e-03,2.987614805029015653e-03
7.579005133555671847e-01,2.977554565218935769e-03,2.977551265427693002e-03
7.579003775504469242e-01,2.961053775682975266e-03,2.961050530424448948e-03
7.579002814506844432e-01,2.941260673133735178e-03,2.941257492480337833e-03
7.579002925345315056e-01,2.927977954718513891e-03,2.927974817042626118e-03
7.579002818578255418e-01,2.940722010663384019e-03,2.940718831920042554e-03
7.579002255206782612e-01,2.918339815453385635e-03,2.918336708551238189e-03
7.579003060260769420e-01,2.919486871801699624e-03,2.919483761120626655e-03
7.579001526219673046e-01,2.912903969695753489e-03,2.912900880211706858e-03
7.578999911425632341e-01,2.888918949531500604e-03,2.888915935870914765e-03
7.578999156478101185e-01,2.878771444914804672e-03,2.878768462816864993e-03
7.579000494655738773e-01,2.886785007173440880e-03,2.886782000050686081e-03
7.578998652048991591e-01,2.874572876682394366e-03,2.874569907610946030e-03
7.578998355842001544e-01,2.865085134396278682e-03,2.865082194507193470e-03
7.578998212627154896e-01,2.859364119055078386e-03,2.859361196835738615e-03
7.578996534953764685e-01,2.831660457111072685e-03,2.831657618969797736e-03
7.578995950640159407e-01,2.813472106499581311e-03,2.813469322598960865e-03
7.578995004276203318e-01,2.796678888016593777e-03,2.796676153617358093e-03
7.578994171330009078e-01,2.779760774662123120e-03,2.779758089802161596e-03
7.578993332098438174e-01,2.769688994949244271e-03,2.769686339152632563e-03
7.578992838461240389e-01,2.748222434084739759e-03,2.748219839606517653e-03
7.578992006592412123e-01,2.723909655481658587e-03,2.723907129111705506e-03
7.578991082842743143e-01,2.705468873647269915e-03,2.705466398244052439e-03
7.578990336750552892e-01,2.681522359825238601e-03,2.681519949731821662e-03
7.578990566937364726e-01,2.674597822823619915e-03,2.674595431254575550e-03
7.578990568812242756e-01,2.679323478207930233e-03,2.679321073950388047e-03
7.578989631943139349e-01,2.670558115633131935e-03,2.670555734819020973e-03
7.578989594360799886e-01,2.664464000297474787e-03,2.664461635762217090e-03
7.578989981402100007e-01,2.665538112193054174e-03,2.665535744717906826e-03
7.578988912433866076e-01,2.657975277855255218e-03,2.657972930645551273e-03
7.578988328667903840e-01,2.638803502924441137e-03,2.638801206196966700e-03
7.578987321105596919e-01,2.611297450736186927e-03,2.611295224936938022e-03
7.578987135602122116e-01,2.608860619680438211e-03,2.608858400204155763e-03
7.578987521665190297e-01,2.603225456991913305e-03,2.603223251793381713e-03
7.578986533592990682e-01,2.604345319670873203e-03,2.604343111588096251e-03
7.578986540609546907e-01,2.595419548051379737e-03,2.595417362710738217e-03
7.578986829353493437e-01,2.602841613247175966e-03,2.602839409043683494e-03
7.578986231828286346e-01,2.599253822570913881e-03,2.599251627383232510e-03
7.578984899303264910e-01,2.587470265305226707e-03,2.587468099816154794e-03
7.578984998293762931e-01,2.577703722052768903e-03,2.577701581118987516e-03
7.578985107065064897e-01,2.589376673850832342e-03,2.589374503718136402e-03
7.578983302717708925e-01,2.569712248189825066e-03,2.569710127237810789e-03
7.578983078461284384e-01,2.557231363996105480e-03,2.557229273698463472e-03
7.578982112262313553e-01,2.536781858668711760e-03,2.536779818011735462e-03
7.578981656215479923e-01,2.517514965367399511e-03,2.517512970906304100e-03
7.578981572221408225e-01,2.506626952987352740e-03,2.506624984231117445e-03
7.578981662555870358e-01,2.510012916543311566e-03,2.510010939791089586e-03
7.578981273832664511e-01,2.504281911739516045e-03,2.504279948559030248e-03
7.578980948733683443e-01,2.496387486090446625e-03,2.496385541290102421e-03
7.578980396521850516e-01,2.500244139606047633e-03,2.500242185883803318e-03
7.578979792259433745e-01,2.496306707677992814e-03,2.496304763229904161e-03
7.578979203506437390e-01,2.486766415418662640e-03,2.486764493264205771e-03
7.578978537097570412e-01,2.475073667037511974e-03,2.475071771764277180e-03
7.578978518266705766e-01,2.453632594595060550e-03,2.453630748230858395e-03
7.578978765259867245e-01,2.461127956470052485e-03,2.461126093168751472e-03
7.578979476519239755e-01,2.458351293341260249e-03,2.458349436193954952e-03
7.578979698656809205e-01,2.467492749094903244e-03,2.467490871285122310e-03
7.578978158027911416e-01,2.450161656105503440e-03,2.450159817541479757e-03
7.578976215898389768e-01,2.430367283469908254e-03,2.430365489085676341e-03
7.578975896035576865e-01,2.431432650378609339e-03,2.431430853626293399e-03
7.578974705353938024e-01,2.416617599160095047e-03,2.416615835080516451e-03
7.578974454916551640e-01,2.404960484291227170e-03,2.404958745549627252e-03
7.578974593904899137e-01,2.404755081440962221e-03,2.404753343241750919e-03
7.578974511913481038e-01,2.406097248672445753e-03,2.406095507462228510e-03
7.578974463547494267e-01,2.396015556047097293e-03,2.396013836721380338e-03
7.578974768549366914e-01,2.407975900327467226e-03,2.407974155030172519e-03
7.578974714628721188e-01,2.387354084971068328e-03,2.387352384230994815e-03
7.578974972295009493e-01,2.410443360019770033e-03,2.410441609311723618e-03
7.578974163712511869e-01,2.395505184879417795e-03,2.395503466549182749e-03
7.578973493409182360e-01,2.383454538494810069e-03,2.383452845999434015e-03
7.578973375093486231e-01,2.382042809804655638e-03,2.382041120398270453e-03
7.578972625248396877e-01,2.364383229514113727e-03,2.364381577412477675e-03
7.578972198877815813e-01,2.354889021588064003e-03,2.354887389300825903e-03
7.578971799446418967e-01,2.350390563888333107e-03,2.350388940891990752e-03
7.578971994180881966e-01,2.344658452386254224e-03,2.344656841296203793e-03
7.578971569488377469e-01,2.342983761227739135e-03,2.342982153616020042e-03
7.578971695799241459e-01,2.340912742706720891e-03,2.340911139164885118e-03
7.578971840485519973e-01,2.342624188335306733e-03,2.342622581279188779e-03
7.578971282373896390e-01,2.330008286091396832e-03,2.330006704925877570e-03
7.578971041093719441e-01,2.313179057426287093e-03,2.313177510297775418e-03
7.578970868125530780e-01,2.301766629395108742e-03,2.301765105154413710e-03
7.578970729405830609e-01,2.297597200117895526e-03,2.297595683982792212e-03
7.578970216436924368e-01,2.288374646898431227e-03,2.288373148977366697e-03
7.578970481353709543e-01,2.282823383244348379e-03,2.282821896224035505e-03
7.578969751643536146e-01,2.281753474813383135e-03,2.281751989874809990e-03
7.578968439625064502e-01,2.264671207946779806e-03,2.264669756000361241e-03
7.578967858702301275e-01,2.244361576427756928e-03,2.244360163230857148e-03
7.578967629065518352e-01,2.229771179365340906e-03,2.229769793631887573e-03
7.578968048325982476e-01,2.222827202309016464e-03,2.222825829426278849e-03
7.578967496584003705e-01,2.227015876187760524e-03,2.227014495575349671e-03
7.578967054386119839e-01,2.209150608420867509e-03,2.209149260809856446e-03
7.578967243106243812e-01,2.208167545158492163e-03,2.208166199248803776e-03
7.578968104319562249e-01,2.219318440314700137e-03,2.219317073939072911e-03
7.578966821251503783e-01,2.200083480440193518e-03,2.200082149243683723e-03
7.578967199981461178e-01,2.194814343191893967e-03,2.194813021391646586e-03
7.578966330836107712e-01,2.192927379980189571e-03,2.192926061756191730e-03
7.578965614146089269e-01,2.173355395394735694e-03,2.173354112219380661e-03
7.578964464992961059e-01,2.160164374469242081e-03,2.160163114414775497e-03
7.578964094759123027e-01,2.150529194882379314e-03,2.150527951670918453e-03
7.578963992691353235e-01,2.135296067578654547e-03,2.135294850404864837e-03
7.578965052744197628e-01,2.134520474449623246e-03,2.134519258828063669e-03
7.578964284682443431e-01,2.134797657492062441e-03,2.134796441280147408e-03
7.578963140231718132e-01,2.119578972411469923e-03,2.119577782204627552e-03
7.578962928820969225e-01,2.118953385214653387e-03,2.118952195927658981e-03
7.578962733345350200e-01,2.103155359397207089e-03,2.103154196411259093e-03
7.578961983788576884e-01,2.085626446538819956e-03,2.085625312401197598e-03
7.578961937002360871e-01,2.069854300929173385e-03,2.069853192560830099e-03
7.578961585058734407e-01,2.062228699358699575e-03,2.062227603132036746e-03
7.578961411125630931e-01,2.051301271849277196e-03,2.051300192995657908e-03
7.578961513850819287e-01,2.043697792739830512e-03,2.043696725742933859e-03
7.578961389332801168e-01,2.049059742503632573e-03,2.049058666988490783e-03
7.578961471527618787e-01,2.032908536318593640e-03,2.032907486183829771e-03
7.578961793004986847e-01,2.050446230928345930e-03,2.050445153265779974e-03
7.578960796154293744e-01,2.038309159710973480e-03,2.038308101313799324e-03
7.578960931068985385e-01,2.036575233769336458e-03,2.036574178082875899e-03
7.578960813761213000e-01,2.036314784759926319e-03,2.036313729330000138e-03
7.578959696711196070e-01,2.018737106396344041e-03,2.018736077973665860e-03
7.578959585126343601e-01,2.012593661392926125e-03,2.012592642225441344e-03
7.578958792539925993e-01,1.995267371936477931e-03,1.995266379121993661e-03
7.578958623352372026e-01,1.978675892746989667e-03,1.978674924418897044e-03
7.578958571955707324e-01,1.970814982995285417e-03,1.970814026194374780e-03
7.578959751939030598e-01,1.982606208101241572e-03,1.982605234144178136e-03
7.578958706927354516e-01,1.965741162375165413e-03,1.965740212963896193e-03
7.578958435394583804e-01,1.952334978610452670e-03,1.952334048498233004e-03
7.578957984391111458e-01,1.937551854488884194e-03,1.937550945348438976e-03
7.578957177768795850e-01,1.922454110577665170e-03,1.922453222384925327e-03
7.578957016218357268e-01,1.923817084491256197e-03,1.923816194450054867e-03
