cost,L2,trace
1.781462612757620079e+00,8.118608300520596677e-01,9.974294874221247831e-01
1.909194857731560724e+00,7.777053515955053564e-01,9.944780665065127145e-01
2.130031572511140503e+00,8.215820069923613911e-01,9.999415791904482376e-01
1.676090194980365933e+00,7.730056367524961169e-01,9.903878742741007990e-01
1.829710787820041595e+00,7.948066161676405894e-01,9.925468296224596587e-01
1.695289309827637814e+00,7.433062242646424345e-01,9.915327618320610714e-01
2.068143453831033263e+00,7.754465094106325340e-01,9.867412232343579781e-01
1.791606027408325641e+00,7.582356335483060317e-01,9.990478232257042901e-01
1.689081169213284106e+00,7.455282637250029154e-01,9.698278910492157401e-01
1.849036432762459770e+00,7.688807620467303927e-01,9.934189409112339497e-01
1.425988118309734709e+00,7.646285689733328672e-01,9.840677395864617649e-01
1.604143272089046501e+00,7.590413024791793362e-01,9.777314389095583813e-01
1.458890856073123299e+00,8.268856115853636668e-01,9.824365229449488757e-01
1.650328013071338695e+00,8.008367698709147886e-01,9.835001362454774965e-01
1.341098179690036307e+00,7.650057659322946346e-01,9.817368038071259129e-01
1.638741764407362522e+00,7.970055202029372454e-01,9.680280855121908834e-01
1.644272186626811294e+00,7.611843182830539956e-01,9.760243884982318097e-01
1.481713952708938686e+00,7.342576439276615741e-01,9.800558383084919667e-01
1.364954434288883744e+00,7.066687591428528759e-01,9.583371175517870766e-01
1.411370800162965011e+00,8.655177834786287328e-01,9.637432984013707404e-01
1.970585886115763463e+00,7.241585566720888378e-01,9.870143744197917846e-01
1.649597083010735821e+00,7.587146751598654593e-01,9.991008367621860842e-01
1.546794100921177417e+00,7.197359819822591875e-01,9.661352810420378301e-01
1.496832649946967075e+00,7.049789610174213017e-01,9.877041969297640778e-01
1.416176808852078528e+00,7.009138645899825049e-01,9.640892930278139872e-01
1.520091795868604878e+00,7.481337690636903348e-01,9.887308436081044816e-01
1.470415280106754485e+00,6.588766148941815892e-01,9.804317098582561174e-01
1.313048843434333035e+00,7.377227444504518283e-01,9.690559848026586431e-01
1.312116552490550703e+00,7.465635842346843853e-01,9.352417703327023935e-01
1.302614904201633506e+00,7.613461699487377166e-01,9.720869681287915842e-01
1.310174162644982321e+00,7.219220926312354125e-01,9.637518411907158855e-01
1.476952244884983001e+00,7.411594194209530917e-01,9.845506827758682133e-01
1.422846704654424199e+00,7.637434184540571325e-01,9.701255956767027566e-01
1.465486139552463207e+00,7.313710686490554336e-01,9.971318003770798244e-01
1.325530858568795711e+00,7.033228407211344901e-01,9.852329984014236430e-01
1.289812441437163004e+00,7.274534743908953605e-01,9.999040305626512026e-01
1.263596856566029381e+00,7.034086425254105768e-01,9.910235451871078904e-01
1.004105181342314079e+00,7.892088717837587586e-01,9.853656535961476948e-01
1.329106711655991813e+00,7.532488160107613240e-01,9.955672614637994799e-01
1.082350596082125360e+00,7.857545479228882357e-01,9.921688517790923090e-01
1.136481491458706472e+00,8.082215900443721068e-01,9.873181931361788566e-01
1.074222272744112860e+00,7.932365651858953592e-01,9.823777990846170871e-01
1.276330469503617504e+00,7.968007988637952899e-01,9.925723018592665925e-01
8.942811379533111005e-01,8.045334275641710109e-01,9.728376333886412652e-01
1.211196832259222145e+00,8.204037566482125232e-01,9.735213028935782997e-01
9.084087283620898567e-01,8.180101562880293109e-01,9.764522584096700930e-01
9.843827405159244481e-01,7.866642759802415785e-01,9.527576726872352131e-01
8.784902008080788249e-01,8.100981615313926909e-01,9.701881530452114433e-01
1.490298437140709087e+00,8.337395441626631598e-01,9.761768129750074685e-01
9.173150430063093941e-01,8.216122689330849216e-01,9.688152670557088619e-01
1.105979987474086990e+00,7.469526076824377636e-01,9.470024773690387532e-01
1.061762141737033982e+00,8.210526442927347235e-01,9.727288703376532064e-01
1.175388666510987612e+00,8.050898572602599446e-01,9.737307546897406851e-01
9.110230545691389015e-01,8.239142209303433884e-01,9.658712134760761847e-01
1.235316146198184306e+00,8.813380368078393978e-01,9.636130216277563054e-01
9.517763500435263424e-01,8.192549688600117008e-01,9.737644613552390860e-01
1.173138482467120269e+00,7.720859479766077893e-01,9.833706260915148212e-01
9.610812362117043817e-01,7.966609249489718936e-01,9.628514979411220143e-01
1.059085289174073186e+00,8.268628779062578982e-01,9.771943825784867865e-01
7.923112583276787912e-01,8.086706345187311129e-01,9.672411481727640759e-01
8.799617149120794179e-01,7.405235266730523236e-01,9.702374603611978454e-01
7.929740267538306631e-01,7.678443937509158435e-01,9.691266319462519263e-01
9.617949604982298784e-01,8.218980300044388398e-01,9.545939413651101102e-01
7.763096193221927788e-01,7.819679120726831245e-01,9.806697086509819083e-01
8.393305246334398229e-01,7.865924371845781637e-01,9.916702767096704507e-01
7.522914560760988190e-01,7.481898716272104011e-01,9.876521709919200420e-01
9.113248632334597366e-01,7.275254480709618665e-01,9.894809325584721371e-01
8.788542673449212250e-01,6.998357215323582903e-01,9.926442299679799630e-01
9.656436871926045162e-01,8.633724683581756043e-01,9.884016396792503212e-01
7.765499893349285809e-01,8.032402854545650506e-01,9.790622384654963373e-01
8.250004097070713360e-01,7.299594062672906114e-01,9.912151890015650224e-01
8.865605238736916638e-01,7.169719194548983543e-01,9.932298785928632689e-01
1.222132247433120433e+00,7.794222172214807509e-01,9.823985322924218000e-01
9.385237612463575019e-01,7.820311563894322138e-01,9.841288058763035806e-01
8.855601992236268316e-01,6.726605437038466473e-01,9.957889868997128469e-01
9.672909196449795965e-01,7.326518383651833277e-01,9.835266770055286489e-01
8.756885491038099989e-01,7.384342868415185723e-01,9.965393763685237438e-01
6.840307135633475477e-01,7.226728074162466209e-01,9.842573979473461243e-01
8.202950267906206072e-01,7.105334084666440342e-01,9.833327102373945472e-01
6.990363374630226279e-01,6.944152352398866856e-01,9.592995130559983652e-01
9.455910640000906309e-01,7.214038687469958022e-01,9.913731236329240692e-01
6.821126887215271939e-01,7.543406491939254055e-01,9.528243726471392616e-01
7.768749033857174080e-01,7.268860945180914968e-01,9.591994184493011222e-01
6.933186303969234299e-01,7.538871548239947096e-01,9.130747150515536870e-01
6.757519052908578239e-01,7.318985744679683547e-01,9.446388666519456301e-01
6.843892605548562713e-01,7.298789839702011228e-01,9.507209628444842631e-01
6.798163801278603868e-01,7.318904326199191512e-01,9.448706139365217194e-01
6.657428642798179919e-01,7.225024300029092572e-01,9.461332284818038119e-01
6.619507382883462743e-01,7.242232074193029057e-01,9.434710905647880619e-01
6.699142860992238768e-01,7.353650804964488863e-01,9.433380545698634156e-01
6.690464524570027827e-01,7.285438686729102109e-01,9.443636291944107475e-01
6.561192647544710210e-01,7.156866395355510058e-01,9.422940976307473404e-01
6.331583065521032561e-01,7.068344659031390309e-01,9.401962091185162018e-01
6.277352865819807448e-01,7.068121849684941838e-01,9.363063789800015746e-01
6.421605201748523672e-01,7.108248180089854484e-01,9.367058301210358096e-01
6.149737481165882258e-01,7.042442075402258750e-01,9.343199900265807267e-01
6.093172438042193662e-01,6.983381495902886149e-01,9.368432283335338395e-01
5.924700577727659567e-01,6.945222972466315037e-01,9.368289895096379993e-01
5.764590911922435890e-01,6.850980815282483594e-01,9.356756608618188586e-01
5.849677173108418504e-01,6.878017851234504709e-01,9.334365004268035948e-01
5.784388345258566488e-01,6.888273237995106157e-01,9.377530028561533726e-01
5.749244399664836802e-01,6.810538808863696447e-01,9.344006409724785467e-01
5.836911030927859345e-01,6.695447153663799389e-01,9.301444975768683454e-01
5.844040002300709968e-01,6.796650074335680580e-01,9.355278523494054976e-01
5.632701352091513680e-01,6.855047293822408294e-01,9.297339884724685755e-01
5.762605256705528589e-01,6.892251811171160591e-01,9.334186160952130384e-01
5.638941465989866231e-01,6.830304603893874171e-01,9.299858130477408613e-01
5.735501044563497963e-01,6.851717215582256992e-01,9.339255682645906109e-01
5.658088893098287553e-01,6.814008213770402778e-01,9.325816417661341173e-01
5.566989173426291071e-01,6.815519721940501707e-01,9.252573921118891764e-01
5.537311737243915122e-01,6.848139769502561425e-01,9.183040018640351576e-01
5.466308144923761603e-01,6.930774353705808632e-01,9.143728653355996938e-01
5.404761748769978391e-01,6.907792187756467417e-01,9.121639837827335562e-01
5.515391763237746936e-01,7.018326595675342672e-01,9.126123181397451933e-01
5.488221771380379366e-01,6.913137106971221080e-01,9.149790247546371047e-01
5.328845398783523812e-01,6.964705243091812159e-01,9.065997774547008836e-01
5.367041390081370711e-01,6.899604613611342030e-01,9.101256533751989064e-01
5.332808365552340613e-01,6.978872163812072094e-01,9.075716254153045615e-01
5.336833588888363344e-01,6.880175714252245722e-01,9.010663066284024802e-01
5.341815383552325214e-01,6.995688063255580680e-01,9.075490513086148514e-01
5.175836953589191269e-01,7.028510946978240304e-01,9.012471066539314846e-01
5.110857366424781389e-01,6.998231831812997683e-01,9.023410838887803154e-01
5.154592938970680160e-01,6.940898396740790011e-01,9.000960743895745075e-01
5.168872022175503567e-01,6.975738924219496706e-01,8.989647710443191553e-01
4.994530632872413722e-01,7.000411616254047509e-01,8.970723773627556907e-01
4.928277456164057435e-01,7.061842261277521127e-01,8.970380684835974616e-01
4.947995465539584137e-01,7.065390372782719419e-01,8.981313855378403321e-01
4.969777964905162104e-01,7.033341690758817544e-01,8.937552336568991285e-01
4.909148517025242464e-01,7.198149507683562209e-01,8.959007397461457023e-01
4.934653567110688366e-01,7.267098975701455910e-01,8.967992927852883600e-01
5.047227419799484860e-01,7.239015887703049712e-01,8.953309305266174967e-01
4.599267818327297808e-01,7.076847075689627342e-01,8.901311250070969017e-01
4.549519146146634441e-01,7.096297816469399056e-01,8.919785862375980701e-01
4.460360277035764209e-01,7.107350086481915019e-01,8.892962377938677943e-01
4.358237484027769337e-01,7.063013631064702924e-01,8.793117627809854397e-01
4.280718764324032977e-01,6.994885157988690594e-01,8.719462272501434796e-01
4.238759249999476952e-01,6.942090995249514673e-01,8.727165275267966260e-01
4.320409527625657109e-01,6.922812543696645893e-01,8.642577163348418301e-01
4.237007977492738275e-01,6.964723714463363358e-01,8.734586720973943619e-01
4.176956503343743354e-01,6.896851848214601288e-01,8.744054981470833487e-01
4.209089877205227648e-01,6.876297305247733860e-01,8.765560855762761783e-01
4.208638103603670189e-01,6.972997840167095562e-01,8.743060461489421398e-01
4.114970674024306385e-01,6.808902082135082079e-01,8.722272427663702032e-01
4.131955521006823728e-01,6.679763150731302668e-01,8.704705396636611692e-01
4.137850247383569879e-01,6.816249369726272711e-01,8.781700301866633973e-01
4.253792589173275296e-01,6.810962456251602459e-01,8.729626140709147997e-01
4.161550403095332085e-01,6.799865388113724984e-01,8.708899211127930640e-01
4.056663827536559075e-01,6.702858071943674778e-01,8.702673080207892209e-01
4.030096725248925038e-01,6.670929307564880117e-01,8.687497829921034809e-01
4.042700809156770658e-01,6.727441757288141755e-01,8.732763378750409977e-01
4.011902389864476781e-01,6.630340462667062562e-01,8.654131012684459501e-01
4.035291098629832929e-01,6.691711769972857882e-01,8.625900378280224601e-01
3.931213354721511122e-01,6.642816902128929613e-01,8.631342660168547232e-01
3.958317026453223031e-01,6.628010738923943990e-01,8.606515414429458666e-01
3.931739827852003266e-01,6.650219318242416300e-01,8.635950860615966285e-01
3.761997886989323914e-01,6.666489261907340147e-01,8.562356759939901973e-01
3.757237789337497524e-01,6.667970025938033674e-01,8.611562066468371190e-01
3.795266311156584305e-01,6.666263429806791319e-01,8.641924124542249563e-01
3.758944303949954269e-01,6.653266123000480814e-01,8.597197236283108390e-01
3.710276225875460687e-01,6.615827867134100870e-01,8.488963929087703919e-01
3.612796158761303333e-01,6.677592543725741070e-01,8.445904543155459132e-01
3.682399832059158329e-01,6.739475966280580321e-01,8.399831264251887974e-01
3.557152039817285671e-01,6.719517570541392315e-01,8.455173114268342838e-01
3.434760960150675113e-01,6.711834146959768654e-01,8.437582044077495125e-01
3.484164674816097040e-01,6.893519016981285441e-01,8.433231821454444388e-01
3.422263544898727083e-01,6.673974984538647570e-01,8.431402730057642181e-01
3.440864095309057458e-01,6.703542196883565119e-01,8.419495661024817279e-01
3.390143219946790687e-01,6.677080180658683251e-01,8.394269410964346756e-01
3.328292928654253968e-01,6.716399989197702203e-01,8.380199961295842215e-01
3.227867786755814761e-01,6.739862956556824658e-01,8.418584813600629158e-01
3.157435947052569802e-01,6.688624594797796252e-01,8.328283996047273208e-01
3.255830936623524963e-01,6.735463709755021844e-01,8.429625558339932656e-01
3.141786318726117466e-01,6.697421050789620356e-01,8.315657167841692399e-01
3.058328141003531231e-01,6.675393318449431845e-01,8.276585791170495421e-01
3.024279331051059616e-01,6.640130595281937831e-01,8.252437256511794272e-01
3.113112549194048118e-01,6.626237024681912446e-01,8.161740695045907046e-01
2.969964653343506455e-01,6.615630410367259184e-01,8.199653643163518080e-01
2.863689488825917895e-01,6.548987772817945752e-01,8.165194147315861795e-01
2.862799215065002234e-01,6.513074591045130424e-01,8.173138646567200682e-01
2.824863172849637061e-01,6.538044489457969233e-01,8.139638713282638660e-01
2.907684992053100048e-01,6.580984408758132620e-01,8.210724517456409188e-01
2.845305640081105536e-01,6.506970955151681890e-01,8.162738438266167185e-01
2.821767806694550629e-01,6.528837229939147280e-01,8.159239374588806992e-01
2.831446158298716043e-01,6.635079650570306908e-01,8.115232072547242659e-01
2.895811520362826519e-01,6.552571583203449235e-01,8.160035464367412228e-01
2.637462559001145235e-01,6.592499136240407287e-01,8.096356064126687402e-01
2.620841322336061596e-01,6.564231460762514070e-01,8.028619822009216422e-01
2.536043133757206469e-01,6.567795442271373574e-01,7.976065671466194829e-01
2.575377210408655859e-01,6.582738964428116457e-01,7.940295684533400511e-01
2.528155927410035142e-01,6.542736019148499560e-01,8.010725989570512962e-01
2.536748429414290573e-01,6.564902932771414790e-01,8.053151857587236284e-01
2.534316796803742777e-01,6.554452826686116840e-01,7.996079412761608607e-01
2.482454401469745275e-01,6.501124345525420845e-01,7.904495408463299011e-01
2.379465007152681555e-01,6.558970120551126382e-01,7.956092589364854861e-01
2.418505821232193320e-01,6.668934549363085829e-01,7.925476662676994577e-01
2.392783586841467913e-01,6.621306344538931965e-01,7.996852175038368093e-01
2.358159813176072539e-01,6.625414877385358281e-01,7.972988860734099292e-01
2.244624281895921114e-01,6.560058218616935388e-01,7.842096347722580241e-01
2.221236830871232137e-01,6.621607067502532917e-01,7.903858467173486835e-01
2.177004366586877404e-01,6.612148348170379109e-01,7.835909988041276364e-01
2.207219986992817740e-01,6.626078513172402040e-01,7.870702746095663560e-01
2.219602672234750329e-01,6.602061776116262548e-01,7.819240795713845449e-01
2.166676140240258730e-01,6.604867755578111010e-01,7.747266568150157351e-01
2.277708965715428413e-01,6.607116437902899042e-01,7.751850173360421703e-01
2.196097374147522319e-01,6.589708889730911956e-01,7.742121074423018445e-01
2.204800458609957325e-01,6.616183353525686428e-01,7.847864742232681934e-01
2.169263801777494005e-01,6.605957092708550915e-01,7.734547982998541960e-01
2.165541451987553212e-01,6.589026903972797777e-01,7.731227177119727179e-01
2.083857795865250440e-01,6.538120494487777989e-01,7.676622982682330676e-01
2.117871233810716403e-01,6.417983329790436509e-01,7.541116946303905166e-01
2.128656040698633789e-01,6.521820396782379570e-01,7.701615942420629857e-01
2.086923834297759739e-01,6.588411024573251895e-01,7.693523783019718953e-01
2.112186251946093773e-01,6.543695041425999781e-01,7.672811427810337648e-01
1.904682425851393079e-01,6.400859663234438335e-01,7.552143493060129442e-01
1.931234665048892074e-01,6.457211657358271628e-01,7.628961063971352319e-01
1.943028577866001139e-01,6.422524166175663796e-01,7.569459493418357887e-01
1.984921412848441591e-01,6.301750165631884171e-01,7.548548177736177367e-01
1.914728685869840907e-01,6.404849558345055982e-01,7.557921594100892593e-01
1.883699537010992131e-01,6.442465387285754019e-01,7.513083338306896231e-01
1.948726160611721214e-01,6.457295366793347480e-01,7.500530101979963060e-01
1.886044140733807439e-01,6.485254424363863235e-01,7.530267647585908719e-01
1.931109920157732251e-01,6.591822788681780398e-01,7.564753729322896136e-01
1.879005823853265589e-01,6.418544771123975146e-01,7.509441156648459792e-01
1.843638431406413591e-01,6.341275790067705254e-01,7.417306922322476348e-01
1.862150051659868244e-01,6.242567769999362026e-01,7.396984308192358082e-01
1.834825163835637485e-01,6.358156504525903641e-01,7.418602314241075080e-01
1.744145175202907461e-01,6.249686117645149031e-01,7.315928498120773948e-01
1.741146011292658558e-01,6.242832465082340798e-01,7.350388931172397999e-01
1.793986726945827059e-01,6.319423922865315957e-01,7.379609813723609912e-01
1.765823158074331656e-01,6.198683447118272793e-01,7.342899447621638043e-01
1.627306350278202307e-01,6.213217405136667315e-01,7.251831081692047265e-01
1.634302709089372196e-01,6.306959877177826801e-01,7.343489586747196096e-01
1.678334270666655137e-01,6.216307107221563655e-01,7.301255018672433428e-01
1.556374516044293776e-01,6.168151048325438701e-01,7.172640332180384437e-01
1.496621265075329110e-01,6.124395354618346055e-01,7.163469697279376547e-01
1.442793473855542852e-01,6.142580208254625473e-01,7.154454001414429776e-01
1.414861753499395691e-01,6.153125222161399677e-01,7.142729433371050041e-01
1.490446622910302499e-01,6.135208940372305353e-01,7.116613692429766269e-01
1.427636142113731799e-01,6.118519650451921255e-01,7.109399960917485162e-01
1.443901559892319941e-01,6.052806175739033900e-01,7.025605007981957639e-01
1.426771987040389988e-01,6.088541389130033288e-01,7.099111619174778287e-01
1.370293119886712707e-01,6.187746568553741389e-01,7.086817111969820893e-01
1.368334304347007535e-01,5.995628287647161159e-01,6.907655206575168405e-01
1.258590040387881082e-01,5.857629454921510215e-01,6.839060331524621228e-01
1.336673860667197955e-01,5.966948392800394130e-01,6.918344838087187032e-01
1.259193286025747094e-01,5.956521351511335771e-01,6.887204124950916384e-01
1.242766240317588339e-01,5.838148134031537762e-01,6.796896735836223113e-01
1.184776969843040900e-01,5.662316517155931983e-01,6.712538933922609363e-01
1.205866742302507816e-01,5.709564316526468675e-01,6.762119842081032450e-01
1.185992771706463611e-01,5.708088329472328359e-01,6.719144305375294168e-01
1.316056973234599192e-01,5.731578930588331344e-01,6.780644230050474341e-01
1.168882883760079400e-01,5.620404616622990401e-01,6.717407058854089064e-01
1.174011022265346038e-01,5.614372521592569942e-01,6.717851053461745270e-01
1.185009362106296260e-01,5.602446947376565900e-01,6.769218736742874665e-01
1.120379793026914927e-01,5.404766485391162556e-01,6.491536589541376800e-01
1.199889021468155959e-01,5.456681620585439596e-01,6.569535818361937896e-01
1.124506212574438863e-01,5.357028403523116378e-01,6.449347173017160317e-01
1.107891696513557955e-01,5.315358067319755353e-01,6.383034863296576100e-01
1.135032864904064881e-01,5.395230347512409708e-01,6.397716823645943629e-01
1.125644193300439078e-01,5.258640689221198983e-01,6.330851947370624844e-01
1.037683113718111533e-01,5.232126791389599685e-01,6.313927730264585758e-01
1.060422353459408162e-01,5.400857454322210982e-01,6.357436327308060298e-01
1.022903979387711215e-01,5.251418110092028746e-01,6.316762306836227747e-01
1.118962790220462411e-01,5.342423206686691683e-01,6.330143747371351770e-01
1.061080259586949515e-01,5.311172530430505745e-01,6.410404543482310924e-01
1.064534035029346404e-01,5.136203611386364054e-01,6.237371357323553411e-01
1.047899944173063258e-01,5.318586200034863820e-01,6.331218382546343060e-01
1.063916407624479754e-01,5.271049841513355538e-01,6.357098174211736064e-01
1.036495532035034695e-01,5.237820321048811678e-01,6.358776911312513658e-01
1.039729685869615061e-01,5.288685663204050202e-01,6.353115962353556023e-01
1.004176576507802010e-01,5.155149119297128824e-01,6.272669144033677924e-01
1.014578503975166468e-01,5.121276108281253014e-01,6.195876797801889158e-01
1.011828696677118805e-01,5.189280053689397931e-01,6.275510347294067648e-01
1.033449589645575040e-01,5.042651860656511831e-01,6.189042801934864224e-01
1.027536345223307723e-01,5.091562630161775571e-01,6.241860597381034825e-01
1.039654250689337200e-01,5.080569770777972893e-01,6.221705869984279769e-01
9.901652687341669368e-02,5.189267489953871548e-01,6.295945996348771834e-01
1.043975931570081950e-01,5.103482891694934853e-01,6.230829141655530590e-01
1.022714355069375969e-01,5.257262413255647804e-01,6.358603061696831427e-01
1.051208581967680716e-01,5.091477101788565163e-01,6.311089332952944941e-01
9.755265251444243668e-02,5.155862810359176374e-01,6.246951700517876516e-01
9.976563512050587446e-02,4.922116246364411918e-01,6.118777357120690485e-01
9.566259192295725744e-02,5.126021028223595177e-01,6.216995270446943334e-01
9.982141870779293047e-02,5.095612850436380681e-01,6.196564659803562858e-01
9.416292238388365710e-02,5.103172175538017719e-01,6.171352932755704845e-01
9.585933771960569727e-02,5.059059841472081098e-01,6.190468089668742513e-01
9.752762446432575172e-02,5.079318938660509763e-01,6.157125745686923279e-01
9.640351789217960210e-02,5.118733887099843338e-01,6.146947928204649081e-01
9.264990555717679543e-02,5.049270360202509078e-01,6.148974395441925145e-01
9.803120779979267174e-02,5.075769117403148289e-01,6.132099050659223227e-01
9.298962015999939767e-02,5.022843036814704787e-01,6.129041144385054540e-01
9.885645841390253152e-02,4.980410956590689553e-01,6.109884851640940973e-01
9.137554760806707033e-02,5.048041324548444564e-01,6.157162172360864938e-01
8.960357638248907242e-02,5.037878513174730566e-01,6.182409056668326519e-01
9.334751560447764052e-02,5.096574351053173579e-01,6.226596890182117816e-01
9.040554731385697096e-02,4.994333485976791276e-01,6.184763925684797492e-01
8.908746072135875771e-02,5.010692900710225217e-01,6.118950055218644879e-01
8.848056121477974878e-02,4.939605089361966961e-01,6.113092344422536017e-01
9.179815631185724023e-02,4.953138558540667313e-01,6.098918322062536479e-01
9.046857090643048438e-02,4.931104278333996449e-01,6.033624116561246975e-01
9.390831056620696504e-02,4.883783997028345314e-01,6.138666877803131694e-01
8.895580703415253976e-02,4.837554532316254985e-01,6.014589685914815131e-01
8.750684862527126351e-02,4.964040657350484720e-01,6.178123161520069351e-01
8.928034499181766726e-02,4.947230275152625367e-01,6.107568172850454946e-01
8.544592956098151504e-02,4.943112307271170791e-01,6.133549871578631851e-01
9.107678278032982355e-02,4.939059082404920753e-01,6.126981470642659522e-01
8.625999691691252358e-02,4.888164067368261922e-01,6.113642692058187667e-01
8.860424965856578128e-02,5.060769217847008727e-01,6.199801167124228130e-01
8.631979348714272082e-02,4.944990317087162857e-01,6.151776212559788570e-01
8.783046755394893768e-02,4.859637781539908330e-01,6.090705252547100601e-01
8.973198910392544969e-02,4.924226909186624201e-01,6.174980469859495669e-01
8.963359174909253657e-02,5.089624445229997685e-01,6.267017925361739739e-01
8.559844824911265471e-02,4.994843507220440015e-01,6.182457812378002737e-01
8.729007574477025411e-02,4.859747280648820666e-01,6.071354551133499866e-01
8.602271561125908461e-02,4.915387311633227507e-01,6.089277727597780521e-01
8.810040626783759155e-02,4.806315321891694303e-01,5.953117981153881466e-01
8.872044282595142883e-02,4.935093835688527109e-01,6.119610993063653304e-01
8.751479624324590145e-02,5.157198709345621745e-01,6.134760252820405935e-01
8.631797546819879041e-02,4.962810743079814069e-01,6.161163046686193301e-01
8.235441735437221134e-02,4.828291132225380200e-01,6.132101925193816916e-01
9.085581459224567613e-02,4.760302349069062133e-01,6.141633021005166171e-01
8.343497338523257756e-02,4.859870399709499411e-01,6.159293304545448988e-01
7.816484695404078697e-02,4.682534290340711891e-01,6.030681304812994803e-01
8.168164797204477412e-02,4.777745956404432781e-01,5.991509656963782682e-01
7.861956655687846185e-02,4.660964734437680890e-01,5.989407475378620838e-01
7.781068769045633438e-02,4.630414578345899423e-01,6.010248372702619024e-01
8.286630419712127937e-02,4.767584403398464898e-01,6.113314658751795028e-01
7.654587150396868767e-02,4.559427901516686643e-01,5.952641544305160570e-01
7.537061659755715792e-02,4.420518438836715802e-01,5.921840403864253588e-01
8.693664609248226427e-02,4.741387168938234753e-01,6.143632879585736450e-01
7.620385428089095081e-02,4.494884174912019414e-01,5.948309124555704042e-01
8.132124100409196532e-02,4.301623172969981646e-01,5.926394156993347595e-01
7.827849325996309726e-02,4.398880075011350477e-01,5.937450585442874962e-01
8.318838250239309062e-02,4.373785653565271936e-01,5.956987572420924248e-01
7.809957592204755383e-02,4.474179564632134731e-01,5.943316792707148410e-01
7.536414734193369602e-02,4.312618376688171495e-01,5.798492215673364258e-01
7.749991870739289523e-02,4.153805478463633571e-01,5.662586250594180415e-01
8.189789147130477343e-02,4.319672760249849142e-01,5.817547904254070090e-01
7.501194176882421127e-02,4.288068576702490087e-01,5.694480248096186470e-01
8.531671805409095366e-02,4.359369044720655118e-01,5.729907465167864977e-01
7.772830310869693893e-02,4.303667596833721243e-01,5.719296162294131847e-01
8.067437670215626966e-02,4.253355465962903037e-01,5.598988370002746517e-01
7.609887772608463219e-02,4.282379296393341028e-01,5.683460736845838968e-01
7.608314167473237410e-02,4.222762107527773257e-01,5.657235105784990115e-01
7.251096206586699067e-02,4.232561132910006019e-01,5.672937755849428720e-01
7.351800447849428377e-02,4.188519166146188466e-01,5.725749392165726537e-01
7.357447041861947534e-02,4.246542996626684885e-01,5.652526013355593237e-01
7.460086374533317355e-02,4.262979600242250422e-01,5.669165457945958275e-01
7.363006922278567123e-02,4.298678902854958239e-01,5.781834031138260999e-01
7.633047266365021455e-02,4.247617614132805919e-01,5.626569307676834164e-01
7.389045387231246709e-02,4.263509700712764805e-01,5.733527893750011151e-01
6.972763044307606073e-02,4.203654869369819469e-01,5.612730004035376696e-01
8.465372016684219458e-02,4.174378245139460097e-01,5.542545531166045425e-01
7.103898609990233481e-02,4.173354230145701060e-01,5.578873814891244232e-01
7.788699847610409954e-02,4.337661881482446913e-01,5.708358668336532826e-01
6.964375449834905862e-02,4.171015870865123487e-01,5.600780198400298060e-01
6.692143216607165934e-02,4.328214092633219101e-01,5.722436492176866674e-01
7.232342190800780668e-02,4.501218856654884970e-01,5.865932840221065314e-01
7.149767719535966848e-02,4.448460692734198529e-01,5.843947406653756671e-01
6.742528720891695360e-02,4.223965498071525215e-01,5.652048543051603202e-01
6.868142293804735399e-02,4.384605050864937570e-01,5.762108165773821566e-01
6.575272982976117231e-02,4.286959206213896700e-01,5.729907095937221140e-01
6.436808778711770873e-02,4.087086773887994573e-01,5.648317004220438919e-01
7.576105258332913039e-02,4.094326441883420764e-01,5.638105762185903203e-01
6.517357390453128174e-02,3.975267395311409824e-01,5.670797070696844688e-01
7.186621504731893761e-02,4.103299381459413198e-01,5.623055752446463051e-01
6.729676898434633348e-02,4.138761011130572820e-01,5.686681093394688746e-01
6.181485421921156798e-02,3.984308135285183905e-01,5.511544006772196580e-01
6.620844038152029487e-02,4.063016636051086095e-01,5.605420084080479093e-01
6.475502179634845534e-02,3.964380521848818173e-01,5.487054931408530400e-01
6.748651503955480080e-02,4.006479709819512069e-01,5.561882634958742466e-01
6.226914032556130074e-02,3.937576321993723760e-01,5.478221189760280607e-01
6.748895470152013742e-02,3.873978109638384626e-01,5.522136420353772612e-01
6.161375626845827513e-02,4.038058458078574997e-01,5.518927799476928131e-01
6.353600715990227743e-02,4.134607571744642329e-01,5.583402963499277671e-01
6.190850958640134460e-02,4.022833216199445672e-01,5.562514610820714633e-01
6.494059041944125199e-02,3.994402134222879708e-01,5.499620019786592984e-01
5.833407083609563892e-02,3.996752746990935856e-01,5.452437054777736769e-01
6.146993151246138432e-02,3.952421078625318884e-01,5.329840150766865792e-01
6.020523279205222678e-02,3.965052531389391954e-01,5.472253790528439632e-01
5.911646127407378659e-02,3.995617219058971159e-01,5.436864500004742196e-01
5.670418306577972023e-02,3.903798090379803631e-01,5.425653239534390382e-01
5.410109217313772978e-02,3.891620771619722086e-01,5.444282111015483760e-01
6.099095201623302986e-02,3.880145339304022500e-01,5.449282901446410587e-01
5.234132538619746394e-02,3.894180543058907706e-01,5.413177770805671640e-01
6.368709679794999634e-02,4.061260934498439057e-01,5.579188846611448094e-01
5.220718491661205385e-02,3.793797191466417584e-01,5.327783883021504074e-01
5.303803780628431330e-02,3.760657179716304643e-01,5.234746978970364895e-01
5.454274450777009398e-02,3.828775984875028571e-01,5.333380068672126662e-01
5.499362237317455271e-02,3.764213431328779502e-01,5.256685976072390520e-01
5.348868682160526355e-02,3.849084064258748716e-01,5.378906566195806871e-01
5.487579637341134797e-02,3.872390099505233496e-01,5.328202389147400631e-01
5.222908715933204105e-02,3.819506054982534926e-01,5.362385971040721788e-01
5.437481410068242815e-02,3.787288485524171744e-01,5.185751046910908046e-01
5.360324863099845405e-02,3.792787797352635271e-01,5.362077983449022867e-01
6.517881170650621780e-02,3.718096888701420966e-01,5.334408771911998137e-01
5.436078796430744708e-02,3.836279518669720723e-01,5.317229830331186013e-01
4.836636209502301331e-02,3.610375281388428226e-01,5.292425616494000895e-01
5.723023977133002288e-02,3.709092257180915397e-01,5.362442456975481386e-01
4.900281097528774721e-02,3.638541764220768471e-01,5.285038730728253142e-01
4.967412003091677825e-02,3.710710599162233003e-01,5.387593639726577788e-01
4.793966097459494147e-02,3.587449882213346042e-01,5.196259545758094012e-01
5.482501963720415317e-02,3.675982765675224195e-01,5.301021533522900508e-01
4.811363391114081151e-02,3.600931174031441473e-01,5.199322613342408639e-01
5.200310713336319529e-02,3.670550699505928938e-01,5.243938750989001196e-01
4.994704891987850753e-02,3.659182980142531849e-01,5.266515191218296144e-01
4.972332887628917730e-02,3.438834890963995972e-01,5.097019808444822608e-01
4.882328712395665737e-02,3.522441291141383268e-01,5.155466983354319854e-01
5.299474572262913297e-02,3.539416178210569308e-01,5.087441359445105116e-01
4.860130816686811239e-02,3.611907878922451243e-01,5.210379351955992666e-01
5.397010595221157780e-02,3.718700053637026826e-01,5.199278192825359524e-01
4.777611583770415005e-02,3.443912592341763501e-01,5.171106210367543143e-01
5.771459657042062041e-02,3.307353721873440011e-01,5.150908915223939566e-01
4.663664854927730002e-02,3.443068053352881241e-01,5.112652017759375944e-01
4.849831994734531138e-02,3.363122059161012811e-01,5.177969408531843953e-01
4.799376406135212603e-02,3.475603627754532687e-01,5.080378527468878413e-01
4.499177781693834699e-02,3.266669392755323087e-01,4.996866136319180751e-01
4.542048889678743095e-02,3.339940241490219064e-01,4.896354736109672090e-01
4.470107557681127219e-02,3.279429500985194812e-01,5.007515049947027785e-01
5.022619990677522350e-02,3.407857682494011553e-01,5.139090633180385392e-01
4.543428807124681723e-02,3.264380021138190147e-01,4.945060759697795794e-01
4.545416340029289487e-02,3.272832591707238725e-01,4.963526348013361233e-01
4.638113575675505140e-02,3.260975969486181181e-01,5.008795098875408192e-01
5.164196427628288399e-02,3.173247877428712616e-01,4.970302474079438815e-01
4.544023578488125964e-02,3.208838319176158249e-01,4.958567299793645855e-01
4.845427647506199420e-02,3.176191450070400824e-01,4.994134246666142585e-01
4.590242672781166822e-02,3.292848822552201238e-01,5.090249982449290833e-01
5.124949907265651666e-02,3.278843134753558486e-01,5.028103431438176729e-01
4.469107464891915876e-02,3.306266380517793868e-01,5.002269643470206306e-01
5.048087493109315593e-02,3.320960303823679016e-01,5.053260038253308828e-01
4.464675364556594528e-02,3.244607719687171432e-01,4.971672063679005160e-01
5.255496670469961273e-02,3.205756460431656851e-01,4.968982685156875245e-01
4.432668336641890777e-02,3.246748280313823121e-01,5.013555198877107655e-01
5.198997297253213357e-02,3.146254340909429570e-01,5.000925960876755338e-01
4.484532185381321506e-02,3.224718633304564097e-01,5.023818048062043129e-01
4.901980128641606621e-02,3.303321933663179721e-01,5.065779412134417958e-01
4.707925682622625396e-02,3.302324352753266967e-01,5.103678251105173702e-01
4.591695064390396291e-02,3.404025452201767110e-01,4.948103000556692277e-01
4.357811363688180589e-02,3.221026748039866328e-01,4.942266482016265949e-01
4.482416358350885255e-02,3.167235047337311205e-01,4.817974516675708196e-01
4.552588593419338442e-02,3.236102337600276768e-01,4.955173991388441279e-01
4.684320639359235150e-02,3.237258240791014430e-01,4.880003869771270542e-01
4.439618976831922331e-02,3.250498543683724151e-01,4.919385402750403591e-01
4.399494789554517227e-02,3.278282031018270315e-01,4.852721650753258897e-01
4.667948509394772433e-02,3.220917069187131387e-01,4.902157570369491957e-01
4.739661625927102384e-02,3.434175974433451572e-01,5.045331308052964925e-01
4.518234152363911904e-02,3.305905452490127683e-01,5.006112348972081572e-01
4.392087986765799701e-02,3.237820731316712886e-01,4.955493028851842285e-01
4.299142729943801478e-02,3.217589027887890474e-01,4.927984083999384368e-01
4.301604650669506313e-02,3.207751418792915699e-01,4.920177814289707907e-01
4.317901683498128612e-02,3.213133716727031297e-01,4.921576541470398247e-01
4.296631731894208495e-02,3.203835867159304795e-01,4.921050147889177717e-01
4.271090397612947731e-02,3.200276674236801622e-01,4.917843521764396209e-01
4.242764354011240718e-02,3.192871516810444343e-01,4.915971677862793765e-01
4.227572025033863451e-02,3.201895831471525122e-01,4.924162083978801396e-01
4.221035768540117722e-02,3.184574985838002914e-01,4.917830971650444805e-01
4.225173131373798768e-02,3.194670725668464772e-01,4.921224126165820723e-01
4.230977521507685302e-02,3.190108409782142496e-01,4.915006834439201167e-01
4.240104109573301916e-02,3.187544517100995289e-01,4.917382545981932029e-01
4.212436828313358139e-02,3.179828466079876459e-01,4.919045956274711306e-01
4.236106474113022352e-02,3.160838748480396809e-01,4.902670586350055260e-01
4.189796541051168249e-02,3.169907631727501562e-01,4.916828179513659802e-01
4.136591475406745100e-02,3.157233732670997606e-01,4.913067542546185051e-01
4.103608928850802084e-02,3.150173386763679417e-01,4.914427056561165852e-01
4.097407753782785628e-02,3.146700667075648661e-01,4.931541526639092732e-01
4.103825942184112507e-02,3.128414537730096479e-01,4.920478824968342879e-01
4.098481270409770616e-02,3.137503140357820741e-01,4.931555559984291404e-01
4.092457536026707088e-02,3.143695344965728444e-01,4.932356375833584772e-01
4.074993300715043509e-02,3.151548230227383951e-01,4.939385759216659566e-01
4.058156271948194782e-02,3.126945601224650484e-01,4.923923669047091112e-01
4.065062898306426309e-02,3.133859275569187974e-01,4.924016592009404225e-01
4.066200611173909074e-02,3.122139377399960058e-01,4.928251657809671893e-01
4.016785159526213567e-02,3.119059513640407011e-01,4.911175832947900499e-01
4.012820674598456538e-02,3.126176582341904653e-01,4.910877275259460939e-01
3.998193929191828921e-02,3.132212002908144055e-01,4.922358626195855735e-01
3.989314760762455170e-02,3.134720251334334740e-01,4.923951370081355305e-01
3.995471298015236539e-02,3.133995314024799472e-01,4.934434566359690577e-01
4.008627556783921075e-02,3.133147421649687403e-01,4.929079131635606958e-01
3.978771091832319917e-02,3.144676211873978500e-01,4.920980579969756463e-01
3.968881906223561962e-02,3.122789026626020537e-01,4.909438760536113944e-01
3.942014929513827648e-02,3.103075518963867019e-01,4.896845897963383321e-01
3.932340730294430625e-02,3.100116480633054450e-01,4.894604667421480482e-01
3.922376441262694774e-02,3.100437834274199500e-01,4.879479343886028442e-01
3.904385151737715942e-02,3.097030259075701508e-01,4.880387545690204609e-01
3.922533946557928142e-02,3.090793857435298886e-01,4.883243126449672289e-01
3.922874591454521276e-02,3.098045565197118933e-01,4.882678962760247376e-01
3.868061105378902548e-02,3.085814616178410019e-01,4.875302390424416377e-01
3.859041193635631695e-02,3.071508817598397889e-01,4.879758192253229043e-01
3.870870222756678247e-02,3.075431072382972530e-01,4.884678010210122823e-01
3.869894753019645361e-02,3.068368066308603259e-01,4.881539193339457516e-01
3.818080757966819949e-02,3.079338595701801018e-01,4.872192442572500504e-01
3.817288443593608305e-02,3.074787111385038352e-01,4.870746978218049583e-01
3.787450728087763535e-02,3.049488495380091591e-01,4.846489906331882813e-01
3.797432170687865816e-02,3.053372689732741230e-01,4.842047622727717049e-01
3.805211973215272270e-02,3.047504483552806454e-01,4.835632642605604548e-01
3.753784877770448281e-02,3.043891876585803069e-01,4.846000208715504631e-01
3.740873483191612531e-02,3.034582808750162508e-01,4.845395947479265164e-01
3.718713861450854974e-02,3.032977971459461242e-01,4.855248650509684794e-01
3.692197877819823615e-02,3.039749924273441595e-01,4.851229526226155664e-01
3.673124748551871710e-02,3.012670065492408789e-01,4.844133781540582162e-01
3.661271780794296549e-02,3.017828012601450061e-01,4.843372356759244046e-01
3.661544834378715335e-02,3.009932597322735881e-01,4.848915975457468996e-01
3.669603794123021956e-02,3.025573586277102711e-01,4.844345046785239473e-01
3.661377815817816461e-02,3.014592071501157045e-01,4.834181878757413120e-01
3.673523219771117343e-02,3.023117464771281626e-01,4.848856332513313272e-01
3.633832028386017876e-02,3.017822879141136561e-01,4.844277808915309347e-01
3.637455417040605377e-02,3.026300638119687192e-01,4.848420872666327486e-01
3.660142786571245893e-02,3.023611140700244726e-01,4.853058718658808668e-01
3.596900818916331372e-02,2.991986634303109849e-01,4.835756738669106936e-01
3.587070465605438074e-02,2.990447151270967385e-01,4.842826610727691272e-01
3.552910147011011099e-02,2.979155581610296033e-01,4.836758946352431865e-01
3.541775211500734072e-02,2.963844782277756940e-01,4.826263502057441812e-01
3.524080386982665625e-02,2.962828229031948535e-01,4.825122340528540388e-01
3.521918284568154034e-02,2.947264183274883598e-01,4.829195099189704243e-01
3.524042778846423613e-02,2.953195094640586049e-01,4.818372807588266471e-01
3.522344776209285211e-02,2.945518145183640413e-01,4.834089296758619092e-01
3.495262977813777538e-02,2.946829186377156184e-01,4.826756014085467061e-01
3.472648946566550543e-02,2.946041324524465432e-01,4.825767090462833586e-01
3.449380960901287513e-02,2.947663952118150799e-01,4.828494689890975300e-01
3.430679349020211710e-02,2.956711687837503821e-01,4.823416621991353792e-01
3.496677755358655604e-02,2.954138871082687690e-01,4.822159120400665300e-01
3.417857464294699055e-02,2.949014589464131197e-01,4.819960026673774101e-01
3.392297138390126809e-02,2.922460769663627334e-01,4.796578681331618577e-01
3.378876245677417400e-02,2.925918621870147174e-01,4.803788525520077957e-01
3.353303056964089535e-02,2.945176952960081862e-01,4.805824770384424238e-01
3.324358057903696595e-02,2.938651883586250180e-01,4.798870447132694284e-01
3.308716034015642821e-02,2.919153128352979798e-01,4.797041616145222842e-01
3.295009843609336686e-02,2.927417612250948764e-01,4.804373489519698226e-01
3.271727637494985241e-02,2.916060106718210698e-01,4.806993147549865064e-01
3.251404763708447970e-02,2.913721064116531756e-01,4.798100775013753316e-01
3.244013583261442374e-02,2.901784219556787781e-01,4.790188024803837541e-01
3.233622637084769547e-02,2.889370329133923443e-01,4.792077657825319359e-01
3.206014504329479653e-02,2.886706395920156099e-01,4.793250739488455481e-01
3.185472643821965488e-02,2.876561456256773175e-01,4.785102488883709593e-01
3.182014198041601544e-02,2.889274407193990202e-01,4.786534739038347253e-01
3.171808670728433477e-02,2.883253073647103482e-01,4.772618019094910236e-01
3.157899214062271503e-02,2.879260738327311664e-01,4.765013963649214479e-01
3.163280135089701489e-02,2.896805885139889236e-01,4.785687779700127931e-01
3.145586320601666264e-02,2.882761900018997459e-01,4.760227807772490216e-01
3.141571856448843042e-02,2.884110489246184961e-01,4.763834510565095326e-01
3.120532661471757049e-02,2.883487892546989229e-01,4.760003010727099082e-01
3.100301450196883343e-02,2.874302524108783841e-01,4.753771384381825227e-01
3.110435015131330500e-02,2.866097105323590633e-01,4.743031670888563922e-01
3.103718923283876538e-02,2.876491290781467147e-01,4.750247573205939045e-01
3.062978336368134963e-02,2.863078233498266290e-01,4.737948979025322083e-01
3.062638963194752942e-02,2.865008861531712636e-01,4.742654541184925243e-01
3.063647027496598646e-02,2.862688029991683480e-01,4.752261782587903771e-01
3.055548811806676340e-02,2.865725772193127296e-01,4.735055412833507615e-01
3.056767105981730848e-02,2.872280499089807648e-01,4.737960248421944631e-01
3.053037699152223727e-02,2.861939261974855708e-01,4.732201858282385487e-01
3.020837546016990824e-02,2.847574787990362899e-01,4.711683822475807304e-01
2.999049897762729594e-02,2.831737635190881841e-01,4.697432975178370551e-01
2.983366417825887573e-02,2.822691738921981330e-01,4.677672139159216869e-01
2.978189446270614396e-02,2.813614520685512321e-01,4.676326885761464269e-01
2.974712357729940651e-02,2.796691820484996649e-01,4.671197181680145638e-01
2.968438141914291756e-02,2.799441348188312362e-01,4.669120628338936374e-01
2.976344506005235840e-02,2.800623090057279274e-01,4.676039298668138722e-01
2.969999708048622414e-02,2.793962134330102987e-01,4.665303121881385628e-01
2.987341441783811918e-02,2.798143024541375756e-01,4.655777163097462035e-01
2.970766349445202320e-02,2.797653438923583535e-01,4.673566051542518140e-01
2.968674029028843531e-02,2.790287554135082448e-01,4.655230330001861594e-01
2.965879756370833759e-02,2.801599635116551745e-01,4.671081697827655366e-01
2.936289087856804036e-02,2.793654805714279599e-01,4.665098174074396864e-01
2.920774953741256744e-02,2.782648264125721083e-01,4.654116496967757866e-01
2.884260154830155590e-02,2.778649420085320676e-01,4.654501953026471961e-01
2.867261193695666566e-02,2.757963897315324764e-01,4.644109909110405443e-01
2.864893521452234471e-02,2.751547114588815401e-01,4.641201570503458718e-01
2.855527932721968476e-02,2.743190088618790989e-01,4.642899923554625885e-01
2.841396416291374488e-02,2.736786690390564103e-01,4.645053990747447514e-01
2.815424659100599497e-02,2.732512884563216837e-01,4.627988615346436130e-01
2.829139227275453278e-02,2.716632055313160654e-01,4.623648688620486946e-01
2.819585314155836214e-02,2.742588631894196660e-01,4.631414082585917913e-01
2.805965337916518226e-02,2.730371781157120425e-01,4.614826271300219718e-01
2.785363096691922946e-02,2.733905763715414605e-01,4.611043476639308802e-01
2.775488152566239763e-02,2.736232719761945154e-01,4.595343787148648551e-01
2.775792575513855859e-02,2.723582216469818129e-01,4.589565395861389674e-01
2.772025500540297588e-02,2.740377936767088851e-01,4.593263157957969134e-01
2.746199193117541265e-02,2.739032144796239021e-01,4.576184811573841826e-01
2.734593255000854206e-02,2.730749051926278370e-01,4.576276247209712933e-01
2.733000769901256996e-02,2.730506551683386518e-01,4.585316419376945785e-01
2.720985050807332023e-02,2.725898857852100954e-01,4.586998732634088305e-01
2.735453682716488394e-02,2.719473943046333830e-01,4.570015317764641871e-01
2.731406008546066397e-02,2.722621819739658444e-01,4.577287411313330501e-01
2.706245503686839637e-02,2.735745294171217368e-01,4.590801468851413714e-01
2.705428706114675411e-02,2.735206490528682144e-01,4.586053505276198039e-01
2.684245154889107476e-02,2.729469579936620871e-01,4.581126460298838299e-01
2.675525161673462937e-02,2.730895265703178754e-01,4.585255126989635222e-01
2.681159010806583379e-02,2.730291763268141714e-01,4.580662254819834467e-01
2.684610077986970128e-02,2.737836233413269982e-01,4.591598018877928733e-01
2.680741581410368835e-02,2.725416359029550484e-01,4.589704795873602583e-01
2.681610287542153526e-02,2.734914996212376437e-01,4.580508781413879515e-01
2.662435408650827215e-02,2.722525612875456025e-01,4.580095852558298541e-01
2.649494906700873564e-02,2.714812790812082266e-01,4.588476031774228470e-01
2.671254269570585288e-02,2.712535355066290066e-01,4.591674921147204658e-01
2.639625751417670058e-02,2.705383125905705954e-01,4.587164710320593697e-01
2.618853464761628988e-02,2.719404260859802913e-01,4.597902515144793312e-01
2.614079788054328793e-02,2.727596294118334597e-01,4.601568349978318873e-01
2.602630640878503265e-02,2.719836921841885524e-01,4.583230855476583265e-01
2.592174695162819190e-02,2.723260534937496646e-01,4.584406156790467035e-01
2.578235312204286631e-02,2.711647564028327184e-01,4.576816833635527493e-01
2.568663532605288541e-02,2.716046025645456607e-01,4.574607688320436183e-01
2.567308776783514337e-02,2.704797418091546835e-01,4.568818720306630499e-01
2.564393379296784486e-02,2.688113718103715133e-01,4.562263362632486552e-01
2.566231077902301691e-02,2.686502835553652990e-01,4.551183992474214790e-01
2.568980788929614567e-02,2.687834200230231341e-01,4.560742875136588048e-01
2.561987438443436710e-02,2.688548717286763923e-01,4.567610215315483502e-01
2.546185846484094739e-02,2.710939766401345152e-01,4.574610711062673807e-01
2.533577355419322497e-02,2.711341755745313442e-01,4.575723760750785574e-01
2.509470461842687114e-02,2.705112849848598788e-01,4.569093224383050100e-01
2.504385239010416958e-02,2.706584878833092622e-01,4.567387607149545059e-01
2.495163094258160200e-02,2.709130678721717311e-01,4.570410269284803095e-01
2.478308149177705505e-02,2.697365695507132344e-01,4.555333341943741954e-01
2.486986518085878076e-02,2.704023946014349478e-01,4.568318868619727913e-01
2.483821122666584474e-02,2.696085262372779900e-01,4.555125095907593957e-01
2.483271367375200836e-02,2.703635538936416394e-01,4.562444262258138483e-01
2.474293235801815899e-02,2.698682113116946391e-01,4.557368739076501085e-01
2.459658694659988543e-02,2.703687179556349407e-01,4.543904705672561217e-01
2.460885651018192288e-02,2.712267485534046729e-01,4.557455346970616938e-01
2.456612945818884008e-02,2.708157778402642268e-01,4.546982391861693062e-01
2.445524104687293865e-02,2.688361413139029876e-01,4.554518413838856139e-01
2.443669703350954611e-02,2.687871578116834970e-01,4.563286375932762429e-01
2.442077010663022338e-02,2.690463460581538069e-01,4.566841683626947646e-01
2.436390730524576678e-02,2.689472434401218859e-01,4.555850545298280041e-01
2.447104988610739745e-02,2.698415906965982991e-01,4.556692948584589731e-01
2.437989612086565588e-02,2.688733369182046973e-01,4.558208080199967482e-01
2.419639406661702047e-02,2.683629988283223744e-01,4.542430519654057641e-01
2.404839757657761812e-02,2.687126807431167719e-01,4.535775805439518638e-01
2.411108436533030558e-02,2.695780666484576815e-01,4.547184309103791122e-01
2.397747180796117733e-02,2.688444773071519411e-01,4.536987824455674390e-01
2.410366198297869689e-02,2.686535372432528046e-01,4.534963350786629932e-01
2.409432031846427819e-02,2.691557503099047399e-01,4.536966943650112549e-01
2.406593787164875917e-02,2.696806471177148889e-01,4.524788978711810072e-01
2.405615374034585432e-02,2.691050941563488119e-01,4.539723911319040739e-01
2.380912716907606502e-02,2.689260352581029356e-01,4.544235340432878356e-01
2.373335038332873709e-02,2.691602726175185145e-01,4.529337199773818545e-01
2.366770920176457238e-02,2.674862630886961079e-01,4.511423214186782715e-01
2.353087633568158588e-02,2.675577239325452883e-01,4.506256819064796137e-01
2.349245179122505869e-02,2.676445193982333048e-01,4.506515007882632151e-01
2.343947747623218933e-02,2.679127319229020476e-01,4.498464249328126829e-01
2.359914448321101185e-02,2.680979105635707960e-01,4.515331226265826281e-01
2.353466937798510961e-02,2.673771848974184628e-01,4.495925762872860498e-01
2.351296539804002134e-02,2.684519829280250236e-01,4.497530018177195443e-01
2.338162834678116433e-02,2.673367289063371954e-01,4.497254182784755083e-01
2.338670543760353049e-02,2.656520672738852951e-01,4.494221952851252255e-01
2.327918100315916686e-02,2.666025721121232372e-01,4.494406191221261282e-01
2.324484597645833789e-02,2.655240581930508048e-01,4.490425868594873915e-01
2.333364682914925575e-02,2.660210081293686302e-01,4.496407131805778556e-01
2.316869009090978537e-02,2.652555756129698628e-01,4.487021144841137898e-01
2.311689753086922788e-02,2.657082281436777271e-01,4.480645010050202659e-01
2.299904623299823744e-02,2.636736092996750380e-01,4.478679672556494240e-01
2.284784347692065537e-02,2.627124643070003485e-01,4.496253312402153646e-01
2.277636965308283551e-02,2.629853267375289461e-01,4.498481238571719332e-01
2.271873644426109992e-02,2.627354751803810951e-01,4.477313824175315204e-01
2.257661041775275643e-02,2.623441847648431136e-01,4.467142957676984438e-01
2.254565363488764129e-02,2.608818380308689511e-01,4.449294007525399497e-01
2.244233195706817063e-02,2.602990687852910212e-01,4.441655718664968000e-01
2.248518639916559370e-02,2.599380390074573222e-01,4.437679485755135489e-01
2.247582450638901941e-02,2.602840785263763612e-01,4.443439280752277121e-01
2.233837139433998698e-02,2.585170940099805192e-01,4.427895304973956669e-01
2.255087763014413521e-02,2.590289722977313080e-01,4.433118835261268820e-01
2.236976103460720441e-02,2.584531199082159558e-01,4.424177875922609693e-01
2.229250075615386156e-02,2.585698047164164959e-01,4.425958598356803386e-01
2.221447460103518484e-02,2.571544424152562569e-01,4.413009323277702900e-01
2.215666536404806153e-02,2.571200091941515109e-01,4.410227071692199297e-01
2.200849551509515695e-02,2.549476010304733142e-01,4.390505019472408788e-01
2.184945314170234215e-02,2.552379466800376306e-01,4.386536037145565281e-01
2.181255477608431276e-02,2.543706298431205326e-01,4.379853977028075884e-01
2.172744856122926782e-02,2.535056769327762582e-01,4.384897869760035483e-01
2.174389749420457818e-02,2.538914731848906925e-01,4.387780802482004749e-01
2.172274890573215947e-02,2.529036383310439007e-01,4.386678383492031430e-01
2.162284497244487333e-02,2.525068103997241131e-01,4.373041950507193243e-01
2.164360627376336194e-02,2.520260402109766318e-01,4.371326304912551697e-01
2.160208573751529193e-02,2.526352726422154693e-01,4.374852350189575856e-01
2.165843639414573654e-02,2.521211071505843893e-01,4.366365798993835923e-01
2.158498893342472233e-02,2.527513784169735933e-01,4.370742694214158064e-01
2.155195933374151954e-02,2.527497765503624594e-01,4.365635726787117643e-01
2.156876651433433517e-02,2.516276636318723336e-01,4.357129515720805091e-01
2.159110601836063126e-02,2.529750432448939490e-01,4.364291125809027228e-01
2.161766759015896003e-02,2.527856626067360168e-01,4.365583351342432472e-01
2.155404926392556070e-02,2.525644544795759838e-01,4.361214676672494628e-01
2.159092635719242481e-02,2.514218297861650631e-01,4.367474432719572475e-01
2.153797789660455431e-02,2.530961497478009248e-01,4.365198014456335707e-01
2.135132540242717925e-02,2.529051970650838532e-01,4.358864295055033811e-01
2.144889304014386405e-02,2.521737300440111129e-01,4.367042474523486484e-01
2.130325402365178256e-02,2.530398343304344766e-01,4.359827541818060981e-01
2.126227441919524563e-02,2.523743806129712386e-01,4.351560209311697847e-01
2.126949256384409737e-02,2.539732012639583925e-01,4.349071251786029713e-01
2.122325111509111573e-02,2.524512890024671607e-01,4.347682651053982328e-01
2.123318033801753837e-02,2.519321966437669258e-01,4.335785550240321973e-01
2.125488944445384429e-02,2.518081347461944008e-01,4.350844793447017356e-01
2.121139491073804201e-02,2.530353945162661655e-01,4.342887593368695009e-01
2.130545774423802524e-02,2.535096069963540533e-01,4.312885897083613695e-01
2.120678715449151805e-02,2.528145694762635731e-01,4.336806537861111477e-01
2.125353618926641847e-02,2.523941683981832385e-01,4.347143096449851418e-01
2.113288355117402817e-02,2.521591649086133979e-01,4.327828629311366027e-01
2.117635514318562048e-02,2.521437191282570045e-01,4.322212285561257694e-01
2.112670282079499515e-02,2.516878353270592950e-01,4.324644956862775391e-01
2.109159857934936322e-02,2.508000252844151956e-01,4.319789671474065784e-01
2.112103659657751931e-02,2.520679007172243469e-01,4.328254891127529813e-01
2.118476827310078817e-02,2.510726838449914289e-01,4.323325734003248821e-01
2.110086180357851476e-02,2.516018871128378187e-01,4.326987422067772870e-01
2.112864857965526463e-02,2.508931504869301721e-01,4.321056526700422507e-01
2.109422329574044130e-02,2.498032329656982575e-01,4.307054208047881860e-01
2.110879970048176735e-02,2.510624751803959276e-01,4.321682892960059252e-01
2.122280058300633418e-02,2.519996607913423947e-01,4.328634793449410711e-01
2.107957702658411203e-02,2.506707368462257057e-01,4.319828944584332975e-01
2.109443329364560013e-02,2.494646637898298158e-01,4.314387003588235348e-01
2.117814879708810466e-02,2.506409338789115093e-01,4.318375077711416044e-01
2.109647064650424508e-02,2.510018276520660230e-01,4.307244208875191105e-01
2.110501178752339710e-02,2.500490924115542635e-01,4.322013438737546953e-01
2.107552245991498041e-02,2.495869048593057915e-01,4.318361148110211878e-01
2.105691860439067378e-02,2.493660306595310017e-01,4.323733249716243399e-01
2.110877594820300546e-02,2.500388040931788569e-01,4.331203441184588998e-01
2.108727782204328910e-02,2.495317104672778175e-01,4.325410176588496691e-01
2.118830850746778946e-02,2.481512918369314091e-01,4.320494347071281438e-01
2.117080350673504127e-02,2.497489323259013960e-01,4.330638149328057684e-01
2.094261940232394759e-02,2.486315264225045507e-01,4.317841331125426563e-01
2.092994045409834331e-02,2.481072470117671458e-01,4.310180566831062210e-01
2.089420144106701391e-02,2.482723192254283617e-01,4.313132757843639031e-01
2.101070472306153930e-02,2.483708420407917394e-01,4.317302712729537695e-01
2.087395454719927212e-02,2.485989300060528762e-01,4.310224053442098247e-01
2.082067940668153039e-02,2.486398606956586876e-01,4.309470389446737881e-01
2.076650470820503094e-02,2.484284911713135480e-01,4.273495693048893762e-01
2.091332794788438795e-02,2.481732990676967510e-01,4.268903234340765129e-01
2.082331831240473094e-02,2.485956451169099579e-01,4.272108726192634931e-01
2.050328178709581728e-02,2.484319588547852509e-01,4.266451690748739867e-01
2.050721858215955387e-02,2.485661201919623919e-01,4.255179551764064483e-01
2.052165349473209638e-02,2.491575836895769114e-01,4.266006600805165583e-01
2.031573340849052514e-02,2.484669316339120360e-01,4.264834519879348584e-01
2.034656136643188395e-02,2.491258790249176736e-01,4.267085571680734879e-01
2.031822732271808957e-02,2.483987168347839836e-01,4.261576463239722945e-01
2.015846250753539765e-02,2.471081220459603323e-01,4.255650212054313819e-01
2.019527961439522221e-02,2.469731551577829531e-01,4.250154666981015295e-01
2.028533891900185376e-02,2.476691606179786953e-01,4.260435070820763892e-01
1.995067602458013706e-02,2.458781458849212675e-01,4.257831529820162442e-01
1.998942218178102054e-02,2.465636503018522330e-01,4.260323107834776968e-01
1.991322080172320402e-02,2.459903210325869727e-01,4.253890592038886975e-01
1.982469240789881335e-02,2.449400655828161133e-01,4.245136316718518543e-01
1.973208315017481451e-02,2.453109249169264094e-01,4.238318016673809363e-01
1.966751765812676730e-02,2.449103065331523221e-01,4.230451874302318394e-01
1.954466168384996066e-02,2.438212227718989655e-01,4.221408593073308069e-01
1.946533319714103399e-02,2.437928176091376242e-01,4.223251200342235667e-01
1.942414273786775836e-02,2.428877030002370152e-01,4.213104001333624060e-01
1.935355786155054311e-02,2.417179921593973491e-01,4.186308779728226681e-01
1.938330426845836715e-02,2.411892654922650203e-01,4.187551208656002388e-01
1.934119180777033736e-02,2.410363291539565911e-01,4.186365039625529194e-01
1.932957812091910463e-02,2.414095959132423197e-01,4.179916353246683203e-01
1.940113394777014458e-02,2.405387412408397096e-01,4.178543336378836015e-01
1.932812058460339072e-02,2.419128281672280056e-01,4.173309383317794774e-01
1.924832685373489144e-02,2.420521872429567956e-01,4.158016280849144430e-01
1.933061087513604850e-02,2.414648005558332478e-01,4.169301959909195165e-01
1.919825243561523731e-02,2.422732204348106433e-01,4.161985537533914870e-01
1.912648415313874389e-02,2.413368298386975308e-01,4.163441995036156751e-01
1.914773571866241336e-02,2.412466557032411363e-01,4.173046427777946654e-01
1.916790127045096132e-02,2.413267226923144770e-01,4.158152808333120953e-01
1.904924067420553715e-02,2.423144296103295625e-01,4.158484968575843488e-01
1.897996618122829368e-02,2.431336993154729897e-01,4.168873882810975595e-01
1.889587736742167484e-02,2.428327503401511989e-01,4.165034790946218202e-01
1.892532491371985703e-02,2.429313743156363559e-01,4.153214345230244464e-01
1.889411369754340209e-02,2.425314818495390157e-01,4.165379049761621655e-01
1.883229646505306734e-02,2.426168484198021613e-01,4.157136163570553378e-01
1.894929136998482408e-02,2.427598675246377402e-01,4.158912096517511370e-01
1.883545037918819484e-02,2.421313395781193589e-01,4.155038348756157629e-01
1.889018623991871315e-02,2.435234317820844097e-01,4.165903650965304128e-01
1.882012606518090880e-02,2.429978719902452233e-01,4.161071243292974731e-01
1.891006814674936129e-02,2.417196354358917276e-01,4.167635137123335554e-01
1.877058953385968981e-02,2.425374438038865876e-01,4.154946245733690535e-01
1.881361837885635671e-02,2.418953319633321275e-01,4.159205740831823928e-01
1.875079641511793668e-02,2.419426549390641390e-01,4.155848998596087807e-01
1.883612881058212979e-02,2.421637460215431414e-01,4.169278327064437351e-01
1.874429764473712484e-02,2.424667070991536610e-01,4.152907861335550233e-01
1.878318350720826688e-02,2.420776768636020426e-01,4.150080451844198048e-01
1.877733162757560734e-02,2.426812293217159022e-01,4.157900910068551559e-01
1.873472140586930623e-02,2.424557500157979717e-01,4.138683269197114267e-01
1.878973536260989535e-02,2.423308798533000685e-01,4.135965984598524714e-01
1.882212481062078488e-02,2.428338578783116319e-01,4.141512721812407039e-01
1.861244889309958059e-02,2.428983683956045803e-01,4.125211180523981058e-01
1.866414476116073223e-02,2.436551913246141621e-01,4.120335136651913643e-01
1.861222781466515333e-02,2.431760205171047684e-01,4.125821387278230112e-01
1.866900811950505598e-02,2.435532725133070231e-01,4.109394179756541421e-01
1.854046624517974307e-02,2.426199122442363743e-01,4.120296037352158547e-01
1.850177317857404705e-02,2.422851202396331394e-01,4.112456045717082231e-01
1.848870487269699964e-02,2.415080165400409484e-01,4.118924272722480628e-01
1.848368948990431263e-02,2.407866662347688813e-01,4.118842225463237861e-01
1.847485240329188247e-02,2.413059261154043844e-01,4.115588172745683893e-01
1.853441903073955316e-02,2.426284153357652906e-01,4.110477123537508715e-01
1.843335460845254431e-02,2.409005917319031742e-01,4.107648643528440391e-01
1.849798917685231692e-02,2.413700697074737944e-01,4.120242927558423474e-01
1.850408396414630549e-02,2.412234479149023558e-01,4.109558892043946310e-01
1.838048255712720208e-02,2.405793836729650248e-01,4.109555857305781656e-01
1.836867034097840190e-02,2.384809402836295389e-01,4.099558759315333756e-01
1.832314746371203895e-02,2.378978042750551358e-01,4.091337012682614294e-01
1.848817825520410879e-02,2.384803415829629125e-01,4.095313674074645416e-01
1.833166026055199974e-02,2.371085786698487186e-01,4.091390018785003302e-01
1.814976756543573364e-02,2.372254594506444936e-01,4.081478644263591971e-01
1.804855967026020719e-02,2.378959202765570380e-01,4.073020230282107801e-01
1.801387277921228172e-02,2.382806354601640919e-01,4.071794093915928614e-01
1.802311952201237494e-02,2.377277153320880021e-01,4.053160244762514797e-01
1.797002476469012483e-02,2.383858051660406596e-01,4.068271922537211593e-01
1.790308086334793311e-02,2.374657332659995956e-01,4.054347721071198118e-01
1.790438188100525879e-02,2.377850077432176468e-01,4.062525355012658879e-01
1.785584018987188687e-02,2.378619128695789176e-01,4.049705044913627372e-01
1.787652656071585244e-02,2.379681752158505081e-01,4.059349365274251831e-01
1.783266048093203049e-02,2.377991059515391636e-01,4.048042307903049197e-01
1.775498422084479527e-02,2.382406248430579687e-01,4.029674405940158466e-01
1.782773252296959710e-02,2.377780231454992843e-01,4.012442048390797988e-01
1.775866480842292622e-02,2.385961238116462713e-01,4.028876151578146270e-01
1.764847665590859455e-02,2.374265842348474431e-01,4.032702245305220257e-01
1.762662944352680339e-02,2.365843423735155271e-01,4.015125224319316399e-01
1.752741862054055938e-02,2.368685652441089307e-01,4.007372389988255734e-01
1.745522444955125221e-02,2.366340004430481370e-01,4.002084866681335229e-01
1.737572597495282839e-02,2.377705582439941234e-01,3.991202143214910292e-01
1.736117334903503756e-02,2.366538262924434977e-01,3.979409024827624264e-01
1.748473936853432720e-02,2.361948821438788204e-01,3.975158520599524348e-01
1.733295373726784216e-02,2.369817128821294916e-01,3.976628088857921406e-01
1.740808662682537256e-02,2.382418769310238049e-01,3.977260298335459354e-01
1.737490586840076054e-02,2.369814605417020492e-01,3.980107782338030420e-01
1.736753338414014081e-02,2.374322958018987850e-01,3.971881111966843458e-01
1.737745900167745119e-02,2.367339732021949139e-01,3.979938438143154622e-01
1.722572910677709623e-02,2.363441174733565409e-01,3.963363690906706038e-01
1.722247440268277058e-02,2.357986491406863228e-01,3.966165264530336909e-01
1.724486206883333456e-02,2.359871218797117975e-01,3.960392560839300913e-01
1.725492983965737706e-02,2.352104859119820146e-01,3.966475887401736955e-01
1.714599329444211478e-02,2.359234326577708818e-01,3.964427625801152377e-01
1.705387750660284502e-02,2.358004792570057850e-01,3.961173523643743977e-01
1.696686218191479495e-02,2.357522409696633514e-01,3.960708441233244392e-01
1.696072901725199922e-02,2.353359868808005129e-01,3.960552312101546790e-01
1.695627957257771559e-02,2.364004688350112293e-01,3.966365242141006164e-01
1.700886286454236090e-02,2.366107385601878554e-01,3.951884559508609951e-01
1.696855356750284760e-02,2.362973265861363081e-01,3.960068941374549900e-01
1.690956131286821401e-02,2.358179486414669901e-01,3.966330868723429992e-01
1.694113450275323840e-02,2.368062844352215035e-01,3.959527218119813230e-01
1.685591867065867194e-02,2.357706671339245830e-01,3.958227709182794984e-01
1.680721875271071891e-02,2.351481587106591664e-01,3.947222095006741038e-01
1.671048481967415955e-02,2.344865247762151772e-01,3.934605331943039630e-01
1.673265338085655127e-02,2.341425501673369269e-01,3.910330197973783117e-01
1.666466281430936669e-02,2.347345242303680857e-01,3.929859520350392210e-01
1.655401417122365562e-02,2.346099885487512027e-01,3.935802069714882112e-01
1.674218407624244315e-02,2.338865169283448064e-01,3.941523000600940518e-01
1.658896982011909965e-02,2.346019185162956378e-01,3.940883630089047629e-01
1.653386296762076116e-02,2.356115083749555639e-01,3.936570564303975561e-01
1.658521615601841678e-02,2.373828296374421998e-01,3.931732178947095480e-01
1.657073138892212541e-02,2.355732063973239032e-01,3.942798034288086395e-01
1.646444634014101321e-02,2.350107635556741570e-01,3.933669902212931779e-01
1.635615385780165437e-02,2.347049842915734374e-01,3.936987558408805432e-01
1.625950838482491043e-02,2.338902164116394289e-01,3.931715969422846513e-01
1.617689874542066128e-02,2.340152220531482030e-01,3.911538299079659886e-01
1.612393274794587592e-02,2.335862557993224065e-01,3.904582017499680369e-01
1.614465295140045387e-02,2.332762962613112723e-01,3.906578418226109850e-01
1.615332066531648125e-02,2.337803785047657124e-01,3.902197631971803249e-01
1.609959870230827025e-02,2.334944879879464752e-01,3.906872729825662804e-01
1.614577228357572808e-02,2.318663938220339726e-01,3.901626198668910472e-01
1.610107042160992610e-02,2.336282248591285415e-01,3.902630399257424054e-01
1.608940984575151639e-02,2.332564751761968813e-01,3.915372652325675995e-01
1.609842305764187798e-02,2.336248627853964310e-01,3.915817219960632811e-01
1.615870428675300272e-02,2.338839415746445383e-01,3.916351535844981302e-01
1.617561003354595767e-02,2.336846743202654064e-01,3.912547731901291348e-01
1.605758927237522712e-02,2.333426811643861953e-01,3.910209666958845420e-01
1.609116017477995458e-02,2.332310533312577094e-01,3.913409041249172327e-01
1.604718046090698041e-02,2.326646202430282806e-01,3.914514387842876753e-01
1.594206095841934484e-02,2.323834395115698392e-01,3.922019271089580150e-01
1.589099786615005491e-02,2.320427005552599398e-01,3.915470499833316187e-01
1.586965499640180521e-02,2.311342940796980994e-01,3.894982836955089289e-01
1.588919950066155357e-02,2.312338163082745535e-01,3.887922510689409972e-01
1.586181167418719562e-02,2.314754492895082227e-01,3.891600991988582448e-01
1.584286988016304215e-02,2.312512762462562987e-01,3.890791271183499100e-01
1.585649418702012037e-02,2.312115880536649015e-01,3.892146854573340087e-01
1.584321187928052627e-02,2.313427907581346310e-01,3.890023677925416035e-01
1.571914096576392667e-02,2.310006259770393533e-01,3.885468620169346687e-01
1.582354085368902624e-02,2.316871611604440773e-01,3.886892929128187846e-01
1.577807565561482189e-02,2.307624561412403852e-01,3.888780870404746626e-01
1.571740353480317876e-02,2.300421609208118945e-01,3.877974665771711793e-01
1.580930265157080503e-02,2.300836253204230630e-01,3.870937185677605363e-01
1.577075915179880147e-02,2.300803470805030670e-01,3.883976300491979172e-01
1.569826800931926544e-02,2.310901172202298459e-01,3.869788379597091654e-01
1.572535787755250866e-02,2.300386301126233768e-01,3.871812870070011625e-01
1.568594863285625168e-02,2.314132768024754760e-01,3.870166576095521727e-01
1.565159023779550893e-02,2.308838618213429617e-01,3.878599562284805180e-01
1.573541117842199369e-02,2.304780142737198889e-01,3.872656176028363983e-01
1.563039277681823117e-02,2.307500814831187630e-01,3.882607062339183956e-01
1.556084150742197310e-02,2.311119191677639684e-01,3.874830059064645615e-01
1.557153671544307151e-02,2.300643691090834275e-01,3.887570383965815446e-01
1.564664723683502692e-02,2.306758453492790129e-01,3.879691169762655156e-01
1.557115531828799637e-02,2.310514906959710013e-01,3.870739951967722137e-01
1.558418425692560325e-02,2.316102522326535518e-01,3.888203565902068615e-01
1.562055946369420023e-02,2.309403978949177982e-01,3.873130319045194336e-01
1.560756199643137387e-02,2.304488250136104421e-01,3.880828491684730208e-01
1.540763215366575470e-02,2.318781653635969831e-01,3.872227826908722359e-01
1.537963382396976067e-02,2.322933878299893451e-01,3.860574952825782113e-01
1.539125401065693025e-02,2.332068795393380245e-01,3.858116846830693114e-01
1.533789697990041445e-02,2.324927370991489162e-01,3.853505158829327315e-01
1.526956522483521698e-02,2.337956610899507293e-01,3.854333139289770060e-01
1.527146503485941886e-02,2.338500008471243452e-01,3.873225741596920124e-01
1.527291229511110703e-02,2.336021256691323544e-01,3.856109300557580277e-01
1.530332522849210848e-02,2.340652410633951575e-01,3.839637134573084531e-01
1.526754450282123178e-02,2.331037159386791235e-01,3.857382595658949143e-01
1.525826102881320395e-02,2.330842463777437479e-01,3.856313002849572347e-01
1.535855030871913392e-02,2.331578013640073221e-01,3.849212109438975848e-01
1.525945782717648934e-02,2.336247424487495616e-01,3.859622871102784680e-01
1.522006637965272677e-02,2.333994215609035416e-01,3.844692282615576051e-01
1.530878974016487357e-02,2.339836247566365046e-01,3.843602325465768632e-01
1.525247540959849546e-02,2.331001223897620767e-01,3.843928181864895155e-01
1.517572052220603034e-02,2.338045654756772118e-01,3.835123057916087208e-01
1.522097803653829629e-02,2.341000166111031622e-01,3.832371084557264496e-01
1.517849054137942674e-02,2.334834147003635452e-01,3.830022936160720204e-01
1.521366943329200382e-02,2.341408763315114272e-01,3.817575300736552601e-01
1.523508462674087738e-02,2.338942430389877869e-01,3.839886980127374949e-01
1.519607314453863892e-02,2.350018455595943856e-01,3.836426852001123544e-01
1.515854699266065003e-02,2.341661676916131640e-01,3.833594288558154761e-01
1.515928613014568341e-02,2.344864515357333312e-01,3.847819571857031273e-01
1.510132862654690183e-02,2.338352801917113200e-01,3.835050298386407097e-01
1.513631140151750452e-02,2.325957128224385717e-01,3.842614440479975024e-01
1.513892400348370096e-02,2.338762748023539007e-01,3.833938533270487281e-01
1.508691194130238819e-02,2.339061256798301847e-01,3.831156502986019508e-01
1.509688192997562031e-02,2.337435451347027460e-01,3.835263732676749693e-01
1.517751918746167161e-02,2.338976136998548450e-01,3.832431098670106562e-01
1.506597680563635626e-02,2.346691875707928310e-01,3.833487132624179838e-01
1.499558103348323616e-02,2.348372063777607044e-01,3.822405398634290408e-01
1.498735122829940314e-02,2.354023958039774822e-01,3.817446392777623099e-01
1.501924390491994089e-02,2.352007561806017943e-01,3.813348167104732567e-01
1.494196653922203778e-02,2.352226513759285154e-01,3.815066965424029899e-01
1.513688260712202534e-02,2.356014837153667663e-01,3.810138951319551603e-01
1.503980533873421760e-02,2.350076283875938976e-01,3.814292563050998841e-01
1.477159018638663987e-02,2.360673846417323807e-01,3.813829000750705855e-01
1.471891657218586495e-02,2.366673490550293413e-01,3.814079904162705481e-01
1.462567347070866872e-02,2.361662472067566354e-01,3.821500031249582263e-01
1.462156157415079108e-02,2.358628528122793944e-01,3.822552646070799254e-01
1.473338710070104356e-02,2.363691161854080125e-01,3.824955800079085644e-01
1.464441099643269684e-02,2.362221215963211940e-01,3.830894649859898915e-01
1.457640375997714885e-02,2.371054851612001413e-01,3.825843275644773556e-01
1.468605594838339259e-02,2.369935460296575813e-01,3.832925216061984774e-01
1.459137265312299495e-02,2.368902118296417614e-01,3.825247377972096352e-01
1.475573430949217099e-02,2.358461715245049883e-01,3.822933937315384778e-01
1.454950780265141207e-02,2.366122139907391453e-01,3.833620766153069681e-01
1.446696021598537982e-02,2.373305520387087864e-01,3.831809943127775786e-01
1.439135185479557127e-02,2.383463441860318444e-01,3.828459676554782920e-01
1.438812062908273980e-02,2.382355223835097846e-01,3.826101675266186386e-01
1.440141563694025476e-02,2.387503653674741266e-01,3.829852862368777755e-01
1.438348974179697905e-02,2.388259539633074136e-01,3.827484579784850016e-01
1.443255625463018589e-02,2.395182190776851128e-01,3.825355041598725858e-01
1.443213745713899966e-02,2.388823697556755055e-01,3.830705817345639308e-01
1.447494613729845975e-02,2.389396591621213428e-01,3.816286579684243230e-01
1.442610126406119672e-02,2.395725161486955135e-01,3.826294775654122682e-01
1.449556552358537316e-02,2.392077191245724765e-01,3.846772270273509653e-01
1.440843788146949946e-02,2.386934861139107245e-01,3.828797765985916257e-01
1.446608582727681655e-02,2.383934870304019460e-01,3.827665768561170356e-01
1.439229953499701620e-02,2.386461749043983505e-01,3.838978592510526866e-01
1.451441130540099753e-02,2.391290316936533489e-01,3.819902705178265245e-01
1.438223456731402457e-02,2.387856422688411084e-01,3.822123364688779779e-01
1.434156210310627393e-02,2.396337939594895272e-01,3.819676528518428649e-01
1.435412385293404272e-02,2.409138631428902333e-01,3.833305288069184802e-01
1.433650939523733667e-02,2.393649422467876431e-01,3.813458680974936010e-01
1.441725211936374998e-02,2.384104958323044199e-01,3.824894931632165651e-01
1.428527262254935745e-02,2.395969197412124441e-01,3.809336541333825932e-01
1.425076404597220431e-02,2.400025627141187390e-01,3.803476848621524797e-01
1.436031314014337042e-02,2.401334181225018294e-01,3.808917276709676281e-01
1.423271591000052627e-02,2.399993829961814817e-01,3.803559271113005069e-01
1.412068517096651092e-02,2.396563466232596862e-01,3.792236017771962175e-01
1.417784280871277683e-02,2.396991752659694830e-01,3.790736225454176545e-01
1.412160869536786476e-02,2.398588619316493475e-01,3.801283431595319784e-01
1.420824276186362541e-02,2.401957017368353264e-01,3.781687211718025576e-01
1.411939828044718112e-02,2.394038256629709149e-01,3.796086786015958614e-01
1.419885900235648250e-02,2.399098306259690727e-01,3.794695092364817612e-01
1.409187248892116752e-02,2.388030518606534536e-01,3.794905623547251694e-01
1.407458237474645130e-02,2.384556400193626746e-01,3.803637575992157571e-01
1.407545090484627753e-02,2.395478907559717985e-01,3.809188674769639071e-01
1.414143286946064823e-02,2.389131487585996194e-01,3.803617420599448296e-01
1.421066589547068798e-02,2.386438727644675240e-01,3.815023441216808253e-01
1.411537320647197891e-02,2.386525178937348168e-01,3.801618503604461963e-01
1.402984707683997342e-02,2.382606803090333292e-01,3.781488031492164503e-01
1.414468478293949734e-02,2.382488470481753107e-01,3.783130518232097339e-01
1.398529814067515226e-02,2.383407535671912270e-01,3.777356085787614837e-01
1.401570355088140388e-02,2.379283485275433818e-01,3.781077002640614859e-01
1.407067372551151080e-02,2.386792745269937788e-01,3.779590152612287701e-01
1.390758323481993720e-02,2.388797219588023324e-01,3.770246776532162336e-01
1.392931937798403200e-02,2.387247829197648163e-01,3.756574891972182528e-01
1.391051096932479671e-02,2.389242732154915616e-01,3.770067820301956085e-01
1.392973359318939661e-02,2.385240341718658785e-01,3.766297096215780460e-01
1.388139665399880027e-02,2.394660412140157679e-01,3.764676670957402549e-01
1.395110474535753500e-02,2.386629017140415587e-01,3.754575729576788423e-01
1.389483981737411888e-02,2.395050396699682227e-01,3.765942105996807343e-01
1.385909522987923380e-02,2.394003008354237683e-01,3.745772213921433891e-01
1.384205670897342699e-02,2.402364492217802794e-01,3.756420371953136939e-01
1.374834951994348409e-02,2.399516785632985205e-01,3.755427447547379782e-01
1.379543513285266115e-02,2.405410086127764968e-01,3.755662985929986153e-01
1.370863640824016710e-02,2.396325128222502321e-01,3.751075586484701740e-01
1.366232835815512150e-02,2.390452616172322464e-01,3.764287224263325737e-01
1.366946759067869457e-02,2.400371141605149305e-01,3.767084889582163476e-01
1.369861544509179060e-02,2.396924987723230427e-01,3.770601784795962197e-01
1.364938527983255816e-02,2.394609074899414769e-01,3.759085185688014752e-01
1.367423524136800184e-02,2.400906424464483990e-01,3.755966182220606964e-01
1.365091944270149099e-02,2.397419858522371050e-01,3.757651765237470798e-01
1.361204094422170663e-02,2.386990503722641044e-01,3.741172684421600891e-01
1.360058662911681898e-02,2.375823913217263439e-01,3.737380737833705391e-01
1.349851113192329990e-02,2.375625707647112117e-01,3.722465985957871815e-01
1.353398690909365758e-02,2.369483731065543941e-01,3.725325506001175291e-01
1.353726370396140036e-02,2.371392953163304895e-01,3.723454673638065815e-01
1.346291604765934014e-02,2.374747315077520848e-01,3.716794503603461086e-01
1.351897526600925534e-02,2.375640131834879099e-01,3.703197866656941506e-01
1.342652400505391606e-02,2.373617402111384833e-01,3.716837959959595206e-01
1.333143675937714656e-02,2.364791520781579781e-01,3.701049789819133573e-01
1.329331067757019008e-02,2.379323465361770085e-01,3.694365035855307067e-01
1.325491556890873515e-02,2.384051676886756455e-01,3.700736828120433919e-01
1.325767512424959847e-02,2.386506170353474010e-01,3.697722725501083607e-01
1.321402581172228217e-02,2.384397502467619223e-01,3.696452207591141015e-01
1.324761732160289682e-02,2.377683711946602385e-01,3.688727257012580085e-01
1.321074965387648500e-02,2.385446375550071829e-01,3.697218713077962682e-01
1.320365209115385852e-02,2.384086174455729013e-01,3.697729608777898802e-01
1.323309944634207085e-02,2.375715996308481182e-01,3.697695892171343757e-01
1.326011453335223730e-02,2.373242436789043119e-01,3.689193232699067293e-01
1.323268391081383610e-02,2.396296185620015728e-01,3.695357542702587539e-01
1.322022290002056177e-02,2.385253828500172313e-01,3.699639185807001018e-01
1.330665046406020666e-02,2.388507115918123702e-01,3.697861140749135744e-01
1.315666807598238688e-02,2.386045858835061095e-01,3.691362528250081709e-01
1.313412486216966601e-02,2.390230833461104154e-01,3.688909338104932600e-01
1.318402195605485050e-02,2.394006821463452728e-01,3.703254314999970820e-01
1.319598186029252024e-02,2.387180954441906755e-01,3.695159056631919237e-01
1.312888583657837588e-02,2.386848973216521563e-01,3.681624585726961940e-01
1.321179996272400965e-02,2.380539432728255855e-01,3.675774420167203238e-01
1.312202949311942410e-02,2.387724484871299180e-01,3.672098858566351653e-01
1.308719769195883231e-02,2.407840105739971481e-01,3.672160954223355755e-01
1.309955131756765714e-02,2.402080012295358113e-01,3.678572345958326939e-01
1.313739457191244464e-02,2.409867892790744093e-01,3.672987611541367881e-01
1.300635217747397876e-02,2.413373574553478451e-01,3.652895424579348793e-01
1.301353251485792145e-02,2.413133643329588574e-01,3.634294702659496279e-01
1.301671552599974191e-02,2.416256488547372239e-01,3.650362822590804690e-01
1.304708816741924522e-02,2.414804209606800645e-01,3.654219572891230783e-01
1.298253056526416788e-02,2.417413399570269295e-01,3.652431418496252524e-01
1.298614964725138508e-02,2.418681537312971086e-01,3.644405543152717808e-01
1.299368287715742948e-02,2.416251887467016912e-01,3.654253402807716711e-01
1.303117648111897647e-02,2.426309260158419634e-01,3.634085143743003288e-01
1.295017969723266139e-02,2.418161844345655676e-01,3.649471871441398174e-01
1.305418557815827933e-02,2.419504539672539811e-01,3.648213801576023485e-01
1.297632957333154195e-02,2.418619663754515703e-01,3.647359551039484060e-01
1.300759489688460037e-02,2.414914511294255772e-01,3.654818808040214972e-01
1.301203154698681724e-02,2.415958518911940911e-01,3.650083545714713495e-01
1.285498781308954536e-02,2.419296423466696655e-01,3.646114223752469630e-01
1.297847923467263138e-02,2.418070577128696996e-01,3.650596678332633793e-01
1.282683930305619432e-02,2.420180085895717037e-01,3.642184600602734190e-01
1.283369632958846623e-02,2.443977291750033531e-01,3.652309038445588074e-01
1.284615150200476077e-02,2.414062974078085566e-01,3.634940546253117577e-01
1.278467623535102168e-02,2.425422897463814509e-01,3.635742591283698255e-01
1.285800424330754178e-02,2.426377926623838055e-01,3.635642028328739950e-01
1.282585121238720427e-02,2.427400256282248592e-01,3.635427379082729615e-01
1.277594053001861532e-02,2.429044278442550886e-01,3.634340301238105364e-01
1.280219241386569735e-02,2.436911813895043522e-01,3.628370454438167303e-01
1.277476861614828922e-02,2.428192204849215774e-01,3.628042397679190900e-01
1.275747254026659769e-02,2.427684418927475163e-01,3.628425282537334762e-01
1.271507800165324817e-02,2.434690089674547975e-01,3.621280053757691131e-01
1.278371712127217286e-02,2.437465962516625617e-01,3.604581172815184975e-01
1.273711270810565753e-02,2.436514810172850376e-01,3.624876287064733305e-01
1.272719930038662683e-02,2.434953146233415910e-01,3.613127405587450713e-01
1.274334958418664628e-02,2.433682488351709694e-01,3.622934544447263261e-01
1.269451427789181769e-02,2.438724036567612163e-01,3.612420145494129042e-01
1.276736388041962988e-02,2.444451831373866402e-01,3.608400411754495996e-01
1.265958702734101132e-02,2.436126725817312766e-01,3.608270329713614832e-01
1.266143422132246649e-02,2.447273624808367354e-01,3.615283888862568795e-01
1.263101976809761010e-02,2.434470568164815441e-01,3.604785738982955179e-01
1.259299261042304621e-02,2.445166567095843069e-01,3.603746452645584242e-01
1.255712787875745001e-02,2.442757198458038737e-01,3.604359310847596864e-01
1.265239387177434852e-02,2.430610403983692325e-01,3.590998994876423711e-01
1.257567185015484243e-02,2.450604487912245721e-01,3.605311814350851130e-01
1.260340552746502460e-02,2.463422710667657889e-01,3.619432225815805149e-01
1.254856814306397859e-02,2.439820179050680160e-01,3.604738269913716486e-01
1.252518252905192829e-02,2.445652706421752309e-01,3.600739940160202490e-01
1.250035757108258760e-02,2.448646055713248060e-01,3.589047774783066247e-01
1.250439872787696347e-02,2.438570394463540070e-01,3.577131674878240020e-01
1.252830526760384706e-02,2.447399687657651202e-01,3.584398424362037483e-01
1.260204811932639189e-02,2.439353224650137320e-01,3.597141703044958172e-01
1.256346892317008156e-02,2.450683934652665152e-01,3.588519509363919391e-01
1.248758580761227290e-02,2.444089234836701319e-01,3.606885659319935544e-01
1.247573189977478972e-02,2.447072544267690219e-01,3.593457064437629578e-01
1.244200231635603920e-02,2.448547406735239185e-01,3.593422750914910258e-01
1.236192123650965181e-02,2.452314644503038044e-01,3.595150300687390277e-01
1.236220566345292392e-02,2.463527196093010796e-01,3.597169467803719156e-01
1.239734439001621835e-02,2.453691510263607822e-01,3.592182023708340166e-01
1.228969494122103545e-02,2.459736300981520130e-01,3.592286333015178301e-01
1.236692334365935460e-02,2.456662449460405018e-01,3.595995565656662785e-01
1.236765225871019891e-02,2.460668224155064532e-01,3.594939307648005733e-01
1.225330499884897534e-02,2.468613050766554629e-01,3.592613782996442184e-01
1.221453776109423378e-02,2.455886324615829952e-01,3.581616056201299969e-01
1.227914968087870026e-02,2.472662632040731612e-01,3.579304363259321331e-01
1.225440798677219709e-02,2.453627858637624226e-01,3.588985339177011014e-01
1.221518458587908182e-02,2.467636015884097644e-01,3.580617806350132049e-01
1.222635466634513710e-02,2.457896620580488911e-01,3.588745807729409321e-01
1.211616525476543263e-02,2.458630941881280452e-01,3.562038153242785277e-01
1.203926308248590149e-02,2.440564871242420220e-01,3.543694134205478408e-01
1.203263765770249544e-02,2.436994491463140844e-01,3.530363700965410412e-01
1.205588274062761693e-02,2.443639016506455874e-01,3.513319603576086636e-01
1.206804914729747019e-02,2.437703776567102243e-01,3.531078122784744311e-01
1.193993408796743816e-02,2.426451420011245808e-01,3.531867991201060319e-01
1.195388573050611657e-02,2.433508105482765638e-01,3.524654338694588884e-01
1.197310885748675835e-02,2.427047922173912187e-01,3.529636619829032429e-01
1.206341227522600770e-02,2.424430997320390635e-01,3.534373922336543350e-01
1.193945044796948345e-02,2.428285889047762935e-01,3.534310588827562216e-01
1.206616573067699136e-02,2.437145321306613266e-01,3.538714904008603002e-01
1.189474780698742892e-02,2.428611017340249478e-01,3.534596995510504991e-01
1.187762535040048570e-02,2.422549930197736012e-01,3.535535983819537709e-01
1.194343806387967305e-02,2.420175988847596826e-01,3.537857218581603735e-01
1.192445742324383176e-02,2.420139149044184534e-01,3.536719951765935344e-01
1.182517028970646832e-02,2.426952314898439822e-01,3.532829382077568026e-01
1.182783960110276450e-02,2.411865794814889719e-01,3.520640870612272710e-01
1.180286950384293321e-02,2.430539573923870822e-01,3.534301105151841371e-01
1.180144216438405724e-02,2.427829918283934685e-01,3.546222311666072935e-01
1.182512186878514893e-02,2.428361567894356532e-01,3.545828463248438811e-01
1.182390913696726269e-02,2.421408754834424859e-01,3.542925970815476444e-01
1.191506370719691912e-02,2.420874523305493187e-01,3.543335532195423521e-01
1.183988723944798607e-02,2.423941672696503513e-01,3.541543352614157647e-01
1.180943208962313001e-02,2.440716201319134415e-01,3.548270859430004420e-01
1.185356377380407215e-02,2.428576344847758750e-01,3.547391873831666209e-01
1.177001412474760339e-02,2.441141958906788978e-01,3.547213104635049130e-01
1.170973214009042584e-02,2.445901854953666521e-01,3.547863506114228294e-01
1.173941623047819460e-02,2.438542514503917458e-01,3.549145077229766687e-01
1.168379855409789128e-02,2.445659978049577188e-01,3.541764588292890537e-01
1.161726229842782732e-02,2.457409718683161159e-01,3.546263205337272795e-01
1.166216092426171184e-02,2.460771667113757222e-01,3.536963211427818776e-01
1.163614486214862090e-02,2.453452435784872765e-01,3.552130023120701474e-01
1.160377933797913756e-02,2.461509661557829132e-01,3.541937543770540819e-01
1.159472874295424012e-02,2.465095916391613629e-01,3.541632742675628887e-01
1.160072943580884100e-02,2.470107027872752992e-01,3.534741204304124862e-01
1.158724386981939240e-02,2.466169983457798809e-01,3.551356208247091195e-01
1.156204441499317746e-02,2.468534106072282630e-01,3.534606108372940758e-01
1.159074482034827200e-02,2.468948625764299798e-01,3.537968781376017446e-01
1.155389024708328854e-02,2.469529863960885918e-01,3.528458326397867495e-01
1.157857701173250868e-02,2.465767980731440046e-01,3.530283938373412478e-01
1.155439973880104283e-02,2.468513308969253750e-01,3.530026663855231339e-01
1.160932318042653955e-02,2.463020646571993932e-01,3.524930337281907411e-01
1.156468516229267225e-02,2.470965092358770876e-01,3.530159836590550104e-01
1.164755472324766235e-02,2.462163676772946286e-01,3.519224907386743206e-01
1.150268855809286755e-02,2.468151188639368943e-01,3.527558116706848712e-01
1.140285549748713649e-02,2.468680196776479596e-01,3.525195071342926978e-01
1.141266106547717332e-02,2.461994079164548932e-01,3.523462232045213027e-01
1.145260953290897117e-02,2.471171434615122009e-01,3.525252664371335554e-01
1.136109997978193564e-02,2.473666341243229427e-01,3.523266317528002123e-01
1.142253193761334426e-02,2.481288378154163643e-01,3.536631576704730717e-01
1.142696068652828204e-02,2.468892948950753008e-01,3.529010463358276395e-01
1.130526161350496432e-02,2.487003301776449793e-01,3.520225087802184571e-01
1.133445128518010755e-02,2.482891770938894238e-01,3.529041456733560400e-01
1.128882292412648584e-02,2.480427673886199946e-01,3.513769749317281477e-01
1.122334762461808799e-02,2.493415396442113519e-01,3.519948999367402132e-01
1.126112660763893200e-02,2.498555464269381077e-01,3.527018708576544204e-01
1.122536905210228322e-02,2.498049897321510671e-01,3.516313650103095045e-01
1.124558176369763393e-02,2.507511476852689603e-01,3.504595353951538983e-01
1.125759084927396673e-02,2.489884897811055209e-01,3.520463135036059898e-01
1.129220210718998030e-02,2.498187110040146208e-01,3.510406047154437381e-01
1.123689786214873698e-02,2.490369668557619043e-01,3.521507569372189228e-01
1.127767831961474718e-02,2.491096419687721941e-01,3.522218375126371370e-01
1.125532701718119470e-02,2.498437633598610264e-01,3.528225832404415230e-01
1.124753645441161840e-02,2.498396547272487001e-01,3.515630764338577019e-01
1.125220570928929346e-02,2.493670676371138040e-01,3.519945204138689165e-01
1.134484275670415154e-02,2.503294698838525734e-01,3.518382090587609534e-01
1.121901303175374537e-02,2.499793290984109739e-01,3.522038036489305579e-01
1.119549515802815455e-02,2.500479871119942743e-01,3.519943069401381686e-01
1.121599198100728043e-02,2.506392246151716297e-01,3.532102683934354448e-01
1.118648346861087634e-02,2.495098826242390933e-01,3.518673725245490269e-01
1.123301152117014458e-02,2.485307139038873403e-01,3.508522904086592842e-01
1.119335915142377277e-02,2.501012920540640616e-01,3.521175304047901577e-01
1.125297554333578275e-02,2.503831550150224516e-01,3.516533111514363319e-01
1.122485524698310644e-02,2.491737126181888251e-01,3.522955207294480307e-01
1.119877040086427085e-02,2.496721305298157390e-01,3.501428408989514796e-01
1.115623823113526952e-02,2.496466778563159461e-01,3.513723962289093117e-01
1.113771516645715651e-02,2.490964465450343779e-01,3.510775808145495946e-01
1.115024063231896852e-02,2.500733023677135236e-01,3.505318980562118214e-01
1.115189454199757429e-02,2.492922681575040211e-01,3.510610501710932363e-01
1.116007441447892587e-02,2.500334703471050468e-01,3.503522184277674256e-01
1.115247196353358859e-02,2.487441347937993374e-01,3.514067107559005199e-01
1.113151847411389915e-02,2.476468886452201368e-01,3.504173523997627382e-01
1.112856745370898945e-02,2.487870564384369043e-01,3.519605771549826345e-01
1.115047596053509761e-02,2.482830195815355911e-01,3.513608023267065783e-01
1.112413103476936165e-02,2.488704109208488002e-01,3.530169873779020473e-01
1.109367706524547539e-02,2.483446298582255574e-01,3.532301103103402951e-01
1.113757290527765849e-02,2.483126078784146096e-01,3.537750376862178192e-01
1.111926679615552783e-02,2.481932550049620601e-01,3.531485306331029750e-01
1.113472022059342967e-02,2.479233249664519745e-01,3.535194821665222920e-01
1.107180239312930380e-02,2.483760146407435199e-01,3.524686508170720711e-01
1.110684210412924561e-02,2.484205423098770904e-01,3.529011613959939786e-01
1.107758458591872643e-02,2.486650392483725214e-01,3.525286608261385957e-01
1.106260206082784400e-02,2.492397471529302355e-01,3.520723627051583482e-01
1.103749796676205437e-02,2.481073633026900649e-01,3.511809389603812170e-01
1.103305023006866635e-02,2.484998569514020594e-01,3.507337117445210595e-01
1.119223198698113611e-02,2.487392515387573666e-01,3.513484458154079171e-01
1.103296695487008400e-02,2.482341791815265153e-01,3.508545066063966655e-01
1.105548140351396598e-02,2.490224323795756090e-01,3.503118574997627355e-01
1.104109005983516106e-02,2.486230457396129689e-01,3.510838877933299962e-01
1.105122937978560496e-02,2.468758062221966254e-01,3.499023052411875390e-01
1.104936012587835574e-02,2.484454262351587783e-01,3.508482492531837527e-01
1.106228519518666874e-02,2.478633619245831088e-01,3.507425130952314674e-01
1.102342384324515000e-02,2.480340479132623344e-01,3.510398106243390326e-01
1.101124261807111086e-02,2.479562086536372667e-01,3.492918884573560367e-01
1.102424125080873896e-02,2.483953825765831402e-01,3.496540584623870074e-01
1.109372944031575617e-02,2.484469990294569108e-01,3.492596490801914699e-01
1.083422693342336179e-02,2.482094055424431678e-01,3.487422714590940886e-01
1.082774953409508870e-02,2.484332899207985779e-01,3.484368966693510705e-01
1.082128892570978322e-02,2.482738299494075540e-01,3.479898340126910683e-01
1.082021482119108549e-02,2.493147814917719973e-01,3.473531321858506216e-01
1.081080679396074877e-02,2.490102826357173393e-01,3.475139951697557850e-01
1.073625589194125880e-02,2.485640064875554445e-01,3.461325893529232922e-01
1.076100890415805297e-02,2.486041062501971877e-01,3.448950161709428142e-01
1.078177611503715674e-02,2.482623752539361572e-01,3.461919466691713576e-01
1.080873383439814525e-02,2.484774895630631475e-01,3.471600332776990649e-01
1.076764918931130341e-02,2.485199648958312801e-01,3.458848015410705967e-01
1.081244450577899426e-02,2.474138553977972554e-01,3.458587090378950069e-01
1.071253463690777924e-02,2.489310213896397672e-01,3.451872061155767391e-01
1.074574534103257123e-02,2.480443875846909674e-01,3.443430408120792818e-01
1.077453757749829294e-02,2.486388345748478945e-01,3.447304321135333249e-01
1.069944356460182308e-02,2.500307915263351721e-01,3.453618974894178129e-01
1.074061782548909293e-02,2.500339996622161776e-01,3.449530586079367911e-01
1.073122994636617131e-02,2.501360880922983698e-01,3.463038692133090790e-01
1.071380779707793718e-02,2.513173851838579886e-01,3.454709773486720481e-01
1.071901234521261195e-02,2.495326003449111207e-01,3.457630841888031381e-01
1.067067644620263607e-02,2.503565267953011819e-01,3.449167665071656286e-01
1.066916355314850504e-02,2.508192241173633485e-01,3.434852217263068552e-01
1.075095072341006666e-02,2.509054453705324983e-01,3.424192544623947398e-01
1.069094045381140112e-02,2.502660695019154891e-01,3.437911765570036970e-01
1.064668617454100560e-02,2.515628871586939042e-01,3.423011597491611990e-01
1.075312578775290337e-02,2.516638983288581044e-01,3.428641559502051961e-01
1.063344797725481773e-02,2.516062294979485858e-01,3.419839750378143584e-01
1.071212688278092191e-02,2.513444186127675173e-01,3.420161728322899108e-01
1.059255353837714603e-02,2.508974917274017224e-01,3.415416699894415209e-01
1.062739586713490510e-02,2.515715743913491398e-01,3.408728014157970110e-01
1.062686396511603251e-02,2.515661743522476512e-01,3.424043240456872694e-01
1.069522412271650853e-02,2.518571950329629994e-01,3.412902687107843280e-01
1.059647066429813059e-02,2.507123129197109668e-01,3.413492285562338968e-01
1.055803024659423064e-02,2.501328870960423112e-01,3.411487458010711848e-01
1.054546085634097859e-02,2.511105945242300130e-01,3.402906527517093327e-01
1.056875377206950746e-02,2.507194775169938605e-01,3.393972716929619104e-01
1.059380745842932597e-02,2.511718617544897447e-01,3.401983808109260154e-01
1.059605295469075517e-02,2.505241842149230624e-01,3.389196110195885070e-01
1.058084337594241559e-02,2.512669230713960311e-01,3.414171057774378348e-01
1.062504466351714937e-02,2.525324710393810346e-01,3.402457592767288430e-01
1.055059013096653828e-02,2.508514809939926260e-01,3.403281428911640871e-01
1.061730525745108525e-02,2.512229246198256494e-01,3.402452667852456925e-01
1.052029784064632822e-02,2.510803042787175254e-01,3.401002701257956895e-01
1.052208400184138568e-02,2.505472021851143927e-01,3.400108638285290197e-01
1.054024847172439078e-02,2.508993538653703781e-01,3.398271469822559121e-01
1.056447832261488140e-02,2.507891915248028902e-01,3.403442610436938631e-01
1.053588759289005028e-02,2.510973518544309946e-01,3.401371258823817634e-01
1.059021150351627076e-02,2.498689888182847318e-01,3.403795226780920724e-01
1.055249297424029620e-02,2.507573973988982408e-01,3.402642380667239008e-01
1.053340141104494934e-02,2.512118398829358279e-01,3.391988359839556710e-01
1.054544241616125859e-02,2.518054289206920759e-01,3.405760777180532051e-01
1.062234068203452703e-02,2.507436545671241079e-01,3.400556451169353678e-01
1.051876009806555420e-02,2.508731968514764099e-01,3.402090105019866528e-01
1.044913357915278757e-02,2.503728497064858227e-01,3.394909502669763435e-01
1.047659887112423888e-02,2.495868627579155008e-01,3.394951439942211491e-01
1.049353560817122347e-02,2.511074712095421879e-01,3.398236342625119422e-01
1.043411762003402382e-02,2.506593165296871484e-01,3.395256681903189855e-01
1.042293640149624494e-02,2.505253093446757062e-01,3.381446125462287955e-01
1.039830412085541653e-02,2.517108275806405060e-01,3.374915634183466850e-01
1.038177980027447586e-02,2.519761340021328122e-01,3.370214747338334815e-01
1.042075407173264148e-02,2.534382409031875616e-01,3.372570338312148031e-01
1.043059396317894648e-02,2.516829612793842208e-01,3.364689846341087365e-01
1.041212169888490122e-02,2.525450792932162902e-01,3.370616085351806901e-01
1.041497509748655868e-02,2.519564892670911882e-01,3.365721136591169893e-01
1.031468492404847073e-02,2.519130342020204916e-01,3.376527200012149343e-01
1.029738469941060552e-02,2.521858982850203046e-01,3.385054501651779124e-01
1.032800697785404842e-02,2.505091421436195231e-01,3.378806703636083597e-01
1.028158217367042618e-02,2.525065472274439227e-01,3.377886778934369172e-01
1.028316709976886609e-02,2.526671744887101223e-01,3.383258103117390836e-01
1.029878856966107321e-02,2.526151157928904767e-01,3.377928189386781299e-01
1.029239311958306084e-02,2.526527275276629347e-01,3.371860648261257309e-01
1.030753711580421027e-02,2.531318705879924691e-01,3.383432050061637164e-01
1.027187966992841248e-02,2.523619347223722831e-01,3.370195058999282400e-01
1.026262353857617521e-02,2.524140609631430610e-01,3.368560260120150862e-01
1.024675102817651159e-02,2.527590249656511134e-01,3.379911045817908244e-01
1.024887141216950306e-02,2.531466296687678308e-01,3.389489807088365558e-01
1.028166095854143695e-02,2.530449485618330163e-01,3.383381510634789757e-01
1.017919982976713336e-02,2.539468365151577589e-01,3.374455731304104034e-01
1.012267803660879539e-02,2.541914866548238838e-01,3.373548998310440528e-01
1.024364027154400780e-02,2.546545445453814449e-01,3.364192542735084390e-01
1.018155328910447938e-02,2.534963869257673696e-01,3.373886710396136746e-01
1.005767207381310854e-02,2.548225434374326581e-01,3.371423051663096082e-01
1.001511611172950511e-02,2.553640475778610197e-01,3.365501726174321417e-01
1.001126614887342704e-02,2.561969832058219598e-01,3.366507271331078410e-01
9.995679450408708963e-03,2.564884794253235456e-01,3.353340666199172149e-01
1.006630888136494581e-02,2.562990869201769994e-01,3.343301810500796112e-01
9.960426079494046417e-03,2.570571628357444793e-01,3.348667740926534742e-01
9.937328063305890524e-03,2.581310096807812871e-01,3.358155930669623479e-01
9.968845431623966219e-03,2.578227605373779041e-01,3.369615784417838156e-01
9.969636248611211948e-03,2.582081310652254436e-01,3.364301232462447167e-01
9.921778645983411749e-03,2.576425811318462378e-01,3.358129501005013839e-01
9.873021333906648045e-03,2.572256565292123098e-01,3.356184041880200808e-01
9.911915898536152042e-03,2.574297323390390968e-01,3.350602709431691473e-01
9.909999239648623059e-03,2.574402707669420365e-01,3.353876282301588296e-01
9.861554567620351569e-03,2.584685528551218248e-01,3.361811955435705102e-01
9.919213538083632847e-03,2.594710229063782458e-01,3.388776989534061368e-01
9.883237011300869540e-03,2.583708683074250612e-01,3.361206795579667062e-01
9.869594693897650040e-03,2.586224638529615594e-01,3.351759530720460623e-01
9.878035463937305527e-03,2.586337936649115155e-01,3.358228969440412159e-01
9.881821367102482795e-03,2.596939729155477994e-01,3.349461026773492001e-01
9.844141969316355309e-03,2.582625868282629189e-01,3.364945911443856796e-01
9.844979697109785058e-03,2.586416804205566300e-01,3.366748681927135278e-01
9.872746533641799105e-03,2.581079619040284601e-01,3.362021084795305814e-01
9.930657449714223178e-03,2.575606832783524647e-01,3.358769852010765611e-01
9.835871080568790725e-03,2.576383554969126632e-01,3.361317020713547321e-01
9.936157266746551212e-03,2.575026083777700592e-01,3.361781865607363362e-01
9.845734254593044646e-03,2.580195743757376925e-01,3.355199771699221567e-01
9.782607406220330398e-03,2.573265429935630566e-01,3.354934126602588385e-01
9.822130263491794452e-03,2.565689043724841412e-01,3.357844239213925164e-01
9.811364014939705225e-03,2.567330131346340916e-01,3.353874270299939675e-01
9.801736412387237335e-03,2.571899122806889926e-01,3.364118787420355416e-01
9.818195019961534209e-03,2.570973528402302755e-01,3.352840429299974723e-01
9.833666689459903687e-03,2.574302862133106551e-01,3.346823715444335323e-01
9.779343690034584397e-03,2.582926318868735138e-01,3.354959700168769210e-01
9.796513630992440338e-03,2.594466295490960306e-01,3.350941481261474064e-01
9.856038039902415698e-03,2.582849757755001918e-01,3.358168826451259914e-01
9.884228549268993247e-03,2.595282243140890621e-01,3.365743402328237877e-01
9.773011214814903563e-03,2.582656985807635919e-01,3.350775347991455932e-01
9.810926686199566982e-03,2.586577564085871250e-01,3.354558771260170436e-01
9.798973461459194526e-03,2.581873405718639325e-01,3.349503210348235838e-01
9.738467065552258717e-03,2.586462311226213062e-01,3.345953245355232086e-01
9.719522064425327457e-03,2.580262949103478420e-01,3.329600196819288427e-01
9.721734871464793662e-03,2.589380992976194062e-01,3.316926699699180303e-01
9.719598941405517209e-03,2.584451278778682748e-01,3.333924233087428024e-01
9.828076894985783227e-03,2.580858345645631879e-01,3.316914899818742546e-01
9.767754887514015424e-03,2.580677762116757035e-01,3.324769463718640350e-01
9.759818628329608795e-03,2.575883006099587980e-01,3.325661489368502144e-01
9.699381553004827669e-03,2.581220654439486673e-01,3.327266731727658300e-01
9.708326036929306596e-03,2.581206333277631382e-01,3.328380544794454221e-01
9.679488808469048633e-03,2.585651633040204067e-01,3.327837753241704721e-01
9.650583856938966740e-03,2.586101164388283635e-01,3.326427062504234700e-01
9.647107311952439826e-03,2.584674668814428977e-01,3.333594955964007678e-01
9.621413936169973674e-03,2.593022464792480442e-01,3.327703733825035926e-01
9.690280222216771794e-03,2.588691471218740325e-01,3.342897437229491731e-01
9.676417277018624710e-03,2.593381454627368687e-01,3.324372046298900707e-01
9.665639077591083039e-03,2.597194827633935166e-01,3.331731389023472878e-01
9.624343010836030471e-03,2.597881232567498255e-01,3.334494167335154691e-01
9.605479711486132263e-03,2.589882277003368594e-01,3.326524498383546247e-01
9.615089084175703141e-03,2.589347864170637448e-01,3.315102988957212005e-01
9.622261695486519079e-03,2.585878004590864143e-01,3.322755641689634776e-01
9.720197692225301250e-03,2.590495511394704242e-01,3.317877100319073236e-01
9.611737349164203165e-03,2.590643060486136351e-01,3.325858073413817118e-01
9.560328419131229605e-03,2.605818881566259182e-01,3.335595657208925147e-01
9.531866069846494857e-03,2.601049802683877976e-01,3.330930917893639709e-01
9.652235734881987189e-03,2.606634141123594928e-01,3.341461869535581886e-01
9.566108139344777286e-03,2.602945381028652361e-01,3.335465729490318942e-01
9.537788230457549046e-03,2.612055535168740783e-01,3.355933096263254978e-01
9.526499657917375866e-03,2.602730882724396122e-01,3.332774287676894542e-01
9.493251057808993129e-03,2.592974992926991296e-01,3.325834739824895525e-01
9.435970175395838599e-03,2.596523925516884268e-01,3.317109385803718169e-01
9.497739512324042399e-03,2.589064781914185986e-01,3.304432970027888494e-01
9.493802904324459904e-03,2.590246135604596933e-01,3.321890327239613860e-01
9.406197305194246433e-03,2.594337691090129461e-01,3.311882121746754226e-01
9.374926215463754917e-03,2.600473353153497924e-01,3.301361988405551173e-01
9.412729169819174235e-03,2.613816683869082946e-01,3.315525556175116795e-01
9.369579112698847925e-03,2.602352275016749372e-01,3.298636265109621823e-01
9.398386542376745839e-03,2.610585661901089760e-01,3.305732578584930081e-01
9.369252114726457289e-03,2.603578560962037658e-01,3.298558797275017995e-01
9.392850198988904678e-03,2.609379562426625832e-01,3.293226923554642971e-01
9.364988858954034073e-03,2.598085867879118549e-01,3.301166102333694119e-01
9.456902897028524047e-03,2.589527742640094221e-01,3.299608723694391621e-01
9.344825494471730234e-03,2.593583541220280120e-01,3.296975452715955046e-01
9.392486440074938533e-03,2.600657174918100112e-01,3.295533758879501951e-01
9.331743790680618184e-03,2.590863912887721443e-01,3.297604775581450820e-01
9.320485646411252531e-03,2.589364295509649638e-01,3.283499508751480112e-01
9.383925496175161279e-03,2.588604071448669663e-01,3.289283593570638820e-01
9.364836652327465996e-03,2.593316271666521455e-01,3.281393827078729619e-01
9.306828092699828345e-03,2.594487110991863799e-01,3.275429014747061052e-01
9.331865038845761628e-03,2.591712689275236237e-01,3.268167918331695287e-01
9.300768678796981354e-03,2.593105667886118626e-01,3.280227667310972595e-01
9.327577537517089956e-03,2.591726993564933412e-01,3.273632835902227645e-01
9.316512899999086425e-03,2.585444807852947391e-01,3.279951489376142781e-01
9.363291680911389053e-03,2.581157419084234572e-01,3.285906603352500843e-01
9.365238559969110699e-03,2.588408330564100357e-01,3.279716010844649920e-01
9.354811271960326857e-03,2.595648764386273011e-01,3.287670370507265738e-01
9.340366137721319711e-03,2.590680129161569423e-01,3.287757858425818802e-01
9.264206806652231646e-03,2.589959860930780566e-01,3.272038983118302768e-01
9.298885790244933516e-03,2.596060485182572486e-01,3.265103196389967932e-01
9.250798890294259502e-03,2.587761102684666414e-01,3.270191643596824793e-01
9.347339566697476787e-03,2.570668891997743843e-01,3.267279784273814935e-01
9.265844283258217740e-03,2.590565186888209581e-01,3.269535524642658286e-01
9.345618591320095300e-03,2.595292989707776998e-01,3.267142949826228326e-01
9.265373115128681253e-03,2.589583176636460760e-01,3.262402032685038922e-01
9.275631800528668855e-03,2.587950685138661333e-01,3.269525440807555805e-01
9.283747815856328855e-03,2.582315676963806705e-01,3.267429385825902921e-01
9.260654354179827935e-03,2.587571328217750932e-01,3.266902407114444240e-01
9.296912231460551304e-03,2.588020843250248837e-01,3.274760358887608414e-01
9.242777543532171292e-03,2.576219889020031628e-01,3.253625084778354326e-01
9.239425626141991449e-03,2.585772816157009824e-01,3.256530993573718002e-01
9.199949127574135951e-03,2.595305764799062387e-01,3.263950923714262209e-01
9.245593471228009605e-03,2.593377661219534724e-01,3.251595757990147217e-01
9.174454652466284416e-03,2.593651832466199458e-01,3.267864683672921378e-01
9.175878721583796346e-03,2.594214916343743349e-01,3.271368363303435722e-01
9.159438441645101348e-03,2.588490367283071136e-01,3.258619765483658504e-01
9.190981022777206313e-03,2.577957217846505444e-01,3.266217183198135698e-01
9.163887021276025113e-03,2.587491957800522879e-01,3.259535744994718764e-01
9.267452608520963461e-03,2.600221967853321714e-01,3.263528370864521300e-01
9.173061253219313288e-03,2.590456661935650051e-01,3.266029028690797809e-01
9.131696881688298670e-03,2.596579747687768336e-01,3.245104652555408364e-01
9.030711555602283225e-03,2.604666733799840261e-01,3.233940262183953585e-01
8.986528393787378277e-03,2.603337122666186110e-01,3.219907951146968594e-01
9.082006510058627385e-03,2.612510172995062274e-01,3.214550489674624090e-01
8.967960002741076977e-03,2.602456308191131162e-01,3.218396550195262162e-01
8.933692672784652664e-03,2.611767544218680515e-01,3.229657363772608925e-01
8.885867231210826944e-03,2.596536720155495637e-01,3.222381981519408800e-01
8.834590759416286604e-03,2.594074007524041492e-01,3.206883318707149932e-01
8.881525397574453751e-03,2.601893833157186142e-01,3.198417674099349184e-01
8.834235335015507701e-03,2.596658741848013596e-01,3.202621995588059156e-01
8.912273400190417333e-03,2.586190743191087438e-01,3.197515513199436499e-01
8.839492127529669993e-03,2.594589298052471515e-01,3.199217653220393087e-01
8.828015085681699403e-03,2.598591325410069541e-01,3.215193447998291321e-01
8.816660602866045748e-03,2.608679434519814988e-01,3.207273352774254738e-01
8.759503153950324791e-03,2.615950026846109444e-01,3.198518582248427444e-01
8.757925446882803069e-03,2.612987811409902550e-01,3.181512468258222426e-01
8.790157903103817255e-03,2.612315912494441172e-01,3.172262990743273114e-01
8.777357210125681999e-03,2.608399140330157073e-01,3.177138855965880859e-01
8.803734814422349564e-03,2.606256869459482317e-01,3.184761349470772718e-01
8.741237584845030703e-03,2.608809266734475329e-01,3.181467494782175276e-01
8.741581683252917789e-03,2.619266729013724482e-01,3.189536596556298287e-01
8.737154813019855013e-03,2.606757255775417059e-01,3.177506690453339444e-01
8.794024262277056955e-03,2.610178635857274276e-01,3.175815624586497132e-01
8.776295643238871819e-03,2.611967547016167401e-01,3.176024048172584879e-01
8.778529794833123123e-03,2.616588040831264173e-01,3.181458240955399308e-01
8.737842070978614484e-03,2.605373466919326253e-01,3.177546261763909419e-01
8.722491194609872239e-03,2.598111688290578591e-01,3.168732405956196652e-01
8.735196333957161163e-03,2.589724074948471788e-01,3.169478514545813752e-01
8.727865870292599720e-03,2.597748126101092070e-01,3.172606812968599144e-01
8.763591610201125134e-03,2.601158348083499328e-01,3.186618071484473291e-01
8.744988368284080729e-03,2.599772700906897160e-01,3.169550080423548244e-01
8.689750189570043248e-03,2.607780589463444265e-01,3.160045503389061761e-01
8.702975626281670568e-03,2.608613631102313368e-01,3.160706923828764392e-01
8.679888154937753786e-03,2.603539535347091372e-01,3.159734919466942737e-01
8.687742108702316279e-03,2.598195419369669357e-01,3.159855414244848726e-01
8.732034389289185586e-03,2.602481037189341984e-01,3.164427094476041091e-01
8.678107164372199020e-03,2.610770145518904739e-01,3.161356857294123635e-01
8.635563755962388788e-03,2.616354098096688729e-01,3.154698026607470895e-01
8.596704118353296065e-03,2.625447424616322301e-01,3.147570630225047794e-01
8.610565715759074118e-03,2.617801459825392363e-01,3.138818125473105125e-01
8.613814402913805637e-03,2.624825781234398914e-01,3.145598530308972851e-01
8.580800013805263762e-03,2.633724847686706450e-01,3.134763242117337145e-01
8.620933196131868453e-03,2.644537447523330198e-01,3.127813190540886246e-01
8.617468037541384587e-03,2.633815980893781106e-01,3.136402145541129505e-01
8.685595683968308153e-03,2.643474740747384644e-01,3.140496584808928904e-01
8.620068555905933960e-03,2.631274848964464397e-01,3.128927716039600626e-01
8.577793719613008294e-03,2.643510909285100019e-01,3.137067078721286206e-01
8.573624640059899354e-03,2.636261795330369639e-01,3.133151477527766904e-01
8.601470373579785111e-03,2.628363992218831213e-01,3.121088242858500172e-01
8.573161562550541889e-03,2.629531226641806940e-01,3.130813915119710078e-01
8.590785968777978066e-03,2.627185027598106237e-01,3.137527322018853759e-01
8.641055839861445931e-03,2.627018064078541215e-01,3.125003872177464781e-01
8.632407012729687024e-03,2.623481146156489974e-01,3.125119280216419604e-01
8.583213025075097508e-03,2.631325642279792043e-01,3.139934246558222508e-01
8.573377376103107073e-03,2.624835420512093287e-01,3.135667074617862204e-01
8.570881872778312108e-03,2.634265314055926344e-01,3.126704181312857656e-01
8.619275956504034858e-03,2.651887419270185231e-01,3.136774770504911491e-01
8.583359864547463608e-03,2.635692143060740511e-01,3.134572523584840953e-01
8.617392308130134015e-03,2.639561051321676066e-01,3.128295378708409458e-01
8.577594703396345527e-03,2.637710388569540210e-01,3.122971655406542313e-01
8.518353539142100098e-03,2.631235247619590489e-01,3.119223916304839084e-01
8.591769369226048142e-03,2.632514225750358094e-01,3.118749538189961035e-01
8.505252951172898729e-03,2.631856398910957795e-01,3.111073136962627106e-01
8.580995055610985550e-03,2.638085882891373912e-01,3.115707770127962295e-01
8.499097349404613477e-03,2.635068116777407043e-01,3.108030198097290753e-01
8.451327536769002308e-03,2.637190090768982698e-01,3.107930219597297983e-01
8.431399053076530162e-03,2.642704017198985178e-01,3.114998090178681123e-01
8.582656310670363706e-03,2.634071426376607961e-01,3.097040597587895072e-01
8.452603495340091366e-03,2.642309522106829345e-01,3.118922398587803402e-01
8.397142932338039906e-03,2.653337988081945764e-01,3.121325446898546296e-01
8.344617554654093841e-03,2.646825142708211787e-01,3.119372772608088873e-01
8.283423545707397501e-03,2.656272421912381776e-01,3.128455273211216969e-01
8.321599530196961692e-03,2.654942998146541111e-01,3.116453420612319003e-01
8.306501036633565094e-03,2.657234892056683506e-01,3.130536842155818844e-01
8.240817675360469913e-03,2.661614241213884902e-01,3.129619705221133863e-01
8.255630590990579304e-03,2.667480471600877090e-01,3.129869227070339321e-01
8.231463486536302193e-03,2.657780757754064083e-01,3.127085818836561337e-01
8.317909921105259841e-03,2.653153649878972620e-01,3.120011572775735487e-01
8.266447465866220284e-03,2.660854468986418309e-01,3.127548080473347980e-01
8.269865296624117137e-03,2.662387095580317498e-01,3.120903564764225258e-01
8.237165999213978337e-03,2.651447919878213155e-01,3.120954891329832392e-01
8.242685140685509712e-03,2.676065728342848504e-01,3.136465918102259165e-01
8.242672136205870734e-03,2.656634409750232018e-01,3.121905375737399346e-01
8.272034677347857648e-03,2.660844821038315655e-01,3.142303272485791332e-01
8.251019430085873227e-03,2.662857961604953583e-01,3.126417871296469642e-01
8.275961337245412233e-03,2.655677507467855691e-01,3.131671055037534845e-01
8.244984905190546123e-03,2.656752076486748604e-01,3.128710581935983948e-01
8.297218993691381217e-03,2.661845100993128765e-01,3.131319311166367303e-01
8.254868042558160396e-03,2.656451750897108055e-01,3.124985182695437236e-01
8.220461308923817170e-03,2.640751257578820566e-01,3.123213243172703879e-01
8.250171985055671300e-03,2.639340326064992803e-01,3.117838342673793783e-01
8.218270370175443859e-03,2.644121401454158637e-01,3.117861575692136289e-01
8.295178220691999671e-03,2.643083412187337000e-01,3.115041561900972478e-01
8.213041683753344660e-03,2.640589932983238852e-01,3.117020112248636288e-01
8.221946877345938029e-03,2.645444454177677263e-01,3.130023417058549473e-01
8.248625736285862889e-03,2.637615698725194191e-01,3.123072647265769386e-01
8.253917508795505231e-03,2.645578606015321355e-01,3.121884102746403378e-01
8.220161918316140279e-03,2.636044262969763352e-01,3.120466902666781395e-01
8.247348652749161846e-03,2.648539218416460228e-01,3.122487420367212607e-01
8.220350077469200725e-03,2.644777996578759893e-01,3.118716059017588305e-01
8.237899396998041995e-03,2.649688184486830300e-01,3.101630428748761159e-01
8.183889307809534552e-03,2.638372024476231537e-01,3.114205683428704075e-01
8.198576505269599551e-03,2.635365614198726947e-01,3.102220209023826003e-01
8.236759120635248066e-03,2.638112997717848018e-01,3.119417288219391016e-01
8.201220106850549627e-03,2.631821176422531328e-01,3.100205124027637371e-01
8.210252888572787747e-03,2.640722955803244121e-01,3.116539169150867039e-01
8.146155872019384195e-03,2.642076608100069612e-01,3.125460445130214260e-01
8.158345847496081132e-03,2.639297817879248664e-01,3.136223441779528165e-01
8.133136223179925073e-03,2.641164544441244044e-01,3.133641934076632496e-01
8.205125079493596346e-03,2.636820691696368790e-01,3.137237465964234362e-01
8.126901974747620036e-03,2.644894870602283454e-01,3.135353588506872846e-01
8.141186604467784763e-03,2.636606898512295349e-01,3.123644997242976395e-01
8.151507532473286494e-03,2.641354394570507580e-01,3.136158922882044120e-01
8.178382315679704265e-03,2.651329763667389927e-01,3.140333447835728653e-01
8.134126338797890987e-03,2.649343719453298163e-01,3.142128145871591616e-01
8.144138664762155463e-03,2.642143419232313439e-01,3.134277516532217867e-01
8.145190853655372154e-03,2.650721175575016519e-01,3.138646747125986014e-01
8.252644644736090856e-03,2.652286970789365927e-01,3.142403904293351036e-01
8.150784287327484182e-03,2.641181707285968905e-01,3.134105023702175030e-01
8.112931365678772294e-03,2.643159501310863857e-01,3.127378934303054470e-01
8.138281751839511469e-03,2.640773673621488182e-01,3.128819536612391650e-01
8.147004481995505365e-03,2.644953865787446623e-01,3.127569629751899560e-01
8.116446313172237526e-03,2.646306786954877865e-01,3.127977032508225119e-01
8.130898040723984199e-03,2.642143769735426084e-01,3.127503593490298384e-01
8.137484319616299089e-03,2.632269168464289044e-01,3.133129691145295492e-01
8.152144738138604116e-03,2.643551384547088157e-01,3.119742816585629464e-01
8.095230043404460715e-03,2.646420758293671072e-01,3.126337099552449206e-01
8.166070512679807561e-03,2.639688533438470097e-01,3.134238524940459736e-01
8.144792974920512033e-03,2.644923640982169144e-01,3.128869797068959957e-01
8.131779750329365050e-03,2.648562644960822388e-01,3.120817085790107970e-01
8.096557282171845671e-03,2.655566324614389573e-01,3.132103684016080969e-01
8.135734225096875535e-03,2.643326969292104089e-01,3.136086103113741030e-01
8.101814642094399069e-03,2.648512481798719898e-01,3.128030894600240530e-01
8.135077532686415050e-03,2.654429506930966465e-01,3.130837989188451354e-01
8.097154113696224814e-03,2.645541353138110008e-01,3.122260329107880983e-01
8.074600808436740648e-03,2.662345983535113203e-01,3.118284708455053567e-01
8.125706529786077756e-03,2.678572902821190760e-01,3.125545741652359100e-01
8.065537912816965471e-03,2.660497437579342761e-01,3.113320107562125294e-01
8.119954082727328867e-03,2.660898898117481925e-01,3.117120344244206365e-01
8.055544845954065031e-03,2.653706364752383973e-01,3.110685799070722624e-01
8.060980030932954690e-03,2.647336485615833235e-01,3.095784261205198895e-01
8.052273789875491819e-03,2.655312800554923136e-01,3.111684704485812025e-01
8.022126913772499590e-03,2.657204900750712029e-01,3.110880643732858997e-01
8.155724713722507790e-03,2.654512665678785965e-01,3.112854900704052352e-01
8.030937581135783737e-03,2.652818461731222821e-01,3.110272944077864254e-01
8.045039143810148174e-03,2.657189302004100417e-01,3.112919914611472216e-01
8.045995926331695608e-03,2.652470464986993459e-01,3.120687088781470830e-01
8.059185078040469880e-03,2.655237811640234202e-01,3.106497387983158109e-01
8.082209882310391336e-03,2.655774810476055903e-01,3.106278183082119004e-01
8.041833393741683322e-03,2.666699250482870154e-01,3.116687772599548989e-01
8.001842216464858520e-03,2.653373928722156938e-01,3.101774959703706425e-01
8.042257334827974946e-03,2.658902348469400212e-01,3.087980458879566736e-01
8.002719176919938920e-03,2.650208525876878718e-01,3.093905561055895759e-01
8.055100456025723193e-03,2.641662917770001284e-01,3.100496706527106072e-01
8.014080834188622507e-03,2.649335933186288683e-01,3.103625398096535037e-01
7.960248898021864833e-03,2.668106369287136515e-01,3.104512587457388673e-01
8.151792153408750699e-03,2.668879147443690147e-01,3.104678229121245470e-01
7.972322933312497167e-03,2.665704837483059975e-01,3.108298008869861406e-01
8.006090270621348676e-03,2.666057861282998820e-01,3.088330793922761663e-01
7.977661042956697701e-03,2.671070278228577788e-01,3.104182260078175437e-01
8.001504575548559761e-03,2.673238684432698298e-01,3.101941554211181118e-01
7.954767641042295376e-03,2.667065390991571472e-01,3.104294515844203128e-01
8.022790377095821712e-03,2.669530193738232082e-01,3.108216106601227602e-01
7.921916461781225438e-03,2.663282815637109113e-01,3.098488595964958847e-01
7.931629921111463949e-03,2.667228555960139968e-01,3.100972778535888708e-01
7.930666996909759014e-03,2.666389814467680086e-01,3.098066080306273173e-01
7.981729758481395653e-03,2.658473021015586024e-01,3.094766873193980916e-01
7.909623165318126550e-03,2.669568285789990503e-01,3.099552719892124664e-01
7.999724549933879408e-03,2.673918801148143509e-01,3.087032571130711167e-01
7.898819020052927700e-03,2.667036601246556837e-01,3.096418124286496321e-01
7.928535092624975841e-03,2.674517505126786654e-01,3.101684291435417018e-01
7.907716671235777428e-03,2.666833025671717650e-01,3.097646501296242305e-01
7.855361729620254779e-03,2.660706773909375933e-01,3.102129767198421040e-01
7.919716749047633203e-03,2.659206168399741443e-01,3.100778562103554958e-01
7.878833371492430585e-03,2.667888403056530300e-01,3.101221385290182653e-01
7.920225992590561315e-03,2.670530404057422369e-01,3.110767460277974461e-01
7.838291802330796254e-03,2.661357104220345438e-01,3.101725944195139473e-01
7.869071162561840777e-03,2.658795846503803073e-01,3.093953559402250475e-01
7.845788173362695100e-03,2.665511524939254140e-01,3.107520104508839642e-01
7.955928428572156194e-03,2.661832947628501866e-01,3.117204959649449991e-01
7.839817111284150958e-03,2.663121141621214716e-01,3.099853464604834241e-01
7.881918146636395645e-03,2.652590803179322720e-01,3.093499661779837706e-01
7.842333145999646343e-03,2.669538982592045695e-01,3.106690034031360237e-01
7.846641107626351960e-03,2.656995904119419105e-01,3.092422057421597703e-01
7.847636560915980178e-03,2.666354261254086366e-01,3.097770379131413732e-01
7.877346969867820084e-03,2.666286527487747304e-01,3.108958624306648044e-01
7.870505195348393573e-03,2.664366019834858434e-01,3.109507472971531072e-01
7.861269447985251915e-03,2.658592940573579200e-01,3.103232142465663368e-01
7.842537339863670312e-03,2.661287076249480577e-01,3.097277266262422613e-01
7.873704077443935412e-03,2.674177115928602078e-01,3.100428000891018998e-01
7.847838093808080437e-03,2.665269605997905855e-01,3.103710248849785303e-01
7.917640173714879381e-03,2.673475378872831043e-01,3.104653376313040170e-01
7.873681405287966811e-03,2.661435957256885754e-01,3.104878786947005698e-01
7.818254235553557738e-03,2.657689599527678914e-01,3.098835532439354057e-01
7.852332870513470398e-03,2.676225283236615682e-01,3.103050178794141134e-01
7.813489703960738511e-03,2.657578502080745197e-01,3.100026107784692453e-01
7.812383179664306870e-03,2.659121468286447243e-01,3.098989996893719012e-01
7.941558968958244841e-03,2.657755153312452712e-01,3.111174683209331215e-01
7.815817138490008600e-03,2.658331553192074814e-01,3.098192480577967589e-01
7.799571124727799204e-03,2.662736331990150918e-01,3.086243201295933436e-01
7.830438072876942657e-03,2.654083110073772733e-01,3.076635831416109634e-01
7.825387743795667039e-03,2.656618621904043853e-01,3.084125539057276932e-01
7.840896551129995784e-03,2.656147767716156016e-01,3.079964553185970400e-01
7.827931141688384761e-03,2.671500980867996256e-01,3.089711404905836067e-01
7.805940703428010212e-03,2.678049392272544571e-01,3.087014810457744951e-01
7.814394841033125635e-03,2.661317439100263638e-01,3.099233995423546495e-01
7.813269493974376451e-03,2.660707967291973119e-01,3.091859702400611698e-01
7.785679499712605707e-03,2.668312437852243257e-01,3.084545576474214124e-01
7.833147825740439940e-03,2.664460778457135581e-01,3.091722026626086417e-01
7.782823298621665067e-03,2.670615815773776380e-01,3.091550159162141376e-01
7.799124733732618227e-03,2.675630173949463675e-01,3.099160607457396854e-01
7.755601405152121042e-03,2.668535397848179058e-01,3.092145053059698334e-01
7.835846055773391591e-03,2.670385463590055353e-01,3.100334592327224081e-01
7.749705071397649039e-03,2.673048064599410911e-01,3.095741040199047056e-01
7.774212416289567884e-03,2.669529327658213269e-01,3.098354669169187114e-01
7.747296594511697554e-03,2.674663539370908949e-01,3.094459089125635720e-01
7.846461986159580099e-03,2.677898760042740078e-01,3.078839514687271017e-01
7.757689340244676088e-03,2.669406136375648275e-01,3.092223472572306897e-01
7.791855079237880455e-03,2.672335107660693265e-01,3.087026117222374522e-01
7.766434119867105836e-03,2.676155766255021162e-01,3.097079559808334492e-01
7.764100617981107601e-03,2.681534989958485604e-01,3.105076005412479856e-01
7.759380183069838552e-03,2.681912078242634223e-01,3.099897863508171425e-01
7.750147215786059793e-03,2.679438820214523065e-01,3.090602840928606265e-01
7.771204079831858444e-03,2.672226941459022176e-01,3.093573466199343591e-01
7.768887861873457513e-03,2.671853454787346260e-01,3.100198468709968735e-01
7.780832298541088231e-03,2.670825881830519721e-01,3.099607149479179924e-01
7.782477154774261434e-03,2.681511755979975598e-01,3.104159540141213092e-01
7.796651317715427680e-03,2.678603023970994035e-01,3.098040051812852025e-01
7.787268392707725681e-03,2.677448903322199869e-01,3.087321086415663052e-01
7.769659702285303636e-03,2.678927852318673808e-01,3.095329984080666952e-01
7.759299631227033200e-03,2.681927476585006520e-01,3.099636254639136501e-01
7.765262898969466782e-03,2.678596086590068204e-01,3.099689646000299281e-01
7.771977887533407237e-03,2.669978827294961499e-01,3.111135964544146648e-01
7.741211386123746270e-03,2.674236084386253376e-01,3.092936113748083748e-01
7.785719408274716959e-03,2.672457298626831901e-01,3.088360505384942223e-01
7.756864708324262558e-03,2.673090753840258182e-01,3.100082327658181258e-01
7.825788869031839734e-03,2.682792035764416938e-01,3.105939967169322746e-01
7.746999347228219340e-03,2.670284183427693026e-01,3.091016241611894144e-01
7.738353226162154874e-03,2.674844319288878225e-01,3.101021964160167732e-01
7.802732254450440476e-03,2.673504666404203922e-01,3.118670029499963081e-01
7.736065947156693656e-03,2.674821671766745013e-01,3.101211627751142008e-01
7.842436668459521615e-03,2.678244491206143718e-01,3.083718232376644330e-01
7.748233590304572788e-03,2.675717304765491411e-01,3.100887645270716808e-01
7.801962260672193859e-03,2.683479181298343841e-01,3.113609597482129288e-01
7.726955714161883038e-03,2.676233776552855992e-01,3.102415581435743475e-01
7.833996031445090644e-03,2.684908497910969971e-01,3.108244775264939475e-01
7.823853090778432051e-03,2.681744615107892749e-01,3.107954683834933673e-01
7.691211990621083308e-03,2.673676787978918612e-01,3.094481849792922179e-01
7.749170490133981681e-03,2.666304902881063144e-01,3.105372295893594758e-01
7.740696734825709864e-03,2.679462958639902692e-01,3.102478304599878278e-01
7.757200230064693544e-03,2.674736022484594522e-01,3.090548018537873087e-01
7.673669638282863345e-03,2.671426120028652096e-01,3.094597759412278659e-01
7.734600806353341199e-03,2.667851898632559449e-01,3.092673379990406590e-01
7.696224868375885729e-03,2.669104868691276056e-01,3.099529870072344484e-01
7.705264552067647536e-03,2.675032862488653795e-01,3.106827495148447027e-01
7.650803703883490847e-03,2.677835088618187864e-01,3.090278476996404788e-01
7.675980154667274430e-03,2.674667165369268296e-01,3.067560074674386406e-01
7.649837615177386071e-03,2.680025620502380912e-01,3.092271452076031379e-01
7.688082351486105574e-03,2.688488693074302938e-01,3.096678018049046632e-01
7.673426089454633489e-03,2.677278978813091848e-01,3.090593828096637741e-01
7.664328264823629805e-03,2.684387240134936126e-01,3.091968278183594432e-01
7.663079013319537905e-03,2.673947898602742068e-01,3.097121054000483986e-01
7.680341195227846293e-03,2.696209301684021065e-01,3.098007773124074604e-01
7.655239095967213657e-03,2.679235369511860365e-01,3.083142165207379271e-01
7.738224622116457452e-03,2.667038762248322703e-01,3.078678153186556465e-01
7.709147792193602779e-03,2.682401590963363058e-01,3.093008108022837210e-01
7.697941633810654813e-03,2.670887895578515359e-01,3.098108656494554802e-01
7.662926315511913930e-03,2.681699150654566211e-01,3.097968947059509537e-01
7.664055347266181435e-03,2.678140572571036659e-01,3.090999712514809761e-01
7.661784037241713662e-03,2.680799873295742208e-01,3.097999827647339166e-01
7.636895905808064287e-03,2.687567697925233867e-01,3.092244620949243239e-01
7.693318505307277129e-03,2.685035334919521066e-01,3.094989015539297283e-01
7.660896165371470362e-03,2.686937529280749581e-01,3.088132356466278816e-01
7.631950671145498744e-03,2.695156980002218483e-01,3.091669430408591768e-01
7.736766136168886018e-03,2.697682019927861163e-01,3.093061529347426175e-01
7.642552360380687471e-03,2.698687050957029876e-01,3.085010410600727560e-01
7.657873769154658304e-03,2.699944267132765585e-01,3.095590426776862469e-01
7.653366367565568248e-03,2.699851042543816582e-01,3.091294364843430453e-01
7.706774821840759945e-03,2.709793566057849823e-01,3.101937521829896127e-01
7.636980038157254076e-03,2.699649310688289616e-01,3.094792650242059184e-01
7.600530408106816876e-03,2.700933641956424491e-01,3.082171555118831119e-01
7.663582459995386779e-03,2.693926086624818805e-01,3.083518346246169606e-01
7.581891271164753303e-03,2.702344440133838677e-01,3.086331634767566223e-01
7.607664725174472647e-03,2.703570764644478430e-01,3.106927589871578133e-01
7.566214800456985343e-03,2.704762636870901016e-01,3.087366256417706234e-01
7.558742988748272731e-03,2.722332231580675277e-01,3.084726703463449016e-01
7.551845135667136985e-03,2.721074950949270987e-01,3.075145624720264648e-01
7.575032328276356391e-03,2.723770951965742149e-01,3.067699498810135816e-01
7.541821956950554157e-03,2.721083235371856146e-01,3.070633644062517043e-01
7.588985825315239242e-03,2.718407687444528986e-01,3.061817743800486213e-01
7.598097181691096033e-03,2.728261347865682529e-01,3.074314708009813213e-01
7.503956876463402717e-03,2.729749622123947006e-01,3.056640693016486332e-01
7.477868315003841082e-03,2.735888246231437670e-01,3.056242546145701011e-01
7.537531879510011787e-03,2.734712761884712795e-01,3.051650277886814866e-01
7.495377307870011718e-03,2.735512839188509737e-01,3.059835543858713813e-01
7.457613083531950543e-03,2.729255868806167440e-01,3.051934019917756369e-01
7.485151047486776447e-03,2.741065436423499313e-01,3.049490793340497441e-01
7.509610526349552381e-03,2.731048592595746172e-01,3.051086924893325891e-01
7.611779227977615025e-03,2.742145983157621147e-01,3.061522450833886189e-01
7.468816473276284132e-03,2.731478168158734676e-01,3.053205759554845633e-01
7.472346954074777885e-03,2.714489344516627933e-01,3.033927080115108588e-01
7.449432258443498128e-03,2.731548169165242124e-01,3.052088178087289383e-01
7.529148283575969394e-03,2.732285161376714067e-01,3.049562999219591619e-01
7.441185671456519192e-03,2.730891790408127573e-01,3.051620034402168780e-01
7.455714109647857205e-03,2.734808417223615340e-01,3.046302609546998053e-01
7.470403263378606711e-03,2.732478730179899173e-01,3.055810662766736407e-01
7.436642559846714379e-03,2.732647281495610980e-01,3.044682863522421012e-01
7.457076670597855006e-03,2.739317246517099513e-01,3.035661197147701551e-01
7.464732859695193470e-03,2.737286266641562049e-01,3.043523135078347597e-01
7.446615284607141852e-03,2.720148628251079503e-01,3.046664830200789820e-01
7.485188401131305513e-03,2.737648626505127525e-01,3.048716696950032889e-01
7.516414565210760915e-03,2.728784632615893768e-01,3.044706601269768220e-01
7.429083220885526403e-03,2.736044524995708271e-01,3.038006596156038186e-01
7.514554252602600841e-03,2.740549898146578123e-01,3.033700715768096190e-01
7.465127967703376853e-03,2.743993187939508527e-01,3.037290525290249898e-01
7.458444662013959982e-03,2.735085479918959450e-01,3.045737556776121346e-01
7.432381539637358293e-03,2.735617433543029997e-01,3.035978146369323061e-01
7.480603034456294320e-03,2.739582207359205213e-01,3.042255727711123403e-01
7.460064851272160159e-03,2.740957957340068307e-01,3.048658567278053622e-01
7.485520834293556830e-03,2.735516480698160224e-01,3.037289466862849174e-01
7.435323537926624010e-03,2.731676169989292746e-01,3.035053870988848046e-01
7.500833891337023440e-03,2.746339305596385283e-01,3.033215242940701661e-01
7.434757065557854455e-03,2.735513150815865879e-01,3.037206617024533206e-01
7.415471311033676113e-03,2.726766244826047680e-01,3.028153821340562879e-01
7.482609708084802039e-03,2.731128483913196070e-01,3.031828634471885886e-01
7.428546376063467974e-03,2.730633603785214136e-01,3.027637986055617403e-01
7.454603295343621705e-03,2.728729094746648043e-01,3.027091032783768010e-01
7.418899975534654426e-03,2.731744818946157949e-01,3.029163271221163578e-01
7.441238676898209552e-03,2.719484951638068138e-01,3.017991906420520731e-01
7.429245107511282115e-03,2.727719780136705352e-01,3.034358166234752407e-01
7.448584236489044774e-03,2.724900651693261677e-01,3.020872929583032218e-01
7.427659708172661655e-03,2.727743614076104661e-01,3.020479161781090549e-01
7.453658681193170606e-03,2.723273582173553198e-01,3.041987452156262317e-01
7.416468969199833949e-03,2.721419288599024600e-01,3.028363326512857889e-01
7.400328367068288379e-03,2.710500552820007680e-01,3.016824588319316769e-01
7.429186819497181002e-03,2.709337874985172645e-01,3.013596174233078573e-01
7.416070157368705174e-03,2.712305245913842477e-01,3.010352470508112499e-01
7.528374046585364909e-03,2.701142194863497825e-01,3.023110147867082431e-01
7.384703030305199596e-03,2.712589464331140454e-01,3.016603088442936231e-01
7.385472526151050376e-03,2.708731402140522881e-01,3.004871993918984963e-01
7.363654104770583561e-03,2.710688551038801242e-01,3.012712628351145727e-01
7.413646834944600736e-03,2.707088614291182638e-01,3.008457273935423726e-01
7.375009134706131744e-03,2.706249707375902314e-01,3.014415117185024751e-01
7.377916109200015338e-03,2.713014531664203477e-01,3.014990744893792929e-01
7.360802817378684325e-03,2.718639606591864433e-01,3.021586010937566957e-01
7.369219567218536666e-03,2.719480563348866120e-01,3.021827685191182389e-01
7.357497779942862200e-03,2.720955833656000245e-01,3.019429018397203346e-01
7.432608193599822208e-03,2.731868113349749660e-01,3.027777031964558052e-01
7.385212877573054530e-03,2.720362311314070691e-01,3.019644921679477956e-01
7.409429965124569167e-03,2.723761230589183957e-01,3.026326872832068027e-01
7.390161221530335868e-03,2.722730302611871545e-01,3.014052674886918415e-01
7.360205684831324334e-03,2.710253406469210202e-01,3.018539444967660024e-01
7.357200932125062404e-03,2.722280244004709471e-01,3.015603131107733037e-01
7.406106890934843236e-03,2.719562395691206835e-01,3.006688987019097148e-01
7.358969441329703612e-03,2.713209558897349827e-01,3.018419430039676055e-01
7.430648251709373597e-03,2.714662937512757890e-01,3.020177968484991093e-01
7.371315952393199707e-03,2.719936625146583409e-01,3.018713182229148528e-01
7.443440230497228027e-03,2.723336137633362575e-01,3.007284885923615647e-01
7.468347006286261622e-03,2.725182829229124137e-01,3.018731840343689687e-01
7.353895624175899384e-03,2.720000498689225110e-01,3.013723640598640618e-01
7.416602594835929214e-03,2.701530598068890288e-01,3.019929437195771338e-01
7.360932946133874090e-03,2.722157688556073873e-01,3.017544634913552071e-01
7.426761907873424481e-03,2.721939261431258195e-01,3.026057844074634406e-01
7.365526198455448967e-03,2.717417712802628893e-01,3.015098540875450484e-01
7.424570246314902630e-03,2.709462032391474762e-01,2.999646333205536197e-01
7.368498524852568760e-03,2.724047637735357852e-01,3.012433549627239748e-01
7.339632648109242069e-03,2.728040772687670423e-01,3.012190955808632387e-01
7.384601122950923066e-03,2.733564051255552574e-01,3.017209678690904728e-01
7.349233442832256262e-03,2.722559093522753937e-01,3.016388547131431119e-01
7.310742866363399706e-03,2.723632040204589932e-01,3.002934112894173890e-01
7.368015011515578749e-03,2.722424490084545123e-01,3.006816665586306003e-01
7.350109450724080090e-03,2.720252150328265617e-01,2.994513487983830879e-01
7.377775975447467202e-03,2.739252094331467435e-01,3.009202851442910331e-01
7.313206135887468859e-03,2.723136329376652509e-01,3.002101006260295968e-01
7.314901508922117511e-03,2.722700494680833638e-01,2.998232372032229587e-01
7.298568002974819245e-03,2.726155068592662767e-01,2.992798467632164505e-01
7.374009230080172742e-03,2.726139015244345987e-01,2.992583926320206977e-01
7.303976380449236569e-03,2.725238795802296110e-01,2.992967885776388615e-01
7.283805977227882783e-03,2.719463838815552870e-01,2.984915678894680124e-01
7.329315590598121932e-03,2.720839072733962638e-01,2.966796497138183275e-01
7.313715988646166816e-03,2.725595302829936784e-01,2.989179121411708051e-01
7.268747544405252531e-03,2.722899212565176308e-01,2.981214029215658590e-01
7.317011703728535515e-03,2.711180602305649501e-01,2.983879719376449913e-01
7.302101201602644379e-03,2.720554833030125463e-01,2.972587741737999778e-01
7.248580885332794183e-03,2.705705112297464021e-01,2.988064015129150985e-01
7.274617571479446813e-03,2.697621847182764543e-01,2.994268663619162330e-01
7.251270692791135855e-03,2.700549635004395599e-01,2.983496157090393952e-01
7.228912980865162194e-03,2.707055093055945605e-01,3.001599972219199941e-01
7.231668842160370210e-03,2.697742098741466310e-01,2.988740100051411330e-01
7.208760333707526710e-03,2.701913711508460159e-01,3.000869092151732254e-01
7.267560043079421273e-03,2.716851934996871165e-01,3.006133525049210498e-01
7.224442571250898337e-03,2.702358470978939997e-01,3.001050672625121818e-01
7.259488027946046224e-03,2.700820482065014461e-01,2.995347669137085056e-01
7.224392425862768280e-03,2.706053353847910903e-01,3.004697801121988254e-01
7.303198187877332076e-03,2.693119270152353750e-01,3.004827043311028567e-01
7.244383591345057195e-03,2.692357597252679757e-01,2.995218492909342833e-01
7.266832904840989441e-03,2.693935995822251961e-01,3.003107949888786932e-01
7.201197327397322254e-03,2.700456416470774501e-01,2.994671549515623421e-01
7.214554886479359296e-03,2.703309009125086648e-01,2.990400704588729863e-01
7.231352676249075753e-03,2.702692623415549056e-01,2.991683779283297873e-01
7.273824104191761036e-03,2.695728896075980097e-01,2.992870819434325647e-01
7.168044489882679712e-03,2.700013066030380049e-01,2.988197219173817643e-01
7.182586274228254172e-03,2.706071120901118454e-01,2.987566407088609877e-01
7.164710277756548146e-03,2.697860857350790620e-01,2.986740136103688270e-01
7.248758471029365796e-03,2.701026217092005743e-01,2.979079073991240389e-01
7.171063861745319290e-03,2.705350820596854056e-01,2.986265603358879694e-01
7.224721775693667206e-03,2.696127946166356204e-01,2.984944235386693956e-01
7.173041203439398800e-03,2.696513618963105596e-01,2.986404483253923825e-01
7.211089105965666317e-03,2.696887936260246588e-01,2.977532526823153392e-01
7.166475592816955523e-03,2.697555445724270640e-01,2.989860758291403853e-01
7.191153902887647067e-03,2.697231793158588742e-01,2.983541075207760684e-01
7.150461178922984384e-03,2.701965287055657083e-01,2.988852508867090307e-01
7.196490823530401690e-03,2.713962333698516360e-01,3.002351329235419808e-01
7.166329650221893617e-03,2.699035547038055038e-01,2.991586177550422665e-01
7.231862346012560110e-03,2.697394446828189074e-01,2.984862995117616991e-01
7.167642921270790668e-03,2.705486389869377062e-01,2.989959511876413289e-01
7.159249059852847846e-03,2.711097024571375025e-01,2.988850166154405352e-01
7.155974763445734424e-03,2.700880159473906805e-01,2.986448883784728614e-01
7.153624673573361070e-03,2.707406942675877337e-01,2.994312885912778222e-01
7.177500822249331842e-03,2.699580155181294794e-01,2.994105853188369082e-01
7.120829550752461393e-03,2.697275597151657656e-01,2.976700417708427748e-01
7.143714491414382070e-03,2.697992527793963702e-01,2.979387255406761859e-01
7.117414501365697949e-03,2.689290623661557689e-01,2.971683444612362446e-01
7.142914529237247984e-03,2.687490004582665515e-01,2.978593927756495452e-01
7.123233133212680986e-03,2.687848723262563078e-01,2.963627342716609880e-01
7.144675121343595399e-03,2.685188463643027323e-01,2.973341537208141205e-01
7.143028559062744066e-03,2.689721076538823530e-01,2.977731979010698193e-01
7.167799447566312876e-03,2.695444942499302110e-01,2.979495517775532787e-01
7.158398332976349462e-03,2.692451080385017681e-01,2.966727917400435177e-01
7.198491719412152684e-03,2.687818110265592364e-01,2.966383979460190390e-01
7.134741559049652924e-03,2.695027340437901042e-01,2.965801000520196240e-01
7.143439181731620763e-03,2.700004898042923651e-01,2.965180586234829607e-01
7.118744713080781689e-03,2.686345164183542300e-01,2.969630860542314399e-01
7.112075762066398521e-03,2.690900276452344864e-01,2.973885220209698810e-01
7.103567140309852146e-03,2.693247035666715972e-01,2.973320441702275718e-01
7.107554979029170536e-03,2.691188136110739815e-01,2.972521286351677561e-01
7.106243450492879046e-03,2.693703876160498667e-01,2.974002793432958258e-01
7.102616693650615209e-03,2.692198832279831255e-01,2.973539897278789090e-01
7.105467050551756217e-03,2.691811955780534227e-01,2.973341340010685063e-01
7.102328316324844557e-03,2.692291763040684516e-01,2.973515359463011487e-01
7.091603670497233398e-03,2.691866376458673105e-01,2.972694110075899676e-01
7.085703494745904454e-03,2.691576962605270462e-01,2.971826296411052559e-01
7.079752979451866754e-03,2.691093897792288248e-01,2.970576396985856737e-01
7.075929276778313709e-03,2.691558224131466726e-01,2.970574834742992221e-01
7.072184082320165030e-03,2.692737129155667875e-01,2.971498524870680447e-01
7.072333667403794648e-03,2.691877304737254617e-01,2.971871093550420007e-01
7.073827728524200581e-03,2.692618506931909184e-01,2.971935758922120696e-01
7.070837314349535940e-03,2.692217320536528513e-01,2.971842009571911136e-01
7.070893677434308272e-03,2.691796464954963053e-01,2.971741931504042200e-01
7.072894991921777931e-03,2.692029709984665731e-01,2.972037210416769715e-01
7.067369212016318125e-03,2.692719549299661397e-01,2.972939886350786654e-01
7.063043517797819131e-03,2.693249100351588488e-01,2.971092767783553024e-01
7.060682366319528946e-03,2.693516074238850311e-01,2.970464843225427698e-01
7.058794677743790956e-03,2.693213958681418552e-01,2.969713175459997578e-01
7.056938195981864864e-03,2.692498488824873748e-01,2.967738950298328682e-01
7.050312660406992532e-03,2.694048678266637853e-01,2.967355947990950593e-01
7.048353819896213679e-03,2.693435131159863105e-01,2.967276261468712595e-01
7.047176993762317709e-03,2.693748622336611942e-01,2.967364910652420806e-01
7.049691251605086015e-03,2.694292277851189632e-01,2.967448767198377357e-01
7.046317209838490192e-03,2.693949892121513812e-01,2.967709250993409986e-01
7.038960795110207197e-03,2.694194462833413573e-01,2.967465782088523074e-01
7.037531135206450718e-03,2.693998527259721110e-01,2.967720591070579506e-01
7.035406928784371586e-03,2.692069378297814453e-01,2.966251285364522317e-01
7.036652800793822757e-03,2.693655031896446950e-01,2.966966687543550196e-01
7.034311890506474672e-03,2.692526820417154854e-01,2.966281703072793929e-01
7.031532964558323030e-03,2.692863721943241639e-01,2.966781793417010982e-01
7.031355650191836552e-03,2.693940237366429513e-01,2.967931886098377214e-01
7.028475618572390532e-03,2.693236462355631522e-01,2.967475993234924281e-01
7.025369776101459199e-03,2.693111391077679384e-01,2.968057690594474995e-01
7.025004108904409419e-03,2.691366341327096068e-01,2.968229879558421103e-01
7.022691678316259241e-03,2.691394261519237663e-01,2.965829868904000799e-01
7.021803485876706129e-03,2.691186335393382922e-01,2.965206217964705959e-01
7.021146673231623905e-03,2.692110741357236492e-01,2.963666145402338858e-01
7.014821451376987080e-03,2.691663337519665800e-01,2.963405720783436337e-01
7.012405337431810992e-03,2.691452590276488532e-01,2.963428628125907571e-01
7.010872223700616648e-03,2.691817874628229523e-01,2.963235148181201373e-01
7.008717719333358749e-03,2.691534508926962110e-01,2.962366772986254615e-01
7.009058558547465526e-03,2.691416500476514484e-01,2.962214349180652406e-01
7.008510644910010724e-03,2.691902207133509140e-01,2.962736829734464172e-01
7.005441767515972057e-03,2.693148790667942993e-01,2.963048994081358689e-01
7.005955359962370149e-03,2.691407018493523484e-01,2.962193193641677880e-01
7.006592094638844359e-03,2.693516776581717509e-01,2.963337493556985058e-01
6.996866196642595459e-03,2.692721619326698401e-01,2.963190809145844207e-01
6.992424675135954643e-03,2.693558387124156961e-01,2.962280632700791116e-01
6.990799359441914398e-03,2.692842323109825298e-01,2.961840019834940940e-01
6.985094146553876525e-03,2.692193317138102393e-01,2.959890009576989778e-01
6.980973307348340914e-03,2.691899141225307379e-01,2.959192927798438566e-01
6.974349244057886227e-03,2.690702345518137806e-01,2.957824891800403533e-01
6.968956538604621082e-03,2.691109598809119929e-01,2.956030377583250268e-01
6.964611270917856617e-03,2.689736179431808094e-01,2.956814490464207412e-01
6.963315641423276775e-03,2.689971946667240599e-01,2.956552586547380734e-01
6.962270449661906238e-03,2.689740450246604353e-01,2.956519528228953586e-01
6.959093753379951702e-03,2.688916833076350765e-01,2.956123067693937068e-01
6.953057173499607377e-03,2.688481042989302461e-01,2.955332516131600196e-01
6.949192055946513784e-03,2.688739395773570573e-01,2.953360347537816732e-01
6.947337455498087642e-03,2.690174914180876731e-01,2.954553029703655964e-01
6.944546872756005712e-03,2.690551425865660429e-01,2.954426219190097180e-01
6.939971167370926654e-03,2.689930911090887555e-01,2.953988888473230712e-01
6.938348717037633694e-03,2.689825283199176464e-01,2.953368426412608660e-01
6.934576107709115519e-03,2.688603729651342089e-01,2.952267197903041818e-01
6.931859590027057011e-03,2.689391142073491725e-01,2.951270848142000247e-01
6.929762447543307870e-03,2.687258150698029202e-01,2.949819540059561707e-01
6.926909467673308257e-03,2.688073129097363068e-01,2.949885849683316352e-01
6.925497117515969255e-03,2.688368410600812664e-01,2.950053522977342246e-01
6.921679934556701150e-03,2.687619787718513176e-01,2.948770846119824762e-01
6.918965974590806506e-03,2.687960660943454205e-01,2.949599974287216431e-01
6.917280543808090182e-03,2.687162705041836741e-01,2.947689560720054835e-01
6.918186193624666427e-03,2.686618492366893984e-01,2.947738422144183801e-01
6.917809975048538895e-03,2.686758833063179197e-01,2.947871122037493685e-01
6.913981138081242220e-03,2.687661352562649153e-01,2.946866442472970693e-01
6.910161877276152498e-03,2.686921081166654957e-01,2.946167062584512664e-01
6.907668267475283730e-03,2.685805798510211839e-01,2.947611871896611557e-01
6.905536209893269745e-03,2.686344997884058672e-01,2.946870152675769572e-01
6.902228311799011792e-03,2.685825915825182930e-01,2.946303533223594839e-01
6.901237338430860763e-03,2.686219271999292779e-01,2.944724306429661875e-01
6.898092339743724238e-03,2.684683528849952650e-01,2.943284636191031978e-01
6.896060718611575491e-03,2.684470796001126036e-01,2.942135379744656443e-01
6.895095449616306382e-03,2.683663747658172061e-01,2.942331660754722855e-01
6.891858979229933957e-03,2.684603606564421319e-01,2.942198476601643464e-01
6.891412720752321946e-03,2.684394536504030038e-01,2.942513044363672670e-01
6.887983682999807185e-03,2.684704455321509364e-01,2.941723432401748828e-01
6.888471245927316015e-03,2.683954860459126235e-01,2.939794160285024160e-01
6.886734611960565813e-03,2.684869329940541838e-01,2.941511300908946080e-01
6.882290428894466058e-03,2.684881575358916139e-01,2.940797569119382171e-01
6.878778411794005468e-03,2.685297678927141551e-01,2.940343573934478538e-01
6.876665319915578958e-03,2.685865785443274922e-01,2.939850481634188606e-01
6.876008091345390746e-03,2.686225168547830000e-01,2.939511305663405905e-01
6.872384742030342164e-03,2.687589471898929050e-01,2.938971483464468126e-01
6.870720905841289430e-03,2.687363610065715558e-01,2.938727370739308564e-01
6.864860088740713101e-03,2.686483441567388275e-01,2.938318855493963766e-01
6.856700389938150640e-03,2.685802809354159715e-01,2.936827405817087899e-01
6.846171517854004324e-03,2.685629569053268884e-01,2.934112965269555784e-01
6.842816223833700535e-03,2.687202402095777432e-01,2.936384344980845773e-01
6.842579083255671997e-03,2.686687914439379044e-01,2.936591617490648121e-01
6.841058238827160860e-03,2.686135588027651067e-01,2.937213718237202120e-01
6.835749468718664915e-03,2.686972377165731118e-01,2.935272364772015252e-01
6.831771571401397923e-03,2.688043888075055676e-01,2.933913849901462201e-01
6.827768840871448544e-03,2.686819552441346848e-01,2.932949528521525129e-01
6.827196556927284457e-03,2.685643786739944638e-01,2.933009613306559737e-01
6.822039689351839728e-03,2.685325842259893014e-01,2.932501185305795288e-01
6.818368872128381664e-03,2.685399397807955446e-01,2.932712385566249580e-01
6.817858628937386103e-03,2.685248235759114532e-01,2.931577825704820839e-01
6.817833061995792754e-03,2.685962761401081700e-01,2.931956134085308974e-01
6.814658849686834260e-03,2.686252673635324828e-01,2.930641632411148390e-01
6.811991559831998347e-03,2.687126279817924068e-01,2.930162392788917547e-01
6.805845315187170237e-03,2.687219053648365330e-01,2.928282403246623145e-01
6.803461791575994219e-03,2.687797689602414164e-01,2.927569931269713432e-01
6.800295885129332280e-03,2.686677168609211130e-01,2.926162312356068163e-01
6.798027025304530929e-03,2.686553619292084139e-01,2.925058362494056263e-01
6.798182232854316394e-03,2.686580524719197061e-01,2.925006275915884579e-01
6.797067837167975086e-03,2.685397239313957463e-01,2.924528837370827805e-01
6.791655230108623736e-03,2.685404273931216723e-01,2.924170051726763808e-01
6.791068159084387088e-03,2.684397548528362210e-01,2.923053484349248388e-01
6.789071543152426502e-03,2.684532980195875052e-01,2.922537598213466592e-01
6.786090012204508068e-03,2.684036708665956117e-01,2.920638963364488583e-01
6.781250397517025325e-03,2.682933874372496752e-01,2.920583922367103180e-01
6.776009000805750804e-03,2.682303051211708533e-01,2.919109513124391597e-01
6.772551439648609103e-03,2.682338546627056619e-01,2.918547438746555978e-01
6.769416955195228791e-03,2.682665952142465615e-01,2.917941226522414166e-01
6.766584379070505854e-03,2.681975986858218808e-01,2.917168837129209824e-01
6.764543950968327987e-03,2.681269156462661174e-01,2.914971754846622520e-01
6.759219814675022225e-03,2.682005677486178352e-01,2.914861754515444270e-01
6.755004793544417893e-03,2.682055384695298805e-01,2.914407368251922259e-01
6.751846807374378007e-03,2.681910404787877233e-01,2.912144695720115251e-01
6.752741163352896786e-03,2.682992999654291721e-01,2.913282084845420505e-01
6.753911182709253572e-03,2.681987489783090317e-01,2.912227750851969499e-01
6.748177184448787141e-03,2.681796419317777347e-01,2.910675258592387293e-01
6.745693126746371733e-03,2.682167760924713540e-01,2.910066737384615077e-01
6.742875825974140383e-03,2.682860780407960166e-01,2.911225754701142199e-01
6.738013111494693848e-03,2.681872449078170351e-01,2.909467785445652432e-01
6.736964121285708706e-03,2.682027421961770686e-01,2.909991763259603959e-01
6.736534789550564437e-03,2.681846208933053033e-01,2.908984696871213527e-01
6.736039274410875188e-03,2.681616583884703919e-01,2.908436614211977744e-01
6.732648268943474193e-03,2.680945735638263216e-01,2.907753127813038074e-01
6.731818417936718743e-03,2.682638776127162505e-01,2.908051200816246240e-01
6.731264197002324867e-03,2.681216271792678518e-01,2.907791486770677780e-01
6.731145770865067969e-03,2.680986242765510674e-01,2.906135291694119660e-01
6.729968455018238600e-03,2.680686682277929611e-01,2.906108152605442196e-01
6.727371065199514409e-03,2.680773527135183465e-01,2.905971253519097353e-01
6.729472629568251062e-03,2.680789324978712362e-01,2.905515102312070108e-01
6.728852140362650766e-03,2.679860410408481108e-01,2.906138599925198185e-01
6.724182398440169302e-03,2.680873661947965614e-01,2.906167098870100496e-01
6.723074371646676865e-03,2.682070497196888947e-01,2.905362341393904480e-01
6.724780748620881946e-03,2.682305214796024684e-01,2.906035415747598161e-01
6.723551972752711200e-03,2.681963658395585259e-01,2.905416978038924403e-01
6.718412931757948570e-03,2.681782558664981830e-01,2.905231937286343324e-01
6.717811911159294463e-03,2.680475452886173504e-01,2.905263447275181488e-01
6.714345426126687791e-03,2.680180465689594449e-01,2.904460962610483366e-01
6.712697290936907486e-03,2.679870029049623015e-01,2.902855263277939746e-01
6.710204837597335235e-03,2.679184601634207463e-01,2.902953641091463033e-01
6.709448782267811093e-03,2.680300784293073724e-01,2.903625730545602579e-01
6.711050594087247800e-03,2.680384722187024171e-01,2.904216034062255813e-01
6.706926221673929420e-03,2.680654974336705298e-01,2.903648536952746495e-01
6.701339004778653768e-03,2.681780553276700840e-01,2.903790238245522737e-01
6.701981135411832005e-03,2.682456009784981443e-01,2.901895599425756145e-01
6.700454631084447506e-03,2.681964999893688417e-01,2.903709043332832751e-01
6.695202453424467168e-03,2.683248087347686051e-01,2.903836100019399624e-01
6.691321065082949521e-03,2.683288249838284290e-01,2.903536753826753136e-01
6.689241313604534118e-03,2.683042724258046796e-01,2.903373525048543735e-01
6.688621078783498451e-03,2.682204428443437649e-01,2.901100520219912493e-01
6.685939895253819112e-03,2.681274159341700547e-01,2.901129429966418094e-01
6.685757393672310533e-03,2.682126555821281455e-01,2.901221523844543237e-01
6.686037854006160637e-03,2.682299020897715436e-01,2.901161675129925177e-01
6.686712338737417494e-03,2.681723731904661623e-01,2.901180778164850205e-01
6.684849054273475123e-03,2.682606866242845944e-01,2.902858352193942726e-01
6.681878835690460879e-03,2.683876540413123180e-01,2.904107983079771138e-01
6.681401219642097919e-03,2.683681278283495120e-01,2.903961594916255606e-01
6.679585230284917907e-03,2.684326709187438431e-01,2.903721618328430343e-01
6.676105265226005107e-03,2.684776066897022750e-01,2.903754330260421290e-01
6.675113455513770680e-03,2.685270228208047061e-01,2.903102138032887525e-01
6.674800596557515023e-03,2.685056557202134542e-01,2.903214244250690856e-01
6.672631307989557517e-03,2.684538282632585315e-01,2.901456062070499886e-01
