cost,L2,trace
2.121153556076734947e+00,6.769197743579555837e-01,8.827213011471869430e-01
1.691361035336584218e+00,7.084107265388620567e-01,7.912967514241626699e-01
1.135421613929327167e+00,5.584323209456955039e-01,7.316550377004479300e-01
1.788051393939162459e+00,7.254939702887204245e-01,8.938843389818835750e-01
1.051457421958363447e+00,4.918508039719871605e-01,6.768851602574900150e-01
1.506680396321991244e+00,6.430771984263475849e-01,7.756705711664428904e-01
1.145191120585180133e+00,7.483934070226797575e-01,8.374793953526366019e-01
7.156850031984899330e-01,5.378939203354230481e-01,6.640941990429990449e-01
1.096867623859809848e+00,4.974069408414399929e-01,8.664351679921242777e-01
1.300187574415719860e+00,6.420365933644082146e-01,7.067606213504579182e-01
5.266432798876391486e-01,5.177935583495396621e-01,6.585129508976157453e-01
9.059538457461473460e-01,7.239272732937328536e-01,7.536848697230850158e-01
6.901792422231208812e-01,6.095331935666641332e-01,8.509951992292764666e-01
7.148779706240975251e-01,6.051872139397237449e-01,6.695217648102196328e-01
8.297699070251629561e-01,5.461605396486467479e-01,6.756829906801766761e-01
6.674655718879223265e-01,5.531142352237917725e-01,6.979613774835085049e-01
6.628354517737947704e-01,6.225317197698255756e-01,7.467001470721142953e-01
4.970353216199627777e-01,5.049970924437545694e-01,6.580347928578793582e-01
5.842566672298865615e-01,5.328077175231681339e-01,6.470935309601733021e-01
4.777104619966282550e-01,4.930537421888193106e-01,6.437626887143397258e-01
4.622069831745480584e-01,4.944746198438248475e-01,6.362881482178630588e-01
4.631401491286138983e-01,4.831096176906250483e-01,6.485137294520438855e-01
4.476155329260863014e-01,4.839354410439749010e-01,6.359652264681487921e-01
4.119466182461379300e-01,4.773249977980696945e-01,6.261999555197407252e-01
4.060315297073977536e-01,4.688678698296607217e-01,6.141920528792758072e-01
4.187793683392894706e-01,4.865681362464406301e-01,6.335744592449630286e-01
4.097446107615336230e-01,4.742855940170506157e-01,6.149114265344607366e-01
3.687524411038354266e-01,4.518236480326791038e-01,5.932474335107761343e-01
3.415063541004702552e-01,4.440468127250163932e-01,5.691483725573657226e-01
3.270238667922675813e-01,4.447116565400021093e-01,5.679778443963328094e-01
3.213433610652922656e-01,4.419348961430227263e-01,5.516933427859902483e-01
3.144601692809905202e-01,4.508413624937824826e-01,5.284391031530957239e-01
2.950852725811706212e-01,4.557041185992183330e-01,5.118752073109325007e-01
3.027050946070314330e-01,4.632292104775161956e-01,5.175913327643079098e-01
2.961914458991331545e-01,4.672082140587329735e-01,5.139247742500995253e-01
2.981679987350721595e-01,4.520964620094565234e-01,5.218027939778940860e-01
3.019082330622494537e-01,4.702463204925902418e-01,5.113592476905380879e-01
2.550984435139987960e-01,4.407044475908626358e-01,4.787197297552408526e-01
2.258462258837798942e-01,4.134163262205037825e-01,4.538984838551070600e-01
2.242736822986826639e-01,3.954020305735895802e-01,4.444951197587275193e-01
1.921507591089820499e-01,3.651377502285267362e-01,4.095195037526482840e-01
1.842729078931221731e-01,3.426945777844647711e-01,3.871439603799446405e-01
1.650279765759836981e-01,3.329199406208026568e-01,3.763239892414361187e-01
1.484977713568783053e-01,3.262000172434406653e-01,3.619146458126309418e-01
1.412443883650422172e-01,3.111226897316970441e-01,3.424154673794628234e-01
1.229888724120960369e-01,2.987243658714128225e-01,3.176190289286387469e-01
1.160153417876938070e-01,2.892451693033974425e-01,3.048940100662508867e-01
1.062818981698024912e-01,2.711268680579947965e-01,2.851827351265807109e-01
1.034667147566786238e-01,2.661454117349279502e-01,2.677494367200818348e-01
1.034756034080722559e-01,2.528643201712864608e-01,2.508351487835863147e-01
1.025560093515299337e-01,2.680673702867654162e-01,2.656485384489459811e-01
9.766048425185344661e-02,2.498119829655049973e-01,2.478556006768497522e-01
1.171317300083952601e-01,2.843927601908571301e-01,2.815028935914691832e-01
9.623640315352759156e-02,2.501012089221846812e-01,2.482063283520613839e-01
8.196505621572736100e-02,2.236237259518234766e-01,2.247597755333149150e-01
7.897057082926353666e-02,2.034268512344256929e-01,2.058960734485946742e-01
9.508630945010669577e-02,1.884545652368287416e-01,2.031259055629834331e-01
7.933154703739231373e-02,2.088641567993254622e-01,2.077220919978075564e-01
6.662650712659785868e-02,1.801939120072632572e-01,1.794610631889020369e-01
6.181689475711876769e-02,1.690761859746131301e-01,1.684709351775083574e-01
6.315998027891389643e-02,1.743928210875728135e-01,1.737285831222076526e-01
5.925368760663335399e-02,1.592073501297308069e-01,1.587021202829391464e-01
5.706617551782199038e-02,1.583547624706589940e-01,1.578576145119087171e-01
4.795667454037972482e-02,1.224919410490753341e-01,1.222619873478053149e-01
4.797327645411062630e-02,1.103347976462712987e-01,1.101667709312625920e-01
5.138204660017394593e-02,1.337156467488001821e-01,1.334164596675690428e-01
5.473860981436064893e-02,1.221009204165552919e-01,1.218731632432644429e-01
4.898514854249417377e-02,1.329600741061218450e-01,1.326659338899882357e-01
5.295552045388519924e-02,1.526447292126968669e-01,1.521994942198284517e-01
4.834449401505243327e-02,1.216181756516904466e-01,1.213931108906370904e-01
5.445635278356513592e-02,1.116917920666437442e-01,1.115174858796541407e-01
5.053637667304036740e-02,1.281338743140572611e-01,1.278706365323106220e-01
4.841433243077383763e-02,1.127903816124772307e-01,1.126108785207643875e-01
5.145739766411201732e-02,1.309452462703508402e-01,1.306642856895842419e-01
4.770952350580817680e-02,1.209814660410128417e-01,1.207599198065230500e-01
4.712810353086049897e-02,1.142393142102927639e-01,1.140528002054117390e-01
4.638451983394235173e-02,1.111133798990547872e-01,1.109417691076493989e-01
4.631496394483468337e-02,1.109095145895771656e-01,1.107388471389372658e-01
4.614161620928157459e-02,1.091559599303267986e-01,1.089932642025801396e-01
4.582805259814922566e-02,1.076666656878083189e-01,1.075105420019298458e-01
4.550999967197649765e-02,1.052719656277765481e-01,1.051260340323009607e-01
4.524229290615705557e-02,1.040358556320851585e-01,1.038950068074863120e-01
4.520474805949248331e-02,1.024668576907190598e-01,1.023322885314307817e-01
4.492402736754127351e-02,9.923804400010295679e-02,9.911580433243161181e-02
4.505429552395041198e-02,9.955931990609888371e-02,9.943588867115864260e-02
4.523046581111309083e-02,1.005750115912294601e-01,1.004477623761245303e-01
4.474865987815078439e-02,9.813693256323073599e-02,9.801871851189912499e-02
4.434530848734100084e-02,9.639926694735498347e-02,9.628722422153629390e-02
4.418848299359733056e-02,9.431740336743175968e-02,9.421246672035844816e-02
4.455083849224535791e-02,9.528537468904249574e-02,9.517717266010289334e-02
4.449963213516545252e-02,9.532127133990470069e-02,9.521294693034351719e-02
4.346006207086038770e-02,9.004264346212842440e-02,8.995134258288062234e-02
4.297255117074270936e-02,8.802844677641992466e-02,8.794313880448603737e-02
4.271196461689664992e-02,8.609563141198274538e-02,8.601582189202393314e-02
4.231465251070484768e-02,8.275902188626847733e-02,8.268813888680370816e-02
4.205349908056824071e-02,8.030127419234513175e-02,8.023652230115073392e-02
4.167639530638544282e-02,7.730948895940312204e-02,7.725170986364222891e-02
4.109723672069955092e-02,7.564571814907614100e-02,7.559159058670150699e-02
4.063179431227447597e-02,7.308564880041434897e-02,7.303683401410392129e-02
4.057871354664399632e-02,7.247687684165989019e-02,7.242927200531883158e-02
4.033124000023739775e-02,7.057192574194248724e-02,7.052797753442513473e-02
4.000740869222582652e-02,6.814668651737527949e-02,6.810711612530845338e-02
3.983342752479499677e-02,6.577561225564136638e-02,6.574003092440756923e-02
3.957973943244942616e-02,6.359196469508369975e-02,6.355981132128042665e-02
3.943357377509792983e-02,6.341295814455262525e-02,6.338107558038895417e-02
3.961764530725948863e-02,6.383496461436856395e-02,6.380244117036960871e-02
3.949733709371217039e-02,6.402326596614332788e-02,6.399045380844822772e-02
3.903921932012886092e-02,6.328775737525263456e-02,6.325606331405687899e-02
3.870939503642673030e-02,6.234006442250496216e-02,6.230977316669861904e-02
3.842098839371183711e-02,6.053594295429347294e-02,6.050820659515696032e-02
3.851659727357571728e-02,6.186561253860976828e-02,6.183600775509737191e-02
3.846214348670456279e-02,6.127717336950894850e-02,6.124840547082349013e-02
3.808033555200027176e-02,5.891304862188609381e-02,5.888748403712656260e-02
3.800241751068129253e-02,5.895268615415560909e-02,5.892706992654294512e-02
3.792740919051232340e-02,5.912643141530325025e-02,5.910058799806248986e-02
3.780037739196002305e-02,5.926198751465745762e-02,5.923596591388196470e-02
3.771265019208804026e-02,6.157807604402113638e-02,6.154888219750330458e-02
3.762392562486292086e-02,6.243210027272588780e-02,6.240167463526120895e-02
3.765523823314303326e-02,6.408603723214538472e-02,6.405312845173573300e-02
3.763569238005078088e-02,6.213821115481201612e-02,6.210821323805722216e-02
3.756625268945287116e-02,6.139246820692609297e-02,6.136353759393473745e-02
3.737076236591398148e-02,5.964362990946370929e-02,5.961710225790545215e-02
3.724133898987760927e-02,5.733813281760041791e-02,5.731456442751003966e-02
3.729849837935381163e-02,5.652853218698337262e-02,5.650594823710702180e-02
3.732404699270747139e-02,5.736962193390540005e-02,5.734601468708706851e-02
3.709583671143794337e-02,5.824119449506353491e-02,5.821649472363221722e-02
3.716048268340248206e-02,5.792314505405415231e-02,5.789884778211522309e-02
3.710120107143259627e-02,5.825910520326058051e-02,5.823438263409441706e-02
3.722270004680772182e-02,5.801092224773728850e-02,5.798651433194344784e-02
3.712128759739195122e-02,5.976828319844598725e-02,5.974158884834166600e-02
3.698854691168605713e-02,5.702984763112598637e-02,5.700665740651192359e-02
3.692033388629879787e-02,5.838326665050164177e-02,5.835838565592841448e-02
3.691414915966612087e-02,5.963738261777076777e-02,5.961086330238906522e-02
3.686650889201859710e-02,5.809135301500285148e-02,5.806684342108770630e-02
3.688804324450614680e-02,5.768787864988825231e-02,5.766387628252536701e-02
3.691988437408288276e-02,5.770593146522823985e-02,5.768190655381460336e-02
3.682600471291470889e-02,5.793748657068454461e-02,5.791317124405395700e-02
3.694591455078294340e-02,5.980583935710404031e-02,5.977909464665833589e-02
3.692068677549788236e-02,5.865954652230429001e-02,5.863431057882931979e-02
3.673840766906586591e-02,5.833046668394959583e-02,5.830565314265203497e-02
3.680816092426915376e-02,5.634129191730733593e-02,5.631893166989036109e-02
3.679771484480571370e-02,5.968845959061960110e-02,5.966187206860901898e-02
3.663847572208311920e-02,5.946604563677482941e-02,5.943975426725323086e-02
3.674277722720450945e-02,6.129780100295836864e-02,6.126900403766931402e-02
3.667471122577389830e-02,5.900182602010271143e-02,5.897614567274325759e-02
3.662547310310553667e-02,5.942186792207545393e-02,5.939563511374437027e-02
3.668802542925526933e-02,6.169322727089976421e-02,6.166386931406434013e-02
3.661596992001693585e-02,6.013622260000569403e-02,6.010903213459892203e-02
3.673607054947894412e-02,5.861490700769275697e-02,5.858972864177348916e-02
3.660706498891286298e-02,6.093403812027835265e-02,6.090575087148514949e-02
3.662742859392569689e-02,6.147232624898234243e-02,6.144328257424527817e-02
3.661273039588685413e-02,6.110569904447401418e-02,6.107717201507270599e-02
3.661917625350434580e-02,6.260355255246440043e-02,6.257287551837835415e-02
3.659021530458436700e-02,6.121966196182356684e-02,6.119097499971572207e-02
3.655623076651738634e-02,5.878730708049654391e-02,5.876190586205660982e-02
3.662750403426967560e-02,5.910569143970199890e-02,5.907987521241880868e-02
3.659938500106788700e-02,5.824041010225203957e-02,5.821571132891532885e-02
3.659049968180964202e-02,5.762029413825241891e-02,5.759637604401946637e-02
3.669613552862036054e-02,6.006940974517964438e-02,6.004230982060687616e-02
3.651919103787736043e-02,5.675386446947165708e-02,5.673100933479862523e-02
3.664362499346202756e-02,5.463993108319295522e-02,5.461953618688299150e-02
3.653856661412709789e-02,5.636728759655464799e-02,5.634489637992364658e-02
3.653111312578979225e-02,5.800351751006877637e-02,5.797911894095880703e-02
3.656069949201877500e-02,5.790347700038499940e-02,5.787920447422210263e-02
3.652765328619881485e-02,5.661578775929809043e-02,5.659309905438179855e-02
3.650612185681487154e-02,5.626012004233168357e-02,5.623785631285196929e-02
3.650007854406315394e-02,5.608387745931639468e-02,5.606182233498024914e-02
3.649902690204266664e-02,5.581038198099512460e-02,5.578864798568979044e-02
3.649239547693182428e-02,5.582659915925784061e-02,5.580484620983270500e-02
3.649037614224918957e-02,5.555967102982511258e-02,5.553822865801315289e-02
3.648899419640561775e-02,5.563608112776483733e-02,5.561455015499937315e-02
3.648876409734122528e-02,5.548483269717779942e-02,5.546347686779473651e-02
3.648197665162812575e-02,5.538388890681580218e-02,5.536264943862458099e-02
3.648011274449088071e-02,5.522094037449191972e-02,5.519988784905197066e-02
3.647908567308779521e-02,5.490659690487578737e-02,5.488590190407559299e-02
3.648463658470783855e-02,5.483196295652779245e-02,5.481135224309427456e-02
3.647977198292433332e-02,5.487214774332805495e-02,5.485149167596395370e-02
3.647519717691905666e-02,5.507812214086397345e-02,5.505723255870628718e-02
3.646481933309059231e-02,5.501258666303992378e-02,5.499177156887499751e-02
3.645837190723880128e-02,5.487418653522908862e-02,5.485352816504396323e-02
3.645142399481075823e-02,5.476430243566090400e-02,5.474376793611046566e-02
3.644781935581707655e-02,5.488081151582197698e-02,5.486014566151785343e-02
3.644474749660131518e-02,5.480495547760817071e-02,5.478437520840766239e-02
3.644235353794864768e-02,5.485255884083716643e-02,5.483192489049016488e-02
3.643915290255556744e-02,5.471689106829424887e-02,5.469640986152950191e-02
3.643785192507408011e-02,5.437935947383198965e-02,5.435925500678174399e-02
3.643782558994446141e-02,5.421471672245276041e-02,5.419479433442529054e-02
3.644252939455480678e-02,5.441476446362576713e-02,5.439462069765772095e-02
3.644466242488543506e-02,5.416739626553646048e-02,5.414752600519014136e-02
3.642530371887805346e-02,5.424783842662398575e-02,5.422787949791005313e-02
3.641918400991019100e-02,5.435569375595513536e-02,5.433561552891017638e-02
3.640525578741413137e-02,5.438633805083260137e-02,5.436622584173583100e-02
3.639358569891075479e-02,5.442968204750948252e-02,5.440952170796833909e-02
3.638298997867260576e-02,5.444952241189281172e-02,5.442934001542616002e-02
3.637295379488768299e-02,5.448267926223546165e-02,5.446245996873751855e-02
3.636721768977622948e-02,5.432401943555183882e-02,5.430397629250048597e-02
3.636299717163690715e-02,5.437630611803499769e-02,5.435620503776002893e-02
3.635466706850523644e-02,5.450197225102635518e-02,5.448173146755519447e-02
3.635138388029598988e-02,5.432768093601934162e-02,5.430763373941653593e-02
3.634629977385553379e-02,5.410320139501440667e-02,5.408340170551610010e-02
3.634256922231232645e-02,5.408256225817922175e-02,5.406278522218670168e-02
3.633882320481353345e-02,5.396626202117370957e-02,5.394661231326945694e-02
3.633655486848773319e-02,5.408144428374486723e-02,5.406166847434656225e-02
3.632694896779904009e-02,5.405806571257761040e-02,5.403831554154166911e-02
3.631982293551624941e-02,5.423990878617913208e-02,5.421995860970647840e-02
3.631067855480375750e-02,5.433874632866488724e-02,5.431868687849018135e-02
3.630188494059020943e-02,5.435269738774886616e-02,5.433262248137624845e-02
3.629361022264270681e-02,5.436232195949271956e-02,5.434223638555282093e-02
3.629044777216307305e-02,5.433857311728465533e-02,5.431851385896781931e-02
3.628169525388034999e-02,5.449758182998580558e-02,5.447734593823613108e-02
3.627839849708856812e-02,5.471417984023513315e-02,5.469370167823715129e-02
3.627048998342506658e-02,5.463892939974553109e-02,5.461853562521751942e-02
3.626527650380413637e-02,5.459351994150029447e-02,5.457317697776561949e-02
3.625943303816794167e-02,5.462919799904159684e-02,5.460881512055430764e-02
3.625489073734419754e-02,5.455860769899802815e-02,5.453830374277044563e-02
3.624795171839145791e-02,5.458808873452536403e-02,5.456775184236723614e-02
3.624192429307441371e-02,5.453735074881474465e-02,5.451707051857285213e-02
3.623757383358559847e-02,5.455416250531213568e-02,5.453386351212981958e-02
3.623392341424991336e-02,5.448125460508827789e-02,5.446103689787840790e-02
3.623222305881192151e-02,5.467743187500637148e-02,5.465699495199476815e-02
3.623238945362296237e-02,5.495476661019451509e-02,5.493401708738442080e-02
3.623371619923529408e-02,5.473938287213622744e-02,5.471887639495780914e-02
3.622280702560197463e-02,5.458178457787715709e-02,5.456145473165508603e-02
3.620852022926499686e-02,5.405289540919848423e-02,5.403315090524801745e-02
3.619598500451116224e-02,5.407371333344369174e-02,5.405394600473465566e-02
3.618171411535191923e-02,5.383082926936112039e-02,5.381132714596083277e-02
3.616861713558340574e-02,5.333159514447202709e-02,5.331263066367397663e-02
3.615751783873673297e-02,5.315004513393117858e-02,5.313127369242316017e-02
3.615010632484532554e-02,5.284780913253098178e-02,5.282935614004415081e-02
3.614382130991052045e-02,5.278366410450272689e-02,5.276527823128477485e-02
3.613621282476411900e-02,5.246032528904263220e-02,5.244227526973843645e-02
3.613340707872523400e-02,5.222164515096613946e-02,5.220384040823169286e-02
3.612361116740064881e-02,5.211717801445737291e-02,5.209947992301280223e-02
3.611483853731730503e-02,5.211386445359871000e-02,5.209616973800814538e-02
3.610394710127175222e-02,5.237676176060000743e-02,5.235879786889564153e-02
3.609251870980180465e-02,5.193029687896508900e-02,5.191278851174648684e-02
3.609199810863132629e-02,5.186357227346291565e-02,5.184613131597894109e-02
3.609309433816362822e-02,5.152695344795325816e-02,5.150984992819881286e-02
3.609015997055772806e-02,5.183721149573389253e-02,5.181979712194142301e-02
3.608257067408408847e-02,5.192535171179156472e-02,5.190784834646831880e-02
3.607314757351011425e-02,5.197528444255216512e-02,5.195773052792358737e-02
3.606169530494184733e-02,5.197997916998225998e-02,5.196242049765934651e-02
3.605089353286905496e-02,5.221907352492494853e-02,5.220127141271489746e-02
3.604562599750629759e-02,5.240170935606392605e-02,5.238371978003120155e-02
3.603911997817988572e-02,5.203855159305201261e-02,5.202093349036677333e-02
3.602837159224134278e-02,5.209352240239186610e-02,5.207584840184732722e-02
3.602290620490077033e-02,5.258642283337108814e-02,5.256824232678167924e-02
3.601991965062986689e-02,5.258417578182664198e-02,5.256599760599874049e-02
3.602091167483318507e-02,5.274260629653633459e-02,5.272426329931814704e-02
3.602312513652178999e-02,5.264986595751361409e-02,5.263161956202434821e-02
3.601540540656517075e-02,5.256194870254201484e-02,5.254379357110921384e-02
3.600864790976363722e-02,5.233725185102360705e-02,5.231932858597181796e-02
3.600299389292717367e-02,5.233992153176619810e-02,5.232199552350857985e-02
3.599858187456254910e-02,5.221208387444226801e-02,5.219428891065044235e-02
3.599210789183705794e-02,5.208130157596132376e-02,5.206364001254421697e-02
3.598523307219196610e-02,5.196890455829440703e-02,5.195135710774341498e-02
3.597921991326067520e-02,5.145483466017341384e-02,5.143780286377246797e-02
3.597129566519814692e-02,5.123847215847040365e-02,5.122165433434908155e-02
3.595966418623973426e-02,5.117244134214202211e-02,5.115568846053644009e-02
3.595562136096813743e-02,5.127279692941882211e-02,5.125594528004572686e-02
3.594554201564703622e-02,5.129596454640499015e-02,5.127909004093523376e-02
3.593941365428385964e-02,5.108730661594094308e-02,5.107063721883559060e-02
3.593227023043077395e-02,5.080111846894395239e-02,5.078472767831485740e-02
3.592776180904859451e-02,5.095538641392662743e-02,5.093884583123450827e-02
3.592662927984917320e-02,5.110450479330484741e-02,5.108781855379362913e-02
3.592133808842019882e-02,5.080215063743282605e-02,5.078575884760150316e-02
3.592173156275337009e-02,5.080199687035166084e-02,5.078560522938026928e-02
3.592389947902639713e-02,5.073708453278905767e-02,5.072075565164154559e-02
3.591621325250791974e-02,5.062244851797610690e-02,5.060623007976990106e-02
3.591309299852597087e-02,5.074785930144136425e-02,5.073152001392719490e-02
3.590804181359198710e-02,5.065928485263013203e-02,5.064303097994599101e-02
3.590376348789470901e-02,5.043386101511091596e-02,5.041782318079081338e-02
3.589927500240508440e-02,5.023087166317635049e-02,5.021502672096074538e-02
3.590305721788285276e-02,5.029476356443796092e-02,5.027885807627247711e-02
3.590050293971474432e-02,5.020254881598277402e-02,5.018673066414239964e-02
3.590076306559501773e-02,5.010666335001949523e-02,5.009093567132509583e-02
3.590047127949336919e-02,5.030958569913854261e-02,5.029366614304865007e-02
3.589331529361798612e-02,5.019588914114311851e-02,5.018007728425150082e-02
3.588830655973827832e-02,5.028920275619629121e-02,5.027330254374691443e-02
3.588596953265141276e-02,5.055734869469067500e-02,5.054119275281913209e-02
3.588319767968985163e-02,5.035162351899999389e-02,5.033566401901126003e-02
3.588189946289972732e-02,5.046655989032541867e-02,5.045049083799469508e-02
3.587638911068062597e-02,5.041327426842648340e-02,5.039725606776077060e-02
3.587291492397197412e-02,5.024424516753093345e-02,5.022838756490322076e-02
3.587047654362397753e-02,5.018715354564890624e-02,5.017134994340934767e-02
3.586649885968604817e-02,5.018553167459612052e-02,5.016972960461685282e-02
3.586364757114336721e-02,5.006346453816996195e-02,5.004777750690227872e-02
3.586210277681710357e-02,4.996426101632345934e-02,4.994866706422382979e-02
3.586371087843815558e-02,5.008936836311737861e-02,5.007365696636043029e-02
3.586217763779725454e-02,4.988823978438856194e-02,4.987271691057591078e-02
3.585503377210161324e-02,4.986255665363430872e-02,4.984705774410966989e-02
3.584966339239338551e-02,4.964398956239798183e-02,4.962869359494023053e-02
3.584566602969704863e-02,4.958201692416085854e-02,4.956677817483644277e-02
3.584434535110925246e-02,4.925169570330508589e-02,4.923675952693581243e-02
3.583774182156536370e-02,4.922258080828004895e-02,4.920767110726694676e-02
3.582657346704374440e-02,4.917416291629570640e-02,4.915929717431855028e-02
3.580199782484646404e-02,4.862940864137794278e-02,4.861503154507950536e-02
3.576753542478319781e-02,4.690186032084552037e-02,4.688896179904387951e-02
3.572545678935477864e-02,4.780582250530106964e-02,4.779216364560853747e-02
3.571591441082558327e-02,4.766305700918752747e-02,4.764952016685526648e-02
3.569886142121309058e-02,4.714101325954613009e-02,4.712791640256385611e-02
3.568451344414016319e-02,4.936738558274865463e-02,4.935234389512010295e-02
3.568696332142403532e-02,4.928207136739579802e-02,4.926710753580566121e-02
3.568861793727042681e-02,4.927827977716912194e-02,4.926331939946208827e-02
3.567773046811380244e-02,4.958348745685658976e-02,4.956824735147615651e-02
3.566624145279249924e-02,4.965539588710002339e-02,4.964008937281463169e-02
3.565258474250316417e-02,4.930703568036219619e-02,4.929204909472145735e-02
3.565083734623421263e-02,4.952780468081081910e-02,4.951261586743159471e-02
3.564951689972787469e-02,4.939151680882233886e-02,4.937645305062558082e-02
3.564892425520560515e-02,4.939326868592885944e-02,4.937820332461594769e-02
3.564583149537692286e-02,4.949336289383524795e-02,4.947820574869600529e-02
3.564133972851868393e-02,4.923101187332393908e-02,4.921609450882637876e-02
3.564008323658822419e-02,4.907563766299749553e-02,4.906086110596143135e-02
3.563703020191096721e-02,4.907105409503925014e-02,4.905628167832858100e-02
3.563737316822684215e-02,4.903204071364378885e-02,4.901730350638435624e-02
3.563537171517298235e-02,4.908073462916538732e-02,4.906595346713855249e-02
3.563308388924380649e-02,4.922277252031331818e-02,4.920786264506868402e-02
3.562765624245697871e-02,4.915728038390530796e-02,4.914242994938493314e-02
3.562845692847142753e-02,4.921277948829394511e-02,4.919787869297415767e-02
3.562819068611457890e-02,4.919261848944822546e-02,4.917773600169764864e-02
3.562005448387381423e-02,4.883653747852736982e-02,4.882197586974434261e-02
3.560672463553378464e-02,4.834302348594856497e-02,4.832889892722856684e-02
3.558377758308967076e-02,4.742168961427296187e-02,4.740835740452744446e-02
3.556254345809604922e-02,4.668921702057854395e-02,4.667649315808002769e-02
3.556232837250006273e-02,4.465553449637767874e-02,4.464440206500978892e-02
3.558197410111348102e-02,4.460440539096779955e-02,4.459331115780415522e-02
3.556015313281141177e-02,4.454427572690634884e-02,4.453322630425429057e-02
3.554957187917644201e-02,4.446118506940491960e-02,4.445019736967308066e-02
3.555385262809045155e-02,4.421352382634273492e-02,4.420271873425475617e-02
3.555079072431005516e-02,4.447210389011596599e-02,4.446110809261821090e-02
3.554318516370075925e-02,4.445214542599668084e-02,4.444116442735587813e-02
3.553967344036864512e-02,4.420948415835330991e-02,4.419868202792971712e-02
3.554040008316790289e-02,4.438696208900885787e-02,4.437602933018287149e-02
3.554001482918857369e-02,4.424346783447349885e-02,4.423264077218604789e-02
3.554010760584550704e-02,4.395299239207709624e-02,4.394237720130170222e-02
3.553954403971612552e-02,4.415318156906819502e-02,4.414242066031932865e-02
3.553653297025663460e-02,4.411790850914195511e-02,4.410717337189187792e-02
3.553068124094670155e-02,4.401425842289508061e-02,4.400359877711523815e-02
3.552720579333060180e-02,4.397321815229485176e-02,4.396258829928152007e-02
3.552392679255394342e-02,4.393074281149165344e-02,4.392014373450251613e-02
3.551962959910179296e-02,4.392516042329846354e-02,4.391456538667314058e-02
3.551730088531408758e-02,4.384336228217632081e-02,4.383282633086336283e-02
3.551540311334091399e-02,4.363785842535445464e-02,4.362746994560696284e-02
3.551756075362327847e-02,4.363493940212585104e-02,4.362455300712370782e-02
3.551469165605550260e-02,4.351218770401763664e-02,4.350188872505392212e-02
3.551557075410689823e-02,4.356929387457382508e-02,4.355895428946472692e-02
3.551498903258945572e-02,4.357677298799114002e-02,4.356642807685876667e-02
3.551076804979950985e-02,4.329929258668971381e-02,4.328914405261297810e-02
3.550506098355561690e-02,4.325453853773225665e-02,4.324442144208603955e-02
3.550148626349983877e-02,4.342391385068436471e-02,4.341367743065412815e-02
3.549693334259603622e-02,4.326780673570216479e-02,4.325768032632119897e-02
3.549372648529409979e-02,4.319511565914057466e-02,4.318504020593170317e-02
3.548840927097944575e-02,4.310253241230241339e-02,4.309252161170768619e-02
3.548221096560012777e-02,4.296679219152350904e-02,4.295687567987287875e-02
3.547745132553672964e-02,4.269833243594577804e-02,4.268860065666309211e-02
3.546910008246835500e-02,4.278015317699763315e-02,4.277036534055063399e-02
3.546364268930303487e-02,4.233101377036833923e-02,4.232153101236123954e-02
3.545650923614378919e-02,4.214419433007894622e-02,4.213483657877555022e-02
3.545182799068745394e-02,4.192127021701998885e-02,4.191206018749325801e-02
3.545225215600625313e-02,4.200208523396594534e-02,4.199282183300693388e-02
3.545325097412256599e-02,4.194340052774619271e-02,4.193417590347433416e-02
3.544851622685867010e-02,4.208085818358834468e-02,4.207154256173777779e-02
3.544772333460568386e-02,4.229527910864634005e-02,4.228582034739957612e-02
3.544682183196447289e-02,4.226970292009217534e-02,4.226026130903810796e-02
3.544221937719491816e-02,4.239765500379099467e-02,4.238812738607077718e-02
3.543817874793461775e-02,4.232185880838675723e-02,4.231238220203722283e-02
3.543440918005823226e-02,4.234102614185073638e-02,4.233153665299754786e-02
3.543043205392167050e-02,4.220834378015578953e-02,4.219894322911951767e-02
3.542782882608438988e-02,4.220503903864388645e-02,4.219564069566257569e-02
3.542371306598263159e-02,4.223718989008826141e-02,4.222777005080821655e-02
3.542032508900868487e-02,4.205682468556685288e-02,4.204752501697512496e-02
3.541816849146239149e-02,4.204894604899857974e-02,4.203965160622855773e-02
3.541445404912725581e-02,4.207191223351403053e-02,4.206260255205063192e-02
3.541308248657133728e-02,4.226158841477868633e-02,4.225215224059521851e-02
3.540825526409843022e-02,4.226896720199154606e-02,4.225952608397439553e-02
3.540477847754713164e-02,4.218450529395306736e-02,4.217512066286306649e-02
3.540060945409011228e-02,4.205571932475465902e-02,4.204642038946030530e-02
3.539671987274879000e-02,4.210070327130763929e-02,4.209137446269111543e-02
3.539355014192518967e-02,4.215964025638253843e-02,4.215027221164362181e-02
3.538967882685228883e-02,4.216707144564499354e-02,4.215769844594507293e-02
3.539877481672858150e-02,4.237350623071999001e-02,4.236399488511761319e-02
3.539057093529374837e-02,4.215969800906025494e-02,4.215032992581709687e-02
3.538763458413438090e-02,4.220618754710298015e-02,4.219678843679078306e-02
3.538591973675628277e-02,4.187750663046651417e-02,4.186832541729071377e-02
3.538149506878317252e-02,4.173570333741189603e-02,4.172661508226614691e-02
3.537722663748784496e-02,4.173766687842516560e-02,4.172857734039495808e-02
3.537405802392276644e-02,4.172108023090057710e-02,4.171200152595722771e-02
3.537059710790042832e-02,4.150847845344202841e-02,4.149953784181475286e-02
3.536933278802552316e-02,4.135676554351595813e-02,4.134792261440577155e-02
3.536755441250177129e-02,4.141556344504371961e-02,4.140668274297028967e-02
3.536620034897700049e-02,4.153019800838166076e-02,4.152124335373038461e-02
3.536475408842841561e-02,4.137471221573697094e-02,4.136585776869320524e-02
3.536384443702036973e-02,4.122538701564509855e-02,4.121662809935550814e-02
3.536512171595743159e-02,4.111471222870106967e-02,4.110602367141728830e-02
3.536519056822036433e-02,4.117174091360431554e-02,4.116301614886881677e-02
3.535777974775490551e-02,4.113034946671115244e-02,4.112165099133955476e-02
3.535636980031651999e-02,4.100417395025903605e-02,4.099555528805731708e-02
3.535357720255129926e-02,4.117964437985452419e-02,4.117091458929404701e-02
3.534849791939211061e-02,4.099291244402999967e-02,4.098430088153565132e-02
3.534420285652151855e-02,4.082960576289065835e-02,4.082109671770922654e-02
3.533938903632832806e-02,4.080719774788772736e-02,4.079870270574553065e-02
3.533485586783736976e-02,4.068934084314070748e-02,4.068091919829076170e-02
3.533008064620525579e-02,4.032788834490009383e-02,4.031968916132580572e-02
3.532434421617466902e-02,4.059654626295246260e-02,4.058818210900708157e-02
3.531625636099229582e-02,4.025500316921454269e-02,4.024684836384073011e-02
3.531387377981497211e-02,3.993685759297325999e-02,3.992889462477842988e-02
3.531448091280195434e-02,3.985373654554615064e-02,3.984582319747613510e-02
3.531363535144997623e-02,3.985036717118457805e-02,3.984245583014243974e-02
3.531295875787821698e-02,3.966957596881075243e-02,3.966177182238557475e-02
3.530996997123431180e-02,3.952706402000628200e-02,3.951934368582742801e-02
3.530807364792579173e-02,3.963968457639709120e-02,3.963189805932651466e-02
3.530453845640224575e-02,3.967804733228908615e-02,3.967023818477893177e-02
3.530280503342142495e-02,3.977257202707923378e-02,3.976470693181084065e-02
3.530257995319395492e-02,3.974170181830918164e-02,3.973385502394370661e-02
3.529563216271169174e-02,3.964539267996586291e-02,3.963760279842102469e-02
3.529217842018837759e-02,3.978877696816107701e-02,3.978090225467242197e-02
3.528905443970492550e-02,3.969036593022867709e-02,3.968254950661759262e-02
3.528588579103042466e-02,3.954978309543927956e-02,3.954204944043173547e-02
3.528210948960887328e-02,3.949577182066063563e-02,3.948806980891963331e-02
3.528013541292079891e-02,3.970477423948761547e-02,3.969694929972730074e-02
3.527372801722111761e-02,3.962802570575806732e-02,3.962024605765265828e-02
3.527247920652441804e-02,3.968153546014741018e-02,3.967372425280311921e-02
3.527384544766534735e-02,3.950409904393164390e-02,3.949639215921160046e-02
3.527177747262608826e-02,3.961506448425114457e-02,3.960729246766332701e-02
3.527830378752896956e-02,3.970807647039203969e-02,3.970024957794747456e-02
3.527217669130727762e-02,3.954419821940133306e-02,3.953646784037984085e-02
3.526973957456620845e-02,3.970046590367423689e-02,3.969264351104057065e-02
3.526805030908888861e-02,3.990395802928662500e-02,3.989601472561679629e-02
3.526356630780495827e-02,3.974124410100149385e-02,3.973339757777556019e-02
3.525911350178519144e-02,3.950563098314111010e-02,3.949792320172866578e-02
3.525718649322336778e-02,3.954322040924468373e-02,3.953549060369043744e-02
3.525726605173178096e-02,3.958448101647142614e-02,3.957672698754065299e-02
3.525656835445283716e-02,3.959951628602637053e-02,3.959175341757868727e-02
3.525461795821230315e-02,3.949748869303353754e-02,3.948978567676982021e-02
3.525050941034686691e-02,3.934504060884707471e-02,3.933742644826587753e-02
3.525191504395639580e-02,3.923661215391267831e-02,3.922906077415200254e-02
3.525057403829130742e-02,3.939531619126169365e-02,3.938767280306083168e-02
3.524935829243187185e-02,3.953098163650212854e-02,3.952325900641325690e-02
3.524753385881058965e-02,3.964913225952761133e-02,3.964134017327596016e-02
3.524577326048129733e-02,3.942926165174719111e-02,3.942159848717955578e-02
3.524381589733620312e-02,3.953563304669147765e-02,3.952790769004614624e-02
3.524190737233973136e-02,3.932406201336136053e-02,3.931646002657936123e-02
3.523845223779351055e-02,3.913114556319581550e-02,3.912365491727622796e-02
3.523647861669759740e-02,3.915517182906459032e-02,3.914766737616825337e-02
3.523346425369651425e-02,3.905990197663768843e-02,3.905245217209705327e-02
3.523140182495720918e-02,3.895255700890224576e-02,3.894516846056429726e-02
3.523423833019559415e-02,3.878977178571045570e-02,3.878247548821147500e-02
3.523344235212132192e-02,3.898285868097191992e-02,3.897545287518987961e-02
3.522847031492243319e-02,3.896726386571289225e-02,3.895986694486492513e-02
3.522540901836922200e-02,3.894593431273803141e-02,3.893854953258016338e-02
3.522256294272278071e-02,3.907988733312537516e-02,3.907242608672432949e-02
3.522019899716283264e-02,3.916145811800971627e-02,3.915395004982303445e-02
3.522056081844630870e-02,3.920985700382852157e-02,3.920232106221437779e-02
3.521895353675948831e-02,3.912025546487055833e-02,3.911277107149475907e-02
3.521678562257163358e-02,3.884421949517519179e-02,3.883689242799423513e-02
3.521590051955442169e-02,3.901347901507156574e-02,3.900605574309746332e-02
3.521251575043747584e-02,3.883505485168395333e-02,3.882773296970245397e-02
3.521184518484176545e-02,3.897454332941215072e-02,3.896714226206913351e-02
3.520876915594768619e-02,3.892120526813435538e-02,3.891383454702876388e-02
3.520647506442137892e-02,3.884616194612630635e-02,3.883883377962817768e-02
3.520415586649834616e-02,3.872899273635999062e-02,3.872173068462960582e-02
3.520201241956912724e-02,3.858969431050651711e-02,3.858251034142214098e-02
3.519929391516022493e-02,3.858921604821124313e-02,3.858203234624727612e-02
3.519707224965643033e-02,3.874690521157600487e-02,3.873963307827557601e-02
3.519466663457139488e-02,3.855988871897177150e-02,3.855272138415501842e-02
3.519052261571169182e-02,3.845914177633300707e-02,3.845203047744425590e-02
3.518900742102695767e-02,3.841300090171985426e-02,3.840591516877758099e-02
3.518590714947746056e-02,3.815996666857331826e-02,3.815302004917330708e-02
3.518554877348971377e-02,3.836276944883380835e-02,3.835571147862085195e-02
3.518263111679532928e-02,3.836406844367926117e-02,3.835700975643208804e-02
3.518064839614530592e-02,3.823511328620453342e-02,3.822812554448724864e-02
3.517780564810765731e-02,3.806504088606910141e-02,3.805814598165820073e-02
3.517714333248912056e-02,3.788016820807044160e-02,3.787337328314237250e-02
3.517524750718073467e-02,3.786409788645694191e-02,3.785731160643061866e-02
3.517258193449511461e-02,3.789217027875379368e-02,3.788536889260959994e-02
3.517797054248195110e-02,3.800536099404933088e-02,3.799849847109217083e-02
3.517231456055415484e-02,3.796759562105893326e-02,3.796075353656572920e-02
3.516898796241614555e-02,3.771607500094074222e-02,3.770936800409403766e-02
3.516532886342869924e-02,3.786709772652294831e-02,3.786030983330944399e-02
3.516271921135204898e-02,3.790605288461190020e-02,3.789924401978141122e-02
3.516159179974985560e-02,3.778324198191568978e-02,3.777649908644698656e-02
3.515834134465251060e-02,3.781057749385668271e-02,3.780381995183066529e-02
3.515592040828212361e-02,3.768980127446425882e-02,3.768310828534432444e-02
3.515589475244414175e-02,3.753239670555391649e-02,3.752578722774733977e-02
3.515666677968992682e-02,3.751912048354533874e-02,3.751251801751809972e-02
3.515556332419806501e-02,3.749531030443888774e-02,3.748872040124037741e-02
3.515919955917472250e-02,3.770766827668053933e-02,3.770096576398095783e-02
3.515577399277965143e-02,3.760838012339267483e-02,3.760173041971066193e-02
3.515391744817913944e-02,3.757392693623295282e-02,3.756729549234710808e-02
3.515096952489180082e-02,3.744024535872965409e-02,3.743368444804955758e-02
3.514718035345783254e-02,3.745834448640106978e-02,3.745177405565612572e-02
3.514370455099276314e-02,3.717736075923873396e-02,3.717093708954135461e-02
3.514216731616207068e-02,3.731719449275675005e-02,3.731069806257816118e-02
3.513884855431195775e-02,3.720019276464754665e-02,3.719375725194543070e-02
3.513578318508889936e-02,3.701667061953634735e-02,3.701032988933408013e-02
3.513587539762187684e-02,3.680725698323448342e-02,3.680102326524574419e-02
3.513464570295966871e-02,3.696139558564369432e-02,3.695508321948641484e-02
3.513347204076359975e-02,3.678381590465328727e-02,3.677759408977052807e-02
3.513006404931794807e-02,3.699736390469157005e-02,3.699103309124791850e-02
3.512644163906312317e-02,3.686759515687312860e-02,3.686133073003387828e-02
3.512315724987591370e-02,3.686867033744811034e-02,3.686240536249014293e-02
3.512042955027414037e-02,3.678469173501620199e-02,3.677846947566640323e-02
3.511870964957221342e-02,3.684565732183413267e-02,3.683940407180580356e-02
3.511978824870003180e-02,3.696242925026627102e-02,3.695611635446625909e-02
3.511965601377227408e-02,3.687811357205003637e-02,3.687184378161043052e-02
3.511523653485890129e-02,3.682396613067152186e-02,3.681772391870551109e-02
3.511512686280530982e-02,3.669684358465685747e-02,3.669066580089031665e-02
3.511233023614335896e-02,3.665491597051584449e-02,3.664875933884793185e-02
3.510924043458896193e-02,3.650726832964201057e-02,3.650118580037279431e-02
3.510802013426356227e-02,3.645681190964162460e-02,3.645075456677721037e-02
3.510419711509872587e-02,3.642290158879636641e-02,3.641686113387056223e-02
3.510064801838722048e-02,3.570917586544517658e-02,3.570348361354658273e-02
3.510099903932593912e-02,3.593412391736599404e-02,3.592832340642546085e-02
3.510172478194666101e-02,3.579387879703851971e-02,3.578814594037219021e-02
3.509737155745346060e-02,3.549656512193800212e-02,3.549097394536574607e-02
3.509597297373055758e-02,3.542836998369547352e-02,3.542281097183520855e-02
3.509461366139593475e-02,3.518554865032912093e-02,3.518010316485968569e-02
3.509100441156881578e-02,3.515243720697004692e-02,3.514700708129706030e-02
3.509008762772018730e-02,3.494080958229083683e-02,3.493547694500191009e-02
3.508679825949573283e-02,3.497229453964269263e-02,3.496694747299645967e-02
3.508617583594039746e-02,3.489918192913264022e-02,3.489386832964837259e-02
3.508399142876458127e-02,3.497062845286356969e-02,3.496528215042876697e-02
3.508586427063079688e-02,3.498918156916571570e-02,3.498382675258687041e-02
3.508522193113533527e-02,3.491913631200573714e-02,3.491381359233015902e-02
3.507953966054122574e-02,3.490537468050832620e-02,3.490005825172302900e-02
3.507656282501377121e-02,3.484684000518049191e-02,3.484155027912766434e-02
3.507278244885661533e-02,3.478775596131978426e-02,3.478249309776514780e-02
3.507028242870057627e-02,3.464276892392736257e-02,3.463757159284609755e-02
3.506752293147616384e-02,3.458524130449749934e-02,3.458006982373233035e-02
3.506652893810733446e-02,3.445072425502072183e-02,3.444561288523839693e-02
3.506376699536375291e-02,3.443993273275371830e-02,3.443482616503974747e-02
3.506099053926826914e-02,3.453299649675315580e-02,3.452784841802859078e-02
3.505809584316670058e-02,3.446240396953097196e-02,3.445728739904779792e-02
3.505605489179258738e-02,3.439600883836793632e-02,3.439092178510588793e-02
3.505403850560905032e-02,3.432089005304508195e-02,3.431583625811251981e-02
3.505108633204313123e-02,3.433034302973301394e-02,3.432528505754760956e-02
3.505019163242555080e-02,3.419826521157766364e-02,3.419326539594980813e-02
3.504987796274682682e-02,3.397862933942238234e-02,3.397372524387595738e-02
3.504931853762674465e-02,3.377349162137686239e-02,3.376867581671437468e-02
3.505046581769256930e-02,3.399973394162196516e-02,3.399482070194605882e-02
3.504905484518763825e-02,3.380736486083597142e-02,3.380253455085637654e-02
3.504419232420840497e-02,3.378781950735472439e-02,3.378299757070334780e-02
3.503770409374684647e-02,3.355948745239399622e-02,3.355476261850174474e-02
3.503394240241453073e-02,3.358650001706518090e-02,3.358176376417790210e-02
3.503044508964533316e-02,3.324910614565029093e-02,3.324451120456620168e-02
3.502880335057174249e-02,3.338278702722714125e-02,3.337813643735876301e-02
3.502553959042654236e-02,3.326090615800193079e-02,3.325630632276847798e-02
3.502467816894763719e-02,3.296936686104559588e-02,3.296488692986779268e-02
3.502418177300518909e-02,3.275439493518612910e-02,3.275000206994357899e-02
3.501980987538965556e-02,3.293819582996214412e-02,3.293372859406373115e-02
3.501788633632331449e-02,3.290645814516800910e-02,3.290200381065941371e-02
3.501282632477323298e-02,3.287219565682088923e-02,3.286775522212934120e-02
3.501051109004064965e-02,3.289733274721304279e-02,3.289288211758144981e-02
3.500616477093337897e-02,3.302761625517044997e-02,3.302311253587920936e-02
3.500650632827313757e-02,3.310100329067099112e-02,3.309646948157865531e-02
3.500683441237611299e-02,3.302700981141168390e-02,3.302250634020436476e-02
3.500307586408953758e-02,3.306447362974299781e-02,3.305995481506061873e-02
3.500081405745256169e-02,3.284787288979341274e-02,3.284344230494651296e-02
3.499753496352350779e-02,3.301016996417122790e-02,3.300567337846790211e-02
3.499489745578465705e-02,3.300178064848125620e-02,3.299728749039538417e-02
3.499343912334348938e-02,3.311099375895917851e-02,3.310645584328519853e-02
3.499187884615057031e-02,3.317734540869351351e-02,3.317278015625685361e-02
3.499266612316005026e-02,3.325963286804219793e-02,3.325503356107901293e-02
3.499068604386763870e-02,3.312980541028058556e-02,3.312525975535910577e-02
3.499115329105233207e-02,3.334506604591686713e-02,3.334043120381965930e-02
3.499073155847696320e-02,3.305445382587577502e-02,3.304993911825807734e-02
3.498961572152441135e-02,3.315712847832347210e-02,3.315257156683023426e-02
3.498670792670013907e-02,3.300255265114628717e-02,3.299805917770894104e-02
3.498474062442533117e-02,3.289406649563124396e-02,3.288961719158978170e-02
3.498311054281649096e-02,3.268740852967896848e-02,3.268304256225849913e-02
3.498077212758635146e-02,3.257344003377364572e-02,3.256911957669524071e-02
3.498201406254300427e-02,3.278000609793783882e-02,3.277560291963042827e-02
3.498203267205628186e-02,3.250605773136196197e-02,3.250176403227945932e-02
3.497728667627061916e-02,3.240979757971541864e-02,3.240554191423147823e-02
3.497608080204490238e-02,3.248609783197362044e-02,3.248181203785097809e-02
3.497613146190729772e-02,3.246420171131000898e-02,3.245992457779080242e-02
3.497662744544158958e-02,3.255165610949834615e-02,3.254734431510467041e-02
3.497345370303256429e-02,3.223799049227223101e-02,3.223380215048546327e-02
3.497689732945603869e-02,3.207332233781868408e-02,3.206919785227268366e-02
3.497378157386924619e-02,3.219517951794912541e-02,3.219100784067240040e-02
3.497120103856921763e-02,3.213152647885052227e-02,3.212737949719438046e-02
3.496803735928004364e-02,3.220968127932584413e-02,3.220550396208056443e-02
3.496603963846683233e-02,3.226010200673277289e-02,3.225590504051407265e-02
3.496453750477938188e-02,3.218028599458279404e-02,3.217612010434806741e-02
3.496385416127163054e-02,3.209738243644864181e-02,3.209324866148275529e-02
3.496485638287354092e-02,3.214551384762064090e-02,3.214136144762260588e-02
3.496408861725611161e-02,3.200880819275588735e-02,3.200470854693582973e-02
3.496043754055153802e-02,3.202016421084764863e-02,3.201606019990283630e-02
3.495767689333774408e-02,3.195939918641793609e-02,3.195531849684088432e-02
3.495864687111829155e-02,3.207456300011089084e-02,3.207043803590034492e-02
3.495798931335443449e-02,3.184376460058267050e-02,3.183972804669403522e-02
3.495728639866450826e-02,3.183983492146830879e-02,3.183579986185199051e-02
3.495622641614817838e-02,3.202156656851683214e-02,3.201746201830400762e-02
3.495349010855165056e-02,3.213422324213000697e-02,3.213007521618355122e-02
3.495236855589926861e-02,3.215022138283588071e-02,3.214606715821996530e-02
3.495027978553226500e-02,3.199780136045717732e-02,3.199370594257821415e-02
3.495011783651086335e-02,3.189505166513997847e-02,3.189099557537043023e-02
3.494796664239864514e-02,3.189839469876779715e-02,3.189433733341224403e-02
3.494725615219569648e-02,3.210122023015997417e-02,3.209708497215416068e-02
3.494710272126341777e-02,3.214506886284752146e-02,3.214091663530344034e-02
3.494657062197666086e-02,3.215233058267503302e-02,3.214817554034914149e-02
3.494587244689051353e-02,3.222548432263470236e-02,3.222130085355098816e-02
3.494640805570782549e-02,3.207835793085411086e-02,3.207423150226050568e-02
3.494368045574054726e-02,3.219396024574886633e-02,3.218978904243025019e-02
3.493948203254686191e-02,3.224033977204346368e-02,3.223615051449812974e-02
3.494002987246058733e-02,3.244362934006069649e-02,3.243936033294127913e-02
3.493956097560672186e-02,3.216812786174715749e-02,3.216396669169956091e-02
3.493628919673853750e-02,3.224413211599402862e-02,3.223994137989780878e-02
3.493352938720589718e-02,3.205299604570886751e-02,3.204887939714545775e-02
3.493385478182305104e-02,3.214633911600280058e-02,3.214218639618438011e-02
3.493274875080533415e-02,3.202211772092414949e-02,3.201801295875853631e-02
3.493161573742965820e-02,3.220988341980878661e-02,3.220570602391521764e-02
3.492991798106187540e-02,3.206980343974484560e-02,3.206568031166213278e-02
3.492692896415501569e-02,3.186947017005997695e-02,3.186542383245433846e-02
3.492705125797406635e-02,3.180692048992733029e-02,3.180289793163817297e-02
3.492611953342059095e-02,3.191754725465341391e-02,3.191348257617983991e-02
3.492464908704789872e-02,3.179023192358990113e-02,3.178621569396233165e-02
3.492287207610956373e-02,3.174418501365374595e-02,3.174018621153973374e-02
3.492180808069089704e-02,3.158693270638954914e-02,3.158299303985305506e-02
3.492048676050566597e-02,3.130201382781096914e-02,3.129817981598817522e-02
3.491871567763105144e-02,3.127984457529477125e-02,3.127601870419664809e-02
3.491657090154365317e-02,3.130196651904368355e-02,3.129813252460223599e-02
3.491681235528440452e-02,3.124281425234950657e-02,3.123900195337713653e-02
3.491834416925303219e-02,3.124433172427891481e-02,3.124051886976952214e-02
3.491327559518450641e-02,3.123863742365516963e-02,3.123482665353543089e-02
3.491025042494208530e-02,3.127814941794911791e-02,3.127432416885465166e-02
3.490781156673421204e-02,3.123058539663004993e-02,3.122677757264360338e-02
3.490573510771335930e-02,3.110404887577034039e-02,3.110028715069491911e-02
3.490415408740311226e-02,3.113547556411225617e-02,3.113170242481134650e-02
3.490062266019415549e-02,3.111626925756244555e-02,3.111250309676026615e-02
3.489878059691732537e-02,3.073282908549154410e-02,3.072920045058046001e-02
3.489802128790324420e-02,3.099567802742869346e-02,3.099195548620330837e-02
3.489503470678427532e-02,3.110696435930573184e-02,3.110320157627875087e-02
3.489221784541676752e-02,3.101614338546357721e-02,3.101241346547850206e-02
3.488931818113180650e-02,3.089519282863955468e-02,3.089150637603071611e-02
3.488719900566650961e-02,3.086429248683262433e-02,3.086061708481232027e-02
3.488391217800295568e-02,3.082308757669478816e-02,3.081942687597710034e-02
3.487853779225415923e-02,3.059153485860593644e-02,3.058795604384716843e-02
3.487420036396823853e-02,3.029956350150861399e-02,3.029608618637245204e-02
3.487162495679427959e-02,3.043930962028804782e-02,3.043578396734647473e-02
3.486965873225650325e-02,3.038112197406255682e-02,3.037761650213374742e-02
3.486433036873613778e-02,2.999824307259850095e-02,2.999486847571054132e-02
3.485995673365259451e-02,2.993912319209876896e-02,2.993576850840901429e-02
3.485484908055465347e-02,2.987319443032056612e-02,2.986986186067262794e-02
3.485911210133083721e-02,3.040888969100820696e-02,3.040537459813105747e-02
3.485488435305369309e-02,2.986967672357596429e-02,2.986634533111220610e-02
3.485478521983297745e-02,2.972172987636576003e-02,2.971844774286476823e-02
3.485201751968845796e-02,2.958698221095935887e-02,2.958374451704229649e-02
3.485153829147189658e-02,2.927551631310465474e-02,2.927237980100846557e-02
3.485170819552105975e-02,2.917807991055753128e-02,2.917497461278072482e-02
3.485022863350142192e-02,2.920620884041349313e-02,2.920309455272934382e-02
3.484663985645319872e-02,2.914490410229907125e-02,2.914180938513713515e-02
3.484524097655029157e-02,2.922700881967586414e-02,2.922388787326265364e-02
3.484324353651402362e-02,2.908500328448069064e-02,2.908192761029267798e-02
3.484147199569486569e-02,2.895627744532509873e-02,2.895324242949436425e-02
3.484122230195359216e-02,2.890263967262341957e-02,2.889962149208742670e-02
3.484132842601066204e-02,2.867274107846517345e-02,2.866979435101690149e-02
3.484062001496538580e-02,2.895842382878595356e-02,2.895538813796717792e-02
3.483941036792294332e-02,2.887644714832478254e-02,2.887343716614865913e-02
3.483861848170516362e-02,2.895488023975918354e-02,2.895184566325695666e-02
3.483813222232719220e-02,2.895693642767795464e-02,2.895390120462376995e-02
3.483708097149727789e-02,2.889651326285716179e-02,2.889349700123843359e-02
3.483585289171151067e-02,2.873590076666848389e-02,2.873293452266314357e-02
3.483782722364192619e-02,2.866951136626819108e-02,2.866656563450021775e-02
3.483703658447189627e-02,2.870686473721471496e-02,2.870390747609867857e-02
3.483302078775170341e-02,2.899293310380107389e-02,2.898988654690790728e-02
3.483021415819247124e-02,2.904037806819867798e-02,2.903731652984338149e-02
3.482826405718232599e-02,2.918600601394460287e-02,2.918289818476264494e-02
3.482639439007942372e-02,2.942465850822962789e-02,2.942147381348764537e-02
3.482572337049482519e-02,2.944310272898263692e-02,2.943991204148994206e-02
3.482426195490892495e-02,2.936072046009319952e-02,2.935755648148461600e-02
3.482235565645073333e-02,2.941141271262750004e-02,2.940823231696868684e-02
3.482045609391343222e-02,2.940222345348891125e-02,2.939904603804924590e-02
3.481924464927461937e-02,2.942191916397413759e-02,2.941873535864066719e-02
3.481731263551472721e-02,2.950383814817557002e-02,2.950062767390540172e-02
3.481822479507002549e-02,2.966746086838148791e-02,2.966419668130878054e-02
3.481723092124586194e-02,2.945283272294404314e-02,2.944963887104518063e-02
3.481629612892356285e-02,2.942958720622752475e-02,2.942640091083260218e-02
3.481761363678906318e-02,2.968134079567753478e-02,2.967807202483484230e-02
3.481551799576698691e-02,2.947063516763089031e-02,2.946743552055808291e-02
3.481279172220204388e-02,2.930466537151165535e-02,2.930151948085017721e-02
3.481108864663497171e-02,2.896697100492181404e-02,2.896393262522915790e-02
3.481011373731116715e-02,2.876753378875462897e-02,2.876455773772038094e-02
3.480802139298875414e-02,2.873508143628944120e-02,2.873211544599599959e-02
3.480628472627778081e-02,2.871988082475056270e-02,2.871691953909193476e-02
3.480640376233542360e-02,2.851009552212626502e-02,2.850719865820644863e-02
3.480607373944236138e-02,2.874458481570696042e-02,2.874161588157654254e-02
3.480504069661117389e-02,2.885462786524822798e-02,2.885162470126885828e-02
3.480761311241176159e-02,2.893528155650840900e-02,2.893225313808302224e-02
3.480430821120555906e-02,2.881931458121566106e-02,2.881632243025352216e-02
3.480287365887980988e-02,2.871722531063125930e-02,2.871426484634803655e-02
3.480129950377085224e-02,2.877493340784660625e-02,2.877195505964110292e-02
3.480037084010474679e-02,2.853192682943186953e-02,2.852902330544899653e-02
3.480211733509946254e-02,2.850213194052235097e-02,2.849923750350099108e-02
3.480067081616983193e-02,2.843764078853006430e-02,2.843476595528822426e-02
3.480071845734248465e-02,2.870331523451359265e-02,2.870035907027077005e-02
3.479989903170037369e-02,2.853834435493016533e-02,2.853543887123064643e-02
3.480070886895176435e-02,2.846079623570311329e-02,2.845791437397891463e-02
3.480117494935863753e-02,2.865493750630804942e-02,2.865199626471455138e-02
3.479750910099096289e-02,2.845183929410103826e-02,2.844896015247571144e-02
3.479685324316396378e-02,2.850103942768655169e-02,2.849814532351049867e-02
3.479620352675516504e-02,2.848119082576591743e-02,2.847830276408566327e-02
3.479573762878515608e-02,2.844461125947778460e-02,2.844173431165767860e-02
3.479496525149019387e-02,2.817506203010983548e-02,2.817226610068340048e-02
3.479301213805129772e-02,2.806443477222650418e-02,2.806167164874643141e-02
3.479239442660355536e-02,2.802195096767675503e-02,2.801920037403029390e-02
3.479188961544778247e-02,2.790043017678679044e-02,2.789771521423692335e-02
3.479184586821232328e-02,2.788958518999478178e-02,2.788687339226234366e-02
3.479003581405330781e-02,2.767831091198277513e-02,2.767566027923109087e-02
3.478969502958222104e-02,2.760864555944508511e-02,2.760601489165790540e-02
3.479065417504679375e-02,2.758374799268272295e-02,2.758112443573453726e-02
3.479170880293947637e-02,2.753609518548506829e-02,2.753348520260214330e-02
3.478850556654358023e-02,2.781743457595656221e-02,2.781474377084448835e-02
3.478567942298956689e-02,2.778792686614172530e-02,2.778524461514259719e-02
3.478389688187685791e-02,2.766895092530640213e-02,2.766630298083021591e-02
3.478244186107459779e-02,2.766215015285568637e-02,2.765950416048530008e-02
3.478097291708258376e-02,2.777218286454517446e-02,2.776950517020984263e-02
3.477963848526922919e-02,2.769475257577886859e-02,2.769209721641656061e-02
3.477836983872267806e-02,2.746703758165365897e-02,2.746444718685508643e-02
3.477773965363785413e-02,2.749039305992694721e-02,2.748779605138395796e-02
3.477647375120565543e-02,2.741389851162947394e-02,2.741132312275903343e-02
3.477403053454958259e-02,2.718207641025044419e-02,2.717956580774589723e-02
3.477196151547290448e-02,2.708049400992264613e-02,2.707801145040681506e-02
3.476990561716443440e-02,2.694377068263904829e-02,2.694132553638895616e-02
3.476976966005734804e-02,2.675317324432326463e-02,2.675077962353231142e-02
3.476701747465447967e-02,2.677166872922010638e-02,2.676927014044330755e-02
3.476639134190100122e-02,2.665157515076991765e-02,2.664920869747049517e-02
3.476478125054330987e-02,2.672714782953114140e-02,2.672476118768819450e-02
3.476252315568940932e-02,2.678842234299931568e-02,2.678601924819263430e-02
3.475990985548559065e-02,2.680936992913277375e-02,2.680696119234638949e-02
3.475550907337701667e-02,2.680601014372367003e-02,2.680360231243780061e-02
3.475108065855250783e-02,2.677087752248753436e-02,2.676847914637995804e-02
3.476118187336850462e-02,2.595522527167555549e-02,2.595303951048691382e-02
3.475317088680508759e-02,2.679082606561972169e-02,2.678842232383884733e-02
3.474851083565201615e-02,2.699941092233206288e-02,2.699695059627479909e-02
3.474528760049017118e-02,2.695202822699186221e-02,2.694958083186936582e-02
3.474548512054508043e-02,2.698230712393738170e-02,2.697985147080127558e-02
3.474471907256854175e-02,2.697587694869445565e-02,2.697342305083326452e-02
3.474472368871234229e-02,2.692654819564747892e-02,2.692410773535910615e-02
3.474458254798543089e-02,2.708574737588444539e-02,2.708326337126349542e-02
3.474408537410977882e-02,2.718968114613942028e-02,2.718716843580588557e-02
3.474556652435115134e-02,2.747328497260738411e-02,2.747069280979205080e-02
3.474374145678210679e-02,2.725196607969392407e-02,2.724943606122228607e-02
3.474417633460896715e-02,2.735413750395983973e-02,2.735157892159760518e-02
3.474480134211921367e-02,2.735211390745257223e-02,2.734955589290684330e-02
3.474170252808790604e-02,2.708244298701113426e-02,2.707995989143363591e-02
3.474315879412635810e-02,2.702007358756663979e-02,2.701760760834871419e-02
3.474186965563060003e-02,2.704515415240298093e-02,2.704268129967337189e-02
3.474070959262931524e-02,2.691994040622371076e-02,2.691750174222159661e-02
3.473906174354497722e-02,2.684264022209078421e-02,2.684022250620149083e-02
3.473823618298549354e-02,2.671836664925755778e-02,2.671598235908895919e-02
3.473796192310795589e-02,2.648794453706318844e-02,2.648562140535358489e-02
3.473698835740360313e-02,2.659154710646919120e-02,2.658919660771032201e-02
3.473606436852298696e-02,2.655419743544425518e-02,2.655185682739292022e-02
3.473458983008763379e-02,2.665908344457258716e-02,2.665671499059651603e-02
3.473433872706745834e-02,2.681926813021361447e-02,2.681685672438647444e-02
3.473442640995832303e-02,2.677561019227014949e-02,2.677321054391221603e-02
3.473547385428582546e-02,2.682729914111321029e-02,2.682488556829678086e-02
3.473364395116559922e-02,2.676501933809821709e-02,2.676262253618051298e-02
3.473159448548408801e-02,2.673470055702264689e-02,2.673231189124298038e-02
3.473215143711532588e-02,2.656358533432453747e-02,2.656124224284876767e-02
3.473246963763688966e-02,2.681016979934761069e-02,2.680776084695162334e-02
3.473047594954187245e-02,2.658530719860375049e-02,2.658295835420382627e-02
3.472841304385815980e-02,2.655252461139650036e-02,2.655018444568222821e-02
3.472689850444563714e-02,2.643852397985055336e-02,2.643621382758386262e-02
3.472563433941489031e-02,2.632474876875784062e-02,2.632246831363500850e-02
3.472498633304946236e-02,2.650167251546168071e-02,2.649934576972606468e-02
3.472396816655455576e-02,2.635336202695686553e-02,2.635107412742846225e-02
3.472527338102877892e-02,2.650763527862984303e-02,2.650530696198049804e-02
3.472491671539817970e-02,2.644112250114417223e-02,2.643881166764078944e-02
3.472441780550997864e-02,2.628173464723594643e-02,2.627946535282525697e-02
3.472355060039128416e-02,2.640739780259566266e-02,2.640509580021940458e-02
3.472481433152127539e-02,2.624596878506802594e-02,2.624370874293728562e-02
3.472485646883577415e-02,2.641524109880071317e-02,2.641293704459572733e-02
3.472119065981298103e-02,2.632259872637044903e-02,2.632031882997573624e-02
3.472085753440484757e-02,2.648927316484426045e-02,2.648694968352512114e-02
3.472015809724907087e-02,2.648312141169228626e-02,2.648079954881536052e-02
3.471924863009814843e-02,2.632987330128126746e-02,2.632759151407693815e-02
3.471875564217886262e-02,2.613582343266974972e-02,2.613359172596691274e-02
3.472081654759280600e-02,2.624671039949753870e-02,2.624445016577258913e-02
3.471825174527393143e-02,2.624382104432503027e-02,2.624156155697737400e-02
3.471629929391242819e-02,2.615127148321149536e-02,2.614903581678264949e-02
3.471572365464607041e-02,2.619340708801812245e-02,2.619116059736929791e-02
3.471562866838309031e-02,2.627676268926908143e-02,2.627449468257070722e-02
3.471679712425135983e-02,2.599104875770823914e-02,2.598885393339289002e-02
3.471603742236301082e-02,2.627126846764920448e-02,2.626900188335874742e-02
3.471609572222394274e-02,2.636535655212648641e-02,2.636306552711928722e-02
3.471408520431743666e-02,2.624228820259904074e-02,2.624002911116727135e-02
3.471409926198554263e-02,2.636101148400705335e-02,2.635872159154731276e-02
3.471390162981496941e-02,2.623939308629141820e-02,2.623713474248627955e-02
3.471170006711644246e-02,2.602136156949825738e-02,2.601915905667532072e-02
3.470991150451289975e-02,2.605943943175936112e-02,2.605722723548994230e-02
3.470909437570499773e-02,2.604938300102168855e-02,2.604717336491344307e-02
3.470820648290594973e-02,2.607148552618620066e-02,2.606927026062016636e-02
3.470793960767520892e-02,2.593232182098540242e-02,2.593014184115334866e-02
3.470653586782054129e-02,2.577695164284850987e-02,2.577481061299886911e-02
3.470528048808452226e-02,2.547659926956782200e-02,2.547453221471059071e-02
3.470622568555130349e-02,2.536574341811662428e-02,2.536370322975798827e-02
3.470539164149528955e-02,2.549199355727417918e-02,2.548992275299236804e-02
3.470286441399210442e-02,2.545661543715354441e-02,2.545455324280939541e-02
3.470197803560828159e-02,2.532731848852029510e-02,2.532528755801569109e-02
3.470093896881167039e-02,2.545291055931290375e-02,2.545084926525028116e-02
3.470354545265513790e-02,2.557643395965401509e-02,2.557434250839720272e-02
3.470080488003247920e-02,2.549053844552518974e-02,2.548846799584487607e-02
3.470011838170268537e-02,2.531037766597355951e-02,2.530835080818464450e-02
3.469895008032847922e-02,2.527536852208010082e-02,2.527335006348626137e-02
3.469860020942735351e-02,2.523015712204092903e-02,2.522814947594834156e-02
3.469776467072765991e-02,2.508791090196518109e-02,2.508593702265221603e-02
3.469744460222397298e-02,2.516919511512883192e-02,2.516720198711004663e-02
3.469617569728396245e-02,2.507910275094358404e-02,2.507713095000064021e-02
3.469522467763951068e-02,2.490463103309266055e-02,2.490270010016951488e-02
3.469895537097051480e-02,2.481165390447949079e-02,2.480974451787592780e-02
3.469565630507547016e-02,2.489087930653023639e-02,2.488895157057543356e-02
3.469402493168483731e-02,2.509367681938413225e-02,2.509170157876187621e-02
3.469168616135354100e-02,2.499397427067715644e-02,2.499202248139537411e-02
3.469239996886542415e-02,2.476215094346678747e-02,2.476025296292238762e-02
3.469212731666133920e-02,2.504116218004970307e-02,2.503919931484085981e-02
3.469000333746120879e-02,2.500013392628113937e-02,2.499818069359485001e-02
3.468890750221267916e-02,2.501801549121528134e-02,2.501605806420864608e-02
3.468906499690458528e-02,2.500350836155099815e-02,2.500155433781355366e-02
3.468940181382296900e-02,2.495872518023562608e-02,2.495678163738269256e-02
3.468774000987347172e-02,2.509054741930012364e-02,2.508857291759806346e-02
3.468921212943381488e-02,2.519152291936894300e-02,2.518952448215925136e-02
3.468793411014904626e-02,2.505224665220793026e-02,2.505028117918453937e-02
3.468700438047396528e-02,2.517512271373247013e-02,2.517312817715103290e-02
3.468637149552754317e-02,2.522324882782019800e-02,2.522124283047073173e-02
3.468653042039965273e-02,2.512838038979585062e-02,2.512639694257335146e-02
3.468566723907297311e-02,2.521653677503059646e-02,2.521453237869459088e-02
3.468547676932590140e-02,2.515867648503894091e-02,2.515668585492993742e-02
3.468580168751272258e-02,2.515654771825420397e-02,2.515455759343150285e-02
3.468676880958403153e-02,2.531106691488467508e-02,2.530903989149407146e-02
3.468634707645336379e-02,2.504379987311321221e-02,2.504183638754371374e-02
3.468582536999778587e-02,2.527423517098288316e-02,2.527221698390345883e-02
3.468418496070044266e-02,2.508282686316993040e-02,2.508085418367347538e-02
3.468416892003417518e-02,2.490995271902885638e-02,2.490802054799684875e-02
3.468564947793108949e-02,2.506947024866778423e-02,2.506750071893007470e-02
3.468487398057974735e-02,2.496857593097208047e-02,2.496663008588944493e-02
3.468195947087885506e-02,2.480329528228596841e-02,2.480138782481186924e-02
3.468178619307465266e-02,2.461887226954974708e-02,2.461700704582845539e-02
3.468369020618300436e-02,2.467246592119138118e-02,2.467058848921073813e-02
3.468140071724262752e-02,2.471333518388107650e-02,2.471144840645675064e-02
3.468019489335953665e-02,2.470341316434147144e-02,2.470152865859662553e-02
3.467979985717488389e-02,2.475857277288198710e-02,2.475667561501110683e-02
3.468127565513008659e-02,2.467177060553234214e-02,2.466989333228021553e-02
3.467946891575769686e-02,2.481849199239842887e-02,2.481658102665205978e-02
3.467900737836887570e-02,2.491226045350810117e-02,2.491032774541081934e-02
3.467974593304729708e-02,2.469793374753011944e-02,2.469605049554170553e-02
3.467985180451209348e-02,2.494981519673269282e-02,2.494787373465942593e-02
3.467824189654684919e-02,2.469619583310369085e-02,2.469431297864531014e-02
3.467784133080008269e-02,2.483009077378438637e-02,2.482817712747632452e-02
3.467812181346199840e-02,2.476435523734721311e-02,2.476245674987189935e-02
3.467897922723990611e-02,2.485033101392443433e-02,2.484841268397337474e-02
3.467596573041580033e-02,2.482596592898999796e-02,2.482405323625165583e-02
3.467506761165536910e-02,2.497280063161232827e-02,2.497085379863119362e-02
3.467450347359670587e-02,2.501729002936288818e-02,2.501533277263849261e-02
3.467486108077973139e-02,2.498792503322080569e-02,2.498597466079542986e-02
3.467408160485876967e-02,2.496400554975169994e-02,2.496206077305751850e-02
3.467442558545580367e-02,2.493844387145262992e-02,2.493650506280722934e-02
3.467377782608020709e-02,2.499170198574359597e-02,2.498975072877842804e-02
3.467366027960983033e-02,2.498022150584503984e-02,2.497827293676449165e-02
3.467459683028636941e-02,2.519524546545559227e-02,2.519324614215780189e-02
3.467261473180049264e-02,2.495093633820609849e-02,2.494899461440362037e-02
3.467161996908198207e-02,2.470443390524703145e-02,2.470254916589201613e-02
3.467229529403859090e-02,2.491587905483441667e-02,2.491394550438116168e-02
3.467227238756866170e-02,2.469164440646954423e-02,2.468976259285893607e-02
3.466997505547137620e-02,2.455617635037747604e-02,2.455432534102809997e-02
3.466985344558180804e-02,2.432140398238174378e-02,2.431960555877531183e-02
3.466967069285141478e-02,2.411377338016828728e-02,2.411202062472349306e-02
3.466987857311271126e-02,2.409522079634995526e-02,2.409347208348433869e-02
3.466958856347283902e-02,2.410900797553590033e-02,2.410725625907253478e-02
3.466985670405645092e-02,2.398003890595244020e-02,2.397831515201370028e-02
3.467046394538391557e-02,2.414884431085720373e-02,2.414708389651908094e-02
3.466752235816066008e-02,2.409187360790415039e-02,2.409012562372985639e-02
3.466621094366276190e-02,2.417963783454906215e-02,2.417787067703350973e-02
3.466455964634092279e-02,2.401456897562887285e-02,2.401283776442080659e-02
3.466365401005207930e-02,2.398036144855887966e-02,2.397863762504821167e-02
3.466330696973726755e-02,2.389435514760557266e-02,2.389264980573982400e-02
3.466303835253781163e-02,2.386066399860817949e-02,2.385896586035208058e-02
3.466184853753614958e-02,2.386846984062422281e-02,2.386677003519441231e-02
3.466048441818314618e-02,2.373866969489640127e-02,2.373699747093638984e-02
3.465933872247866504e-02,2.353010665520081923e-02,2.352847812158899779e-02
3.465872010732809483e-02,2.352354793482739140e-02,2.352192076265042023e-02
3.465858516446206072e-02,2.335221080501633656e-02,2.335061893052554904e-02
3.465767076840210043e-02,2.320467741748920287e-02,2.320311552463637239e-02
3.465696538189155795e-02,2.322946956415599881e-02,2.322790265960680833e-02
3.465697113055971057e-02,2.336415359279630719e-02,2.336255927464807314e-02
3.465860173507358255e-02,2.314370451538642903e-02,2.314215490264691713e-02
3.465390160340782455e-02,2.336350292415007371e-02,2.336190873919907068e-02
3.465174235199370428e-02,2.354175716627436923e-02,2.354012621237974723e-02
3.465122709292389747e-02,2.353392869743664920e-02,2.353229937009080827e-02
3.465092543011005083e-02,2.364090321215069762e-02,2.363925156459926666e-02
3.465136997918448480e-02,2.359022301699906926e-02,2.358858196910308680e-02
3.465122042827768756e-02,2.362706936795782448e-02,2.362542061823460354e-02
3.465107988990176469e-02,2.356985705860128663e-02,2.356822025738707083e-02
3.465085113352657509e-02,2.358361320669042152e-02,2.358197353785261574e-02
3.464981889133125076e-02,2.376720215395558555e-02,2.376552389285997713e-02
3.464952056323000740e-02,2.396571927931630611e-02,2.396399861159376546e-02
3.464814975972957400e-02,2.385892849024680989e-02,2.385723072250469853e-02
3.464616982942722578e-02,2.380358253267337090e-02,2.380189655286667205e-02
3.464540457256198858e-02,2.389163915134658381e-02,2.388993439095087046e-02
3.464393062747032903e-02,2.376202119302313343e-02,2.376034402922353947e-02
3.464370715983715321e-02,2.387153522143704507e-02,2.386983476099434343e-02
3.464285742263554374e-02,2.374524737323983198e-02,2.374357375880040491e-02
3.464272853530936391e-02,2.356971060716728239e-02,2.356807383647013462e-02
3.464282216015804328e-02,2.373602436613075906e-02,2.373435270115941895e-02
3.464293307238471009e-02,2.358766379706727506e-02,2.358602328321178845e-02
3.464227228559946248e-02,2.357736481322695796e-02,2.357572644735563688e-02
3.464240217461336813e-02,2.365000440558121669e-02,2.364835084970113438e-02
3.464090461143322364e-02,2.355470202295938814e-02,2.355306837710296683e-02
3.464160405582800140e-02,2.339325189219976231e-02,2.339165160968210630e-02
3.464142235696585775e-02,2.361955520291311728e-02,2.361790802579010959e-02
3.463850943309607078e-02,2.344255358850694942e-02,2.344094316654852725e-02
3.463750094456853612e-02,2.355519591896634152e-02,2.355356217034081448e-02
3.463618234639474769e-02,2.341791771030017622e-02,2.341631236032162139e-02
3.463592303674331574e-02,2.334951745033129328e-02,2.334792612659165878e-02
3.463550508439012382e-02,2.344023339539205719e-02,2.343862345156969354e-02
3.463667786365789980e-02,2.333015723557683996e-02,2.332856986696499324e-02
3.463494086150453732e-02,2.345528213980345097e-02,2.345366909312852563e-02
3.463518567842217843e-02,2.346154623505503772e-02,2.345993189564156770e-02
3.463456608289737504e-02,2.337572496559492397e-02,2.337412827740562374e-02
3.463532189086998558e-02,2.352043623127314173e-02,2.351880970476353042e-02
3.463499102436921190e-02,2.329827068428360834e-02,2.329668981555558724e-02
3.463601529078541574e-02,2.333158494746463002e-02,2.332999728741806666e-02
3.463467149259396444e-02,2.347692898620279064e-02,2.347531146926774143e-02
3.463295800459366414e-02,2.327454577755775841e-02,2.327296973348151263e-02
3.463153397148804880e-02,2.322296155469733350e-02,2.322139596676062179e-02
3.463263511416460327e-02,2.337208677379033414e-02,2.337049083102290398e-02
3.463167182589671489e-02,2.319472611869122583e-02,2.319316623446818909e-02
3.463120944392875100e-02,2.323988368509948693e-02,2.323831467215738827e-02
3.463047274801984987e-02,2.307841904170909036e-02,2.307688250609364958e-02
3.462999532451485618e-02,2.289012883490256292e-02,2.288862960253573720e-02
3.462913335624050182e-02,2.272580891596403738e-02,2.272434174039250979e-02
3.462895466207688289e-02,2.263119438228793079e-02,2.262974545584366809e-02
3.462822094678316698e-02,2.258264567544077117e-02,2.258120605395444111e-02
3.462828430866515816e-02,2.256815994267800940e-02,2.256672308983852931e-02
3.462733525323073019e-02,2.256373850346048496e-02,2.256230249496513074e-02
3.462852373509786585e-02,2.231532447883910128e-02,2.231393538000104107e-02
3.462767983309911202e-02,2.251778515709956796e-02,2.251635790466188433e-02
3.462578243948984114e-02,2.270421487213375791e-02,2.270275187500944009e-02
3.462583634873713651e-02,2.259740055199510947e-02,2.259595810677322500e-02
3.462636137717788054e-02,2.269460138238336630e-02,2.269314024291149701e-02
3.462450140109949587e-02,2.280588939909242857e-02,2.280440665851978313e-02
3.462437448103915238e-02,2.284004199520466363e-02,2.283855258314143252e-02
3.462481433684821280e-02,2.284466221956501022e-02,2.284317190343073886e-02
3.462426143290801145e-02,2.280335083467814605e-02,2.280186858918610213e-02
3.462377699191251934e-02,2.304689644482970853e-02,2.304536619695811070e-02
3.462374244990572975e-02,2.323757437685250449e-02,2.323600583161545760e-02
3.462217277358932421e-02,2.308189228459836193e-02,2.308035505511695992e-02
3.462185579694331689e-02,2.299726233029448022e-02,2.299574194805617880e-02
3.462059350730060936e-02,2.296757441721502396e-02,2.296605991563635887e-02
3.462049438948497371e-02,2.296518707517496150e-02,2.296367304584302077e-02
3.462155627190044438e-02,2.309552960326536827e-02,2.309398964741771892e-02
3.462065019910139096e-02,2.294302724974848010e-02,2.294151759907614441e-02
3.461925262678311466e-02,2.287717441138246641e-02,2.287567772305881819e-02
3.461882931099232591e-02,2.271774231034627556e-02,2.271627669660223128e-02
3.461787817470328432e-02,2.265377790488477816e-02,2.265232463638803401e-02
3.461794118136454768e-02,2.265921264839585239e-02,2.265775833367535477e-02
3.461743894017030310e-02,2.272900661307786577e-02,2.272753881808882437e-02
3.461700141004758757e-02,2.274888962575526835e-02,2.274741797528985476e-02
3.461609858464891054e-02,2.272935540575980046e-02,2.272788754318505466e-02
3.461566075947837551e-02,2.294007077997676364e-02,2.293856171285891740e-02
3.461481297843325977e-02,2.287883945047227557e-02,2.287734243531405753e-02
3.461617071912150706e-02,2.284401892060455852e-02,2.284252873036690321e-02
3.461401958235370974e-02,2.282915167708585852e-02,2.282766439454997354e-02
3.461391556612559983e-02,2.280334453204363454e-02,2.280186228778117996e-02
3.461307946592448448e-02,2.254578127427662657e-02,2.254434869163949792e-02
3.461322535184814531e-02,2.254799091917198545e-02,2.254655791527545444e-02
3.461248542618129698e-02,2.248596260014372461e-02,2.248454139034706742e-02
3.461239468002200864e-02,2.252869371137565524e-02,2.252726438363544109e-02
3.461286517457769218e-02,2.253105240394541811e-02,2.252962262721941097e-02
3.461292014714561355e-02,2.252897458715813137e-02,2.252754520597213123e-02
3.461229397478972347e-02,2.233390360915053080e-02,2.233251103776397184e-02
3.461000106449835245e-02,2.222484049827289782e-02,2.222346822887050558e-02
3.460999919464197855e-02,2.234795329390218063e-02,2.234655809272582949e-02
3.460844948691811640e-02,2.225616916319802380e-02,2.225479108234310055e-02
3.460772123700153746e-02,2.201650092439559961e-02,2.201516688681510667e-02
3.460705629113087350e-02,2.187792742066218057e-02,2.187661841494826717e-02
3.460574062548685270e-02,2.188621781088471649e-02,2.188490731648886842e-02
3.460500001782210872e-02,2.196633283935792158e-02,2.196500790063568576e-02
3.460606898741082349e-02,2.183190315742338655e-02,2.183060239571467734e-02
3.460445740917195839e-02,2.199952639892361478e-02,2.199819544461643211e-02
3.460319121159194378e-02,2.189232354850737666e-02,2.189101195699817010e-02
3.460355303127414517e-02,2.187501725098679739e-02,2.187370876760038468e-02
3.460329243798834775e-02,2.178986749460299494e-02,2.178857423215414119e-02
3.460486686827014824e-02,2.189633414495190805e-02,2.189502183244624797e-02
3.460311321388948036e-02,2.189573928830304550e-02,2.189442708275416566e-02
3.460283930893735815e-02,2.190885564764593479e-02,2.190754108246406942e-02
3.460259437315232889e-02,2.194364533445706394e-02,2.194232449689266853e-02
3.460150545644754411e-02,2.212676466158962352e-02,2.212541047952801959e-02
3.460150975409482382e-02,2.222016262126163058e-02,2.221879121819956768e-02
3.460127651864229603e-02,2.202927578682762483e-02,2.202793942565180185e-02
3.460151576027262893e-02,2.193040469538892409e-02,2.192908624738310400e-02
3.460126135989845253e-02,2.204232464038607953e-02,2.204098590301875257e-02
3.460225889398495930e-02,2.198213105436356077e-02,2.198080325481687261e-02
3.460190565464214135e-02,2.198731184006381609e-02,2.198598310148665996e-02
3.460021403549932983e-02,2.214733015973901348e-02,2.214597219821178367e-02
3.460119512307349016e-02,2.243521340153190394e-02,2.243380179293886015e-02
3.460127952833678272e-02,2.212382895788527273e-02,2.212247531476755139e-02
3.459934692057349548e-02,2.212831681632340675e-02,2.212696234926080086e-02
3.459880152917739482e-02,2.223977537339517224e-02,2.223840033561539156e-02
3.459918831585783588e-02,2.234501355359933342e-02,2.234361890295700689e-02
3.459875683395268603e-02,2.228561105419718177e-02,2.228422749694601926e-02
3.459788163633885361e-02,2.212102205143359410e-02,2.211966892349052569e-02
3.459714274149244817e-02,2.210568177527967582e-02,2.210433146049428296e-02
3.459633085232937527e-02,2.209880828385589469e-02,2.209745922830638407e-02
3.459633773549246338e-02,2.217913280635149670e-02,2.217776898636779001e-02
3.459665306517238637e-02,2.209225743311574522e-02,2.209090957696254950e-02
3.459709330164911778e-02,2.208357945876004286e-02,2.208223319033928919e-02
3.459726103629358340e-02,2.211316922853042918e-02,2.211181754116140971e-02
3.459746143306541288e-02,2.202941969699609773e-02,2.202808330964489344e-02
3.459619215521372859e-02,2.199826696172408128e-02,2.199693623599723383e-02
3.459604192749363150e-02,2.189558365462936432e-02,2.189427147706658403e-02
3.459571063405801616e-02,2.209174902963461154e-02,2.209040126653905728e-02
3.459591471387563066e-02,2.200161772138247915e-02,2.200028638746578599e-02
3.459563721619619142e-02,2.213387049043806162e-02,2.213251500327850438e-02
3.459503460521828194e-02,2.193323611588323882e-02,2.193191715713510223e-02
3.459746480481892816e-02,2.208085151662814161e-02,2.207950574705755398e-02
3.459540650062426642e-02,2.194226622177709515e-02,2.194094563323575192e-02
3.459434842824783696e-02,2.182467326365085045e-02,2.182337379384218304e-02
3.459375276981817293e-02,2.177990662329167687e-02,2.177861513365286078e-02
3.459451319512089895e-02,2.179572190012361854e-02,2.179442759495511112e-02
3.459308725310761973e-02,2.174090190417995658e-02,2.173961734087806463e-02
3.459282757058552982e-02,2.158662132751767646e-02,2.158536391818033362e-02
3.459301178198712079e-02,2.153868969507239522e-02,2.153744064328885072e-02
3.459296334022664982e-02,2.157167088393931523e-02,2.157041608540254118e-02
3.459250802944707076e-02,2.151122418437024023e-02,2.150997990484421890e-02
3.459198375982459883e-02,2.147055842843627327e-02,2.146932119242556808e-02
3.459231357565337173e-02,2.143292070620145262e-02,2.143168996552891753e-02
3.459338700204137029e-02,2.139361468555880594e-02,2.139239070378627997e-02
3.459100393815641578e-02,2.153184232649180824e-02,2.153059446561566767e-02
3.459021626210165290e-02,2.157323952274978196e-02,2.157198445045260815e-02
3.459098236233627138e-02,2.158549663979971237e-02,2.158423942698312406e-02
3.459070363124253089e-02,2.156886135670325541e-02,2.156760704839451662e-02
3.459185038748180396e-02,2.135699340418428099e-02,2.135577569737169557e-02
3.459045349074046927e-02,2.163968953895544986e-02,2.163842283302687061e-02
3.459202065343222610e-02,2.180978796148057633e-02,2.180849114878144479e-02
3.459061105442832323e-02,2.157039300857727451e-02,2.156913843303128950e-02
3.458972484031840738e-02,2.176821678910983993e-02,2.176692737790840784e-02
3.458933426954470536e-02,2.168158976104714308e-02,2.168031568268348475e-02
3.459112418566318015e-02,2.183848831004379584e-02,2.183718637091154255e-02
3.458960619028892541e-02,2.170909681719185996e-02,2.170781788335118812e-02
3.458976767512552536e-02,2.191557777773446222e-02,2.191426200213475103e-02
3.458972793546789826e-02,2.166015005635626989e-02,2.165887975391122752e-02
3.458856607421654378e-02,2.169615463649803358e-02,2.169487798870600725e-02
3.458733135459641367e-02,2.149228983477828592e-02,2.149104883809645553e-02
3.458815647120116327e-02,2.154582897642937783e-02,2.154457868216186345e-02
3.458719241807284295e-02,2.148988317906736292e-02,2.148864259923950054e-02
3.458758986234117261e-02,2.144379180016051448e-02,2.144255918572469596e-02
3.458681349741943301e-02,2.150085927661651852e-02,2.149961679488198579e-02
3.458708492089622444e-02,2.137644720531438683e-02,2.137522616783850068e-02
3.458717291078416967e-02,2.152181293901812148e-02,2.152056682109519323e-02
3.458655171727358785e-02,2.130746079201107507e-02,2.130625153829751595e-02
3.458658098403535885e-02,2.131921482963453074e-02,2.131800357355666253e-02
3.458740384002151336e-02,2.119644975983430921e-02,2.119525930866999683e-02
3.458595252175565571e-02,2.125766647521217315e-02,2.125646567973521125e-02
3.458607756443742715e-02,2.122052233463759749e-02,2.121932782282806573e-02
3.458601437051113392e-02,2.122475046389492304e-02,2.122355523792686383e-02
3.458576867838726587e-02,2.129632157061448275e-02,2.129511421247017727e-02
3.458666244984284766e-02,2.120924072329951129e-02,2.120804811563412398e-02
3.458557158258279696e-02,2.135724874967076872e-02,2.135603099918537140e-02
3.458493150342329542e-02,2.146490685069986359e-02,2.146367059147173337e-02
3.458521579882767316e-02,2.149806163723646038e-02,2.149681964045832908e-02
3.458554765098931227e-02,2.150331193051546741e-02,2.150206902352468433e-02
3.458538100468581261e-02,2.167653434242763563e-02,2.167526115508209075e-02
3.458510796661097564e-02,2.151665463653130994e-02,2.151540941440350380e-02
3.458612497549972548e-02,2.123340412585788400e-02,2.123220743731754623e-02
3.458607286467083042e-02,2.150536049154610010e-02,2.150411722928552774e-02
3.458403563870849490e-02,2.160713148512189222e-02,2.160587048819086198e-02
3.458453489513460544e-02,2.183804790347803476e-02,2.183674604311906450e-02
3.458406402646725664e-02,2.162264270183546916e-02,2.162137898717294421e-02
3.458285652112443043e-02,2.154139704024293431e-02,2.154014751737179725e-02
3.458398032376881065e-02,2.167880657590874616e-02,2.167753298812764851e-02
3.458331531685111121e-02,2.155692927030068359e-02,2.155567704257620523e-02
3.458206961023786719e-02,2.127427473298084196e-02,2.127307112075112541e-02
3.458191111891235903e-02,2.125763484902888287e-02,2.125643405889865098e-02
3.458177747421954662e-02,2.125729531344995940e-02,2.125609458086447426e-02
3.458253582207727883e-02,2.109616595623628812e-02,2.109499232219859757e-02
3.458155044962883673e-02,2.124507063883179780e-02,2.124387197665016103e-02
3.458206636355330016e-02,2.113319147528443590e-02,2.113201165081371111e-02
3.458084344299643120e-02,2.130299053383617747e-02,2.130178204105531367e-02
3.458088647035454516e-02,2.122008790445667134e-02,2.121889346600506696e-02
3.458140645049381789e-02,2.126197904025162178e-02,2.126077751379268355e-02
3.457952761530383445e-02,2.145525832724645351e-02,2.145402373440194119e-02
3.457992301703291527e-02,2.167361472613309192e-02,2.167234205319074763e-02
3.457964875836559010e-02,2.145584121874218389e-02,2.145460652527024503e-02
3.457972264709372606e-02,2.134891870978590164e-02,2.134770238364690556e-02
3.457949674959727437e-02,2.145915694435290497e-02,2.145792167837895503e-02
3.457979748078237464e-02,2.173750432822559378e-02,2.173622036708523081e-02
3.457944773258227189e-02,2.144571675524605328e-02,2.144448380884472760e-02
3.457929621582876700e-02,2.141316432866474315e-02,2.141193698831829126e-02
3.457929703125775522e-02,2.141134137397455312e-02,2.141011434707063010e-02
3.457924903210023160e-02,2.141310879378847953e-02,2.141188146298646927e-02
3.457925667602408659e-02,2.141683934849111098e-02,2.141561137609806348e-02
3.457919923087277025e-02,2.140718304233633906e-02,2.140595673021203002e-02
3.457909564750812070e-02,2.139982146050421405e-02,2.139859641309630606e-02
3.457911064642014976e-02,2.139177463895885339e-02,2.139055097299013414e-02
3.457912195263697364e-02,2.138851570476731426e-02,2.138729259798124657e-02
3.457893596847843448e-02,2.139160476066515396e-02,2.139038112385455506e-02
3.457871750694282986e-02,2.137106078228720105e-02,2.136984066762041487e-02
3.457851232800839003e-02,2.134671925906118928e-02,2.134550330883634023e-02
3.457841538145110805e-02,2.135400399198679813e-02,2.135278679646053154e-02
3.457830139111471579e-02,2.131601596335693655e-02,2.131480525244137947e-02
3.457807897327998259e-02,2.131494661608348759e-02,2.131373608737014216e-02
3.457800788807117998e-02,2.134727175093106485e-02,2.134605570629166324e-02
3.457801235144223467e-02,2.135177940428064497e-02,2.135056258912175486e-02
3.457807452124743441e-02,2.135254142785401529e-02,2.135132448241526537e-02
3.457794376933323588e-02,2.133767449397906343e-02,2.133646008873968727e-02
3.457781561067445331e-02,2.133319444800606257e-02,2.133198080755849615e-02
3.457765482890316766e-02,2.131748774735346685e-02,2.131627678562740894e-02
3.457749363511791740e-02,2.128577922814793230e-02,2.128457366219309310e-02
3.457721713929325785e-02,2.125865206041873540e-02,2.125745109788924544e-02
3.457667891159431350e-02,2.119066409305693857e-02,2.118947461643044816e-02
3.457619028580938281e-02,2.111931414011224833e-02,2.111813663838856339e-02
3.457556317485479397e-02,2.105551339513346554e-02,2.105434653297776765e-02
3.457531544311059218e-02,2.089252165278542711e-02,2.089138168010100730e-02
3.457456388880001535e-02,2.079992206571047025e-02,2.079879718392821028e-02
3.457418061701444251e-02,2.086402678849784420e-02,2.086289147389563253e-02
3.457435770985466117e-02,2.079983042873207594e-02,2.079870556182866759e-02
3.457424392320176953e-02,2.082722083083277109e-02,2.082609151412781467e-02
3.457355637803258275e-02,2.092426599073770113e-02,2.092312081379831337e-02
3.457347149281345122e-02,2.094741969096726095e-02,2.094627070815876027e-02
3.457333871799912056e-02,2.096646351394257368e-02,2.096531139453367693e-02
3.457299827926931662e-02,2.096241895112372147e-02,2.096126749835141440e-02
3.457268351332891398e-02,2.095749415837825508e-02,2.095634351695933179e-02
3.457238437490656180e-02,2.097902919854334816e-02,2.097787500637442182e-02
3.457213301458993138e-02,2.098797636943815909e-02,2.098682069989423957e-02
3.457193986861718804e-02,2.101042435474760259e-02,2.100926497297327458e-02
3.457173739849046801e-02,2.100643260190328959e-02,2.100527388080988128e-02
3.457155471020601639e-02,2.101924674191511105e-02,2.101808589901825453e-02
3.457145103660186347e-02,2.105458130634806427e-02,2.105341459915450672e-02
3.457159444399925813e-02,2.106312879012301256e-02,2.106196066139356948e-02
3.457143019379768645e-02,2.104407202662923054e-02,2.104290706564844113e-02
3.457135295871660574e-02,2.104022812984656515e-02,2.103906380713359975e-02
3.457129866853989042e-02,2.105488187265347824e-02,2.105371511548370309e-02
3.457129276746225000e-02,2.103704352235001573e-02,2.103587972826023028e-02
3.457122421521374722e-02,2.104146794593796804e-02,2.104030341738898427e-02
3.457115513859027045e-02,2.103691326883305734e-02,2.103574949637632488e-02
3.457115936737716055e-02,2.104114421289264916e-02,2.103997973810726660e-02
3.457112074523393391e-02,2.103843479640928396e-02,2.103727077141370055e-02
3.457096948138266290e-02,2.103076308833969413e-02,2.102960033628579334e-02
3.457071847478569021e-02,2.103119998795117962e-02,2.103003716342888296e-02
3.457049621405564044e-02,2.101983232881798197e-02,2.101867138888618633e-02
3.457037572572844997e-02,2.103035878088882829e-02,2.102919609590161651e-02
3.457021907093642266e-02,2.101272674004138474e-02,2.101156697707027080e-02
3.457002598979190544e-02,2.100853039010439072e-02,2.100737132184807288e-02
3.456989644751710944e-02,2.099162207956969603e-02,2.099046580766858808e-02
3.456976327840624585e-02,2.099545723339164491e-02,2.099430032761503279e-02
3.456969795493736175e-02,2.096003262741993889e-02,2.095888156784373943e-02
3.456956906635192533e-02,2.095788302211312043e-02,2.095673231665312261e-02
3.456955940874177624e-02,2.098026935691527442e-02,2.097911496005379350e-02
3.456951952302567133e-02,2.098677814390968732e-02,2.098562267228039693e-02
3.456953060879148359e-02,2.097365477414855212e-02,2.097250146881617441e-02
3.456950341867871812e-02,2.097745167528045421e-02,2.097629774345368542e-02
3.456940759528472767e-02,2.096982526044841380e-02,2.096867258674239495e-02
3.456931129913365375e-02,2.097037141642097216e-02,2.096921865264244136e-02
3.456916071110405220e-02,2.096371421073635333e-02,2.096256254450810930e-02
3.456890769086928827e-02,2.096292612322651211e-02,2.096177458688721490e-02
3.456863812797483088e-02,2.094588242187888499e-02,2.094473369203055449e-02
3.456828736298753202e-02,2.092990380066934650e-02,2.092875769779439440e-02
3.456791246588827859e-02,2.091179345141354687e-02,2.091065032111657368e-02
3.456753031357621964e-02,2.086670388830449280e-02,2.086556813660427404e-02
3.456720068449170569e-02,2.082577530388283332e-02,2.082464622230475321e-02
3.456712155268683306e-02,2.090433077030007247e-02,2.090318886344424629e-02
3.456703232742427967e-02,2.090582223974629325e-02,2.090468008844557218e-02
3.456697277113425504e-02,2.093853921956220429e-02,2.093739169747266607e-02
3.456691427969418862e-02,2.093457704748068887e-02,2.093343017672209469e-02
3.456682431395519811e-02,2.092317987772292220e-02,2.092203487910215126e-02
3.456677931426392625e-02,2.090822674187688829e-02,2.090708419642654109e-02
3.456681233870342179e-02,2.091454261998028363e-02,2.091339903877885778e-02
3.456683872307232674e-02,2.090249733147618930e-02,2.090135572504164471e-02
3.456672591732945499e-02,2.091327216083258000e-02,2.091212878803778638e-02
3.456654489154581400e-02,2.090368144343314818e-02,2.090253964297777642e-02
3.456624294309227491e-02,2.088754787021750506e-02,2.088640871151356548e-02
3.456572671645746081e-02,2.085233492510359110e-02,2.085120151808474501e-02
3.456542344223814678e-02,2.083563412363025752e-02,2.083450343774924038e-02
3.456524211274566299e-02,2.074158523765023271e-02,2.074046979426516502e-02
3.456497303106766117e-02,2.072225139029467561e-02,2.072113906329638156e-02
3.456471809229948178e-02,2.068776084000328863e-02,2.068665405798940371e-02
3.456429365051341684e-02,2.066751421267179825e-02,2.066641067707734175e-02
3.456428975627860029e-02,2.065594838453788454e-02,2.065484670059946834e-02
3.456403030774889140e-02,2.063591274240638221e-02,2.063481426123199222e-02
3.456371784137064057e-02,2.065167892174418068e-02,2.065057792081820276e-02
3.456366541719837343e-02,2.061611206471125265e-02,2.061501674261108363e-02
3.456365177943499650e-02,2.063249503093014109e-02,2.063139709545970535e-02
3.456363710066696210e-02,2.063155315381916266e-02,2.063045536870225516e-02
3.456361281114518624e-02,2.063775508630865535e-02,2.063665631087352112e-02
3.456363473840728950e-02,2.061132170027470817e-02,2.061022714153196503e-02
3.456362711505088503e-02,2.062694201771095304e-02,2.062584496850811480e-02
3.456346440014788912e-02,2.064189490917901076e-02,2.064079547238722306e-02
3.456339613726995552e-02,2.065111322667629798e-02,2.065001231621434521e-02
3.456329473513027051e-02,2.065427745108379051e-02,2.065317603450354811e-02
3.456325261730824883e-02,2.066224896546545869e-02,2.066114627307091833e-02
3.456308048160895707e-02,2.066250602264818603e-02,2.066140328910134535e-02
3.456291902258196158e-02,2.066667393910196979e-02,2.066557053810582495e-02
3.456262273546858999e-02,2.067862148313584156e-02,2.067751616733546488e-02
3.456220035440067673e-02,2.071151462951660582e-02,2.071040403061630980e-02
3.456180123401356163e-02,2.072216929649328687e-02,2.072105698270130386e-02
3.456151998719381169e-02,2.076226326490789031e-02,2.076114448207642960e-02
3.456141859802204508e-02,2.076955254326166497e-02,2.076843258162161879e-02
3.456138461196582579e-02,2.072574355510212185e-02,2.072463066562372364e-02
3.456129402432230741e-02,2.069950382937161062e-02,2.069839516154767245e-02
3.456122620576101978e-02,2.069916500923691879e-02,2.069805639582937562e-02
3.456114806231511127e-02,2.069343515973774694e-02,2.069232746674534718e-02
3.456105742253423596e-02,2.069189078728060627e-02,2.069078334227704777e-02
3.456095888014600048e-02,2.069422432426739483e-02,2.069311650451496204e-02
3.456083234131383797e-02,2.067963074090401268e-02,2.067852526325840781e-02
3.456073574895630884e-02,2.067453994064800959e-02,2.067343527925785338e-02
3.456062926960251636e-02,2.065956656517662152e-02,2.065846430220161234e-02
3.456050283024407477e-02,2.064859779599456310e-02,2.064749728779518775e-02
3.456027813089017353e-02,2.063056933485921812e-02,2.062947170679147596e-02
3.456007670506014429e-02,2.062322241652238958e-02,2.062212596070607182e-02
3.455986250220902112e-02,2.060525978112837803e-02,2.060416618788028439e-02
3.455974871316881691e-02,2.056520734254188923e-02,2.056412011417698554e-02
3.455964123286032336e-02,2.053611533264878761e-02,2.053503271191401205e-02
3.455952500647228864e-02,2.049896999548931134e-02,2.049789323889341167e-02
3.455937457788373079e-02,2.050316316190768651e-02,2.050208574440323672e-02
3.455923969720378630e-02,2.046230291079439642e-02,2.046123192204361146e-02
3.455908810467961390e-02,2.044873598332802925e-02,2.044766712347067389e-02
3.455894779984149123e-02,2.042524127866374162e-02,2.042417609886612931e-02
3.455880474119830265e-02,2.041523841678010223e-02,2.041417480117646219e-02
3.455867036091709449e-02,2.040541941170770715e-02,2.040435733008599470e-02
3.455877211597094267e-02,2.036153805397115935e-02,2.036048280969184748e-02
3.455865257347254943e-02,2.040974048140097030e-02,2.040867772491031587e-02
3.455850280146322007e-02,2.041253946957850493e-02,2.041147627576483589e-02
3.455825095474229086e-02,2.041719383910712074e-02,2.041612991784442013e-02
3.455798698665357715e-02,2.047929449654942863e-02,2.047822083753465111e-02
3.455743242900470580e-02,2.046687804534431249e-02,2.046580633804124735e-02
3.455642995013964713e-02,2.045134404878894141e-02,2.045027477989484754e-02
3.455537572966752013e-02,2.041888140342878327e-02,2.041781721832474847e-02
3.455358805902419839e-02,2.042556549115471382e-02,2.042450026062368404e-02
3.455528220778934789e-02,2.036928171659248971e-02,2.036822526787612775e-02
3.455345688404801163e-02,2.036929812453892874e-02,2.036824167325824650e-02
3.455303435918249261e-02,2.039156884780051610e-02,2.039050892746250773e-02
3.455399660776311416e-02,2.026295882754786462e-02,2.026191883614892816e-02
3.455303207111079522e-02,2.036486120016478205e-02,2.036380543911804966e-02
3.455323417876974418e-02,2.041880103815505929e-02,2.041773686562141366e-02
3.455304795781967420e-02,2.034635976070364033e-02,2.034530687456250625e-02
3.455326393012100872e-02,2.038866689161116311e-02,2.038760742374788951e-02
3.455304525741639821e-02,2.036276719986012188e-02,2.036171176447166761e-02
3.455308913292320233e-02,2.038001764841518640e-02,2.037895952833067639e-02
3.455304376267383931e-02,2.036779362511979136e-02,2.036673740791692180e-02
3.455309153560316704e-02,2.036565028159003851e-02,2.036459439781714703e-02
3.455307718165272213e-02,2.036645038211981618e-02,2.036539437388285717e-02
3.455286515206645176e-02,2.035809839976499350e-02,2.035704369017439855e-02
3.455269476591549260e-02,2.033900318883741232e-02,2.033795144436656779e-02
3.455243081123825222e-02,2.031331300449712787e-02,2.031226524043973705e-02
3.455219821972273231e-02,2.026923012982303693e-02,2.026818917249182186e-02
3.455197614027687159e-02,2.023133874660014778e-02,2.023030361637326996e-02
3.455174888508256992e-02,2.021841301469655405e-02,2.021737986726154443e-02
3.455178499090900968e-02,2.020517478944469994e-02,2.020414367010961096e-02
3.455176023320327694e-02,2.021196901799177104e-02,2.021093685809563154e-02
3.455170305898783850e-02,2.021667581827384791e-02,2.021564293712847099e-02
3.455160220439858210e-02,2.020741149057549840e-02,2.020638002876475395e-02
3.455156844911408398e-02,2.021552175495010956e-02,2.021448905067657967e-02
3.455146028685043835e-02,2.019711256909265812e-02,2.019608268358842953e-02
3.455145429611114483e-02,2.019264824886456491e-02,2.019161904613542627e-02
3.455144669447614975e-02,2.020165032627119911e-02,2.020061974643500013e-02
3.455143743135101475e-02,2.017716509885830040e-02,2.017613826185473552e-02
3.455137667949755020e-02,2.015880337516197385e-02,2.015777933900975497e-02
3.455133946461285549e-02,2.016450813046387000e-02,2.016348322467734558e-02
3.455121327937415998e-02,2.016665354209978486e-02,2.016562830911867304e-02
3.455107624945509548e-02,2.016342468455578629e-02,2.016239994395965449e-02
3.455080734344552484e-02,2.015605183223706520e-02,2.015502821534715522e-02
3.455039818466355828e-02,2.015543635977261328e-02,2.015441283666510874e-02
3.454993299552575753e-02,2.014525836734283940e-02,2.014423639402314337e-02
3.454947529794868966e-02,2.012383939455912943e-02,2.012282067761377718e-02
3.454912277008784921e-02,2.009604795959440970e-02,2.009503345748999553e-02
3.454865404802759388e-02,2.008916157392704252e-02,2.008814811440794504e-02
3.454801712997304652e-02,2.014733521147931208e-02,2.014631292205117455e-02
3.454781058576132657e-02,1.998605202947113801e-02,1.998505409528288437e-02
3.454766184628305092e-02,1.993594404230263420e-02,1.993495359534434158e-02
3.454748763348650109e-02,1.994696453305635012e-02,1.994597244261799712e-02
3.454696971379867670e-02,1.999796402969903839e-02,1.999696431007706027e-02
3.454619446584975689e-02,2.008473520737218479e-02,2.008372241761515603e-02
3.454544647324678253e-02,2.011941799825721008e-02,2.011839995263508402e-02
3.454654810039979596e-02,2.021753909686675385e-02,2.021650608340036515e-02
3.454546582887553507e-02,2.013380401148306964e-02,2.013278378046135311e-02
3.454536552464254617e-02,2.008764420202252890e-02,2.008663097214235735e-02
3.454525390034241666e-02,2.011770658165235037e-02,2.011668879580366318e-02
3.454503003388175592e-02,2.010764575849771640e-02,2.010662949889121046e-02
3.454490672658437622e-02,2.010830520906276009e-02,2.010728884945401154e-02
3.454487896345358189e-02,2.009354955435569204e-02,2.009253543060286404e-02
3.454478464836227558e-02,2.007833828046277913e-02,2.007732645812380923e-02
3.454475736390323626e-02,2.006913395889239199e-02,2.006812352747529629e-02
3.454463454760073327e-02,2.006785982643770685e-02,2.006684958745451677e-02
3.454459857426193242e-02,2.004617388243918469e-02,2.004516691505203035e-02
3.454459172652277199e-02,2.006490637826440979e-02,2.006389658526783193e-02
3.454454389494794608e-02,2.004992612685341583e-02,2.004891859389821077e-02
3.454447478138092387e-02,2.004138081764006429e-02,2.004037457240253478e-02
3.454441909384015075e-02,2.005141603480126850e-02,2.005040827723460553e-02
3.454431238312847402e-02,2.003778398123267496e-02,2.003677827766839337e-02
3.454420511434494467e-02,2.003754288838179715e-02,2.003653722112937879e-02
3.454411068260889589e-02,2.002616944322690301e-02,2.002516548751176809e-02
3.454393201551060610e-02,2.001442456501302883e-02,2.001342237468478266e-02
3.454375464976283672e-02,1.998456390269450281e-02,1.998356619141303595e-02
3.454349771658642154e-02,2.001852529170048203e-02,2.001752248520662081e-02
3.454346918222896134e-02,1.998494630328313121e-02,1.998394853472605648e-02
3.454336911414100653e-02,1.996079723060821889e-02,1.995980307473912627e-02
3.454325638975257184e-02,1.998884878640515630e-02,1.998785043321722396e-02
3.454311710616585207e-02,1.996251701978614054e-02,1.996152260692004091e-02
3.454312217541681551e-02,1.994998688026814251e-02,1.994899433879677997e-02
3.454313732220981592e-02,1.995868010638805409e-02,1.995768626683143421e-02
3.454306525760227065e-02,1.995167277239427717e-02,1.995067997927609665e-02
3.454292899884531948e-02,1.994598545186597807e-02,1.994499350751068045e-02
3.454283857757489695e-02,1.993842252465374137e-02,1.993743170824908983e-02
3.454268598435447646e-02,1.993967183098918280e-02,1.993868082830905705e-02
3.454239310315648792e-02,1.993776482149392862e-02,1.993677410313801288e-02
3.454190134316200561e-02,1.993564836296382592e-02,1.993465796007719282e-02
3.454129947263825245e-02,1.989180378930529777e-02,1.989081990677421877e-02
3.454151563107393796e-02,1.989160360369751288e-02,1.989061975086504896e-02
3.454128823014841754e-02,1.992822757213507517e-02,1.992723827485775451e-02
3.454118555968205273e-02,1.990437829028588596e-02,1.990339254065982139e-02
3.454105114441687052e-02,1.991779323941407498e-02,1.991680549529721914e-02
3.454105063627130323e-02,1.990277897524680636e-02,1.990179346322625345e-02
3.454101686429244394e-02,1.990697161121212158e-02,1.990598547622624004e-02
3.454102379579650217e-02,1.993508926845680498e-02,1.993409894889712833e-02
3.454100884142939643e-02,1.990273208459584012e-02,1.990174657954820597e-02
3.454097438042864204e-02,1.990557022113179086e-02,1.990458429439280127e-02
3.454087796565789847e-02,1.990268443696533926e-02,1.990169893898418446e-02
3.454082689113396887e-02,1.989038013310461678e-02,1.988939646180000465e-02
3.454073939734474130e-02,1.988600600637702165e-02,1.988502298390157005e-02
3.454066389946568172e-02,1.988579342947941614e-02,1.988481043852367847e-02
3.454059780770509652e-02,1.988468314064139111e-02,1.988370031432998980e-02
3.454056562912688477e-02,1.987534756468564701e-02,1.987436612202361091e-02
3.454057541005164239e-02,1.986716489530726895e-02,1.986618466433859656e-02
3.454061316528332648e-02,1.987376637142903787e-02,1.987278516298770364e-02
3.454041951429909912e-02,1.987224270892684261e-02,1.987126172615054018e-02
3.454030041717018329e-02,1.986039717893264139e-02,1.985941794938795787e-02
3.454018208733507234e-02,1.987180645637177945e-02,1.987082553820996786e-02
3.454012888655982189e-02,1.986480162040354935e-02,1.986382173921968919e-02
3.454004647932289174e-02,1.986133794059775914e-02,1.986035857189062670e-02
3.453996108835248602e-02,1.986218739243969869e-02,1.986120789805397718e-02
3.453984834817001859e-02,1.985627903214495782e-02,1.985530041161896048e-02
3.453976675693667953e-02,1.986140645530521179e-02,1.986042707645883920e-02
3.453973871450419231e-02,1.986586298139212184e-02,1.986488294312364900e-02
3.453963976342376563e-02,1.987481792191791996e-02,1.987383655770941573e-02
3.453954501772706076e-02,1.987212148344268819e-02,1.987114051862636649e-02
3.453943218848730401e-02,1.985856940256474842e-02,1.985759044334680160e-02
3.453920074674134144e-02,1.984925132511755966e-02,1.984827374332168853e-02
3.453876111717655434e-02,1.983697918825797976e-02,1.983600341860774705e-02
3.453833122951239371e-02,1.979227729412894390e-02,1.979130810631737555e-02
3.453766680914949205e-02,1.973440457389409250e-02,1.973344386310597193e-02
3.453736014111975783e-02,1.973290526761415503e-02,1.973194477578584308e-02
3.453682200593712059e-02,1.974477380732195600e-02,1.974381158131716801e-02
3.453657759060311389e-02,1.990497929617704442e-02,1.990399345723966110e-02
3.453629744590398787e-02,1.983208696741289162e-02,1.983111191951369284e-02
3.453618798053197797e-02,1.980869126952969003e-02,1.980771966838599726e-02
3.453618633025244689e-02,1.979923399501463260e-02,1.979826378485710983e-02
3.453606990285870704e-02,1.977826945468148453e-02,1.977730232323894957e-02
3.453594092818236538e-02,1.976863994419532020e-02,1.976767422470749117e-02
3.453587461198187603e-02,1.977759033974904948e-02,1.977662330792682652e-02
3.453575656647123182e-02,1.976186194509937585e-02,1.976089721862484688e-02
3.453569164576905659e-02,1.976013497414729272e-02,1.975917050057669766e-02
3.453560447215477114e-02,1.974597235538915960e-02,1.974500995413911233e-02
3.453547719264372928e-02,1.974036091066341814e-02,1.973939932968005531e-02
3.453535760919705655e-02,1.973785411799609812e-02,1.973689290332036883e-02
3.453513182902344381e-02,1.971619291395404830e-02,1.971523486048496962e-02
3.453495202730041957e-02,1.974829975576224139e-02,1.974733701417966808e-02
3.453460592638318838e-02,1.968572109455782662e-02,1.968476747638513505e-02
3.453456262870767401e-02,1.961840831594862875e-02,1.961746444683809890e-02
3.453439820805849492e-02,1.962230839390745329e-02,1.962136396177329919e-02
3.453433148386039764e-02,1.959645953229139162e-02,1.959551882765349362e-02
3.453426613883718577e-02,1.959588740478282465e-02,1.959494678252913721e-02
3.453425518329766158e-02,1.959767208475790903e-02,1.959673120550080305e-02
3.453422723111046477e-02,1.959518994497821270e-02,1.959424942317808047e-02
3.453417483449326697e-02,1.961281501945328840e-02,1.961187195744673942e-02
3.453412445157601901e-02,1.962763676810302949e-02,1.962669156637557658e-02
3.453423316307052682e-02,1.962777312537525645e-02,1.962682790393259144e-02
3.453413684075287704e-02,1.962749381298149742e-02,1.962654863191458723e-02
3.453404485413916203e-02,1.962143523808427062e-02,1.962049093201306826e-02
3.453390728659747055e-02,1.961798996953870861e-02,1.961704616081908631e-02
3.453378147488821853e-02,1.962605164870817251e-02,1.962510667596465211e-02
3.453353359731855393e-02,1.961828221995133570e-02,1.961733836904575728e-02
3.453330134400056650e-02,1.960807304314538674e-02,1.960713066501025212e-02
3.453293470163462664e-02,1.965482775133540680e-02,1.965387861581140150e-02
3.453271145077789483e-02,1.965434198367307927e-02,1.965339291852269757e-02
3.453250954056065469e-02,1.962694260452515702e-02,1.962599750307729429e-02
3.453222397050356718e-02,1.961392825127317163e-02,1.961298502866484772e-02
3.453218757463529659e-02,1.964959954556876401e-02,1.964865116726952077e-02
3.453205750109158978e-02,1.966848402605841234e-02,1.966753291074260432e-02
3.453196620658845889e-02,1.965136358083178353e-02,1.965041494707981187e-02
3.453194434368137000e-02,1.964991737859014126e-02,1.964896895425961160e-02
3.453188707054562212e-02,1.966995527689002418e-02,1.966900394812073211e-02
3.453176286368404846e-02,1.966673302414579869e-02,1.966578216282042005e-02
3.453164703881418662e-02,1.965199998403083931e-02,1.965105125812217565e-02
3.453154543345307581e-02,1.964181140740905301e-02,1.964086415635392727e-02
3.453142785521282065e-02,1.963443472619819802e-02,1.963348854199858592e-02
3.453138167673548004e-02,1.964031331336475728e-02,1.963936627905074617e-02
3.453126235454183346e-02,1.962916515085013150e-02,1.962821972828027173e-02
3.453115244283905261e-02,1.962487291588506030e-02,1.962392811339442461e-02
3.453104287008434276e-02,1.960236580723921651e-02,1.960142425176431349e-02
3.453093507141187513e-02,1.960008533155198351e-02,1.959914410466640985e-02
3.453083004475880624e-02,1.959291361812427745e-02,1.959197342404165459e-02
3.453062889329304441e-02,1.958078521744627612e-02,1.957984676832009302e-02
3.453039895615246657e-02,1.958527927639709329e-02,1.958434018095712645e-02
3.453008324255540940e-02,1.954923355762647197e-02,1.954829963780157706e-02
3.452994212708342808e-02,1.962244511882920567e-02,1.962150066693995470e-02
3.452972114081942490e-02,1.955237946751476816e-02,1.955144509675916381e-02
3.452944085425647958e-02,1.954335380124311641e-02,1.954242072386022308e-02
3.452909494022574077e-02,1.948774450442345915e-02,1.948681936955777919e-02
3.452891187869102513e-02,1.942305957760747867e-02,1.942214362461320773e-02
3.452879944246040056e-02,1.936678390715020417e-02,1.936587589278376820e-02
3.452868057791976669e-02,1.936409323650772549e-02,1.936318560056293422e-02
3.452843508675412093e-02,1.936471897389325722e-02,1.936381124994116659e-02
3.452819518851534680e-02,1.934915544324537426e-02,1.934824990620412355e-02
3.452766735843958157e-02,1.932896192829932497e-02,1.932805922350598615e-02
3.452733860242448993e-02,1.932392241754904774e-02,1.932302041865790326e-02
3.452710580149698227e-02,1.927523531183622518e-02,1.927434011369856884e-02
3.452698724222096754e-02,1.935330425915806479e-02,1.935239813950403315e-02
3.452681052943362000e-02,1.935709093647168533e-02,1.935618428481836531e-02
3.452671471174737633e-02,1.935985111958302141e-02,1.935894408002073602e-02
3.452651382794899582e-02,1.934117807622801749e-02,1.934027365877534488e-02
3.452615140730426468e-02,1.929757426821412589e-02,1.929667595397723673e-02
3.452621287029099262e-02,1.924831945261210736e-02,1.924742799946460928e-02
3.452626492286763049e-02,1.925842615714536132e-02,1.925753329900951535e-02
3.452600951157486914e-02,1.930622246311931509e-02,1.930532294057501347e-02
3.452604979266548496e-02,1.930320533737877459e-02,1.930230623650486255e-02
3.452597111095315197e-02,1.931146406148881445e-02,1.931056380608533324e-02
3.452576269240607149e-02,1.933265028566171634e-02,1.933174706399586051e-02
3.452570766274373759e-02,1.935707277315720440e-02,1.935616612405190867e-02
3.452575238367293353e-02,1.936064121773241678e-02,1.935973406710973441e-02
3.452569813098531337e-02,1.935055025343776491e-02,1.934964452055435227e-02
3.452563318714901852e-02,1.935063977183639969e-02,1.934973402637603715e-02
3.452555401467335972e-02,1.935436504608085279e-02,1.935345877741131981e-02
3.452553155729881640e-02,1.936887587995142143e-02,1.936796757131538718e-02
3.452545901901239722e-02,1.935378492992718968e-02,1.935287874274415829e-02
3.452542563608061721e-02,1.937187642447830635e-02,1.937096769363659890e-02
3.452537651971142318e-02,1.936818791776763471e-02,1.936727970590617839e-02
3.452535518777802293e-02,1.936079838275238038e-02,1.935989121003039298e-02
3.452535462322955939e-02,1.935758661083420568e-02,1.935667988952749496e-02
3.452540857484457520e-02,1.934951970849758951e-02,1.934861412031150391e-02
3.452538648338188132e-02,1.936335548482472774e-02,1.936244795263272755e-02
3.452530084842909963e-02,1.935549499895496822e-02,1.935458857154759293e-02
3.452521278396251253e-02,1.934687748740855986e-02,1.934597227016352991e-02
3.452515344041182099e-02,1.936284116755252610e-02,1.936193370764844462e-02
3.452510531401765254e-02,1.935019861026517421e-02,1.934929292676733012e-02
3.452504617109562746e-02,1.935012440865765612e-02,1.934921873557555669e-02
3.452497745664388773e-02,1.934773080991462196e-02,1.934682547287472701e-02
3.452490937274918514e-02,1.933268582442895442e-02,1.933178259778737390e-02
3.452485906138209881e-02,1.933169833053896211e-02,1.933079524228199092e-02
3.452481467374244467e-02,1.933294042297774643e-02,1.933203716065146766e-02
3.452478907791889373e-02,1.932804744041528508e-02,1.932714486375500945e-02
3.452474096346561799e-02,1.931658156805905052e-02,1.931568059674718812e-02
3.452461231484906662e-02,1.931739241355285436e-02,1.931649132878403979e-02
3.452450837594092659e-02,1.930362416353432684e-02,1.930272500413207637e-02
3.452439788908308327e-02,1.929853211934554752e-02,1.929763367133737265e-02
3.452429068749200691e-02,1.929953195302748850e-02,1.929863336535594595e-02
3.452416516761963594e-02,1.926018692365467910e-02,1.925929382059131043e-02
3.452397693997824590e-02,1.924141484932147608e-02,1.924052435516565226e-02
3.452384315978553747e-02,1.923862719589697692e-02,1.923773708872911908e-02
3.452379863670380911e-02,1.925548132394438658e-02,1.925458887534161820e-02
3.452372439285716910e-02,1.925796444363924928e-02,1.925707164971588239e-02
3.452362540837979055e-02,1.926669844010777538e-02,1.926580443089671163e-02
3.452355402439719750e-02,1.925674676426982271e-02,1.925585413969753759e-02
3.452345871257134213e-02,1.925230086030326263e-02,1.925140885383858080e-02
3.452336096096226409e-02,1.925628330423186790e-02,1.925539074411006593e-02
3.452329835943725861e-02,1.926046932013051813e-02,1.925957617777634620e-02
3.452318787792760246e-02,1.924809362718645639e-02,1.924720220540889273e-02
3.452309927087140323e-02,1.922903746420701401e-02,1.922814868744205166e-02
3.452290820620088074e-02,1.923093781637748995e-02,1.923004877608705879e-02
3.452270561311265862e-02,1.922476364360483844e-02,1.922387545933645220e-02
3.452249910568976760e-02,1.920467656308070398e-02,1.920379116002410291e-02
3.452210616650677050e-02,1.917283418732705982e-02,1.917195318117935476e-02
3.452127647212727829e-02,1.915921445625524619e-02,1.915833532631972327e-02
3.452055172815523404e-02,1.926740032843499498e-02,1.926650622152214706e-02
3.451994930575565113e-02,1.929513133227537744e-02,1.929423335915008211e-02
3.451846856860173174e-02,1.899790941318759210e-02,1.899705230183148727e-02
3.451747309604643460e-02,1.895156054499660611e-02,1.895070969167741634e-02
3.451618617145261331e-02,1.871851332549602856e-02,1.871769347703011038e-02
3.451633372587820103e-02,1.878967515888344680e-02,1.878884592426961070e-02
3.451617757045240265e-02,1.875414648602619777e-02,1.875332194651554291e-02
3.451689997893821193e-02,1.879109297847928947e-02,1.879026355614971458e-02
3.451650862247655771e-02,1.872198792964343758e-02,1.872116762454831621e-02
3.451567708851598082e-02,1.873419373181961500e-02,1.873337182125080561e-02
3.451562776976468266e-02,1.870402528408676365e-02,1.870320733786059661e-02
3.451557208540126376e-02,1.872253542065472481e-02,1.872171504358622132e-02
3.451554871107197220e-02,1.871420033768025210e-02,1.871338105580494862e-02
3.451552426806001050e-02,1.872965673118078683e-02,1.872883541763293788e-02
3.451553649993069350e-02,1.871351058414921775e-02,1.871269139287706079e-02
3.451557355751384837e-02,1.872389087016026327e-02,1.872307031490096085e-02
3.451551728292347188e-02,1.873468037145632065e-02,1.873385839682936704e-02
3.451549154050763402e-02,1.873468300925962976e-02,1.873386103431328234e-02
3.451547460173151616e-02,1.875792226254778539e-02,1.875709722490873782e-02
3.451551141124425959e-02,1.876011921076690264e-02,1.875929388320640712e-02
3.451550644166802295e-02,1.875660653975271333e-02,1.875578167571448004e-02
3.451531006950621372e-02,1.877185554173176757e-02,1.877102866419400051e-02
3.451515631772601733e-02,1.878646205642996864e-02,1.878563324717155703e-02
3.451487717997431259e-02,1.881047009744557866e-02,1.880963810655901167e-02
3.451444258294069506e-02,1.886877629666726744e-02,1.886793654498237355e-02
3.451409872723557731e-02,1.891175174116159485e-02,1.891090623845294652e-02
3.451406954764282831e-02,1.894253765204077442e-02,1.894168801343599010e-02
3.451396496279812015e-02,1.896688500413278716e-02,1.896603208508545330e-02
3.451395953663509431e-02,1.900149380457576490e-02,1.900063620797735886e-02
3.451391936685749978e-02,1.900685005575702274e-02,1.900599173372083048e-02
3.451395927587296714e-02,1.903073905820714881e-02,1.902987749565665174e-02
3.451391102608009076e-02,1.900214097209605713e-02,1.900128328786543364e-02
3.451396464182714813e-02,1.900045717107952739e-02,1.899959971483911741e-02
3.451388859369930451e-02,1.900749187149733052e-02,1.900663346249360439e-02
3.451389220667231555e-02,1.901925933237490901e-02,1.901839932805192077e-02
3.451388220713255683e-02,1.900161541100630833e-02,1.900075779794441894e-02
3.451378534598248393e-02,1.899856003036913196e-02,1.899770283094747922e-02
3.451381907013213735e-02,1.900012356390575960e-02,1.899926615282644324e-02
3.451378696823947240e-02,1.900199056491622129e-02,1.900113290103929223e-02
3.451366726412632979e-02,1.899445142794717323e-02,1.899359478453985228e-02
3.451346323822233886e-02,1.898111905125304116e-02,1.898026421046195011e-02
3.451315430926007316e-02,1.894357263354409099e-02,1.894272285566771241e-02
3.451289196320447145e-02,1.889512070311790207e-02,1.889427742911386002e-02
3.451257314987940528e-02,1.889292809392787570e-02,1.889208511343816801e-02
3.451232432731214661e-02,1.888074226917420620e-02,1.887990091881779423e-02
3.451241519533457258e-02,1.885780092517985382e-02,1.885696263804150646e-02
3.451230821949249211e-02,1.889763473547896935e-02,1.889679112481186182e-02
3.451237217545095187e-02,1.889574672952795339e-02,1.889490337168480208e-02
3.451232472209476987e-02,1.889836552919475429e-02,1.889752182065220637e-02
3.451222159019412539e-02,1.889183578742150912e-02,1.889099295315701046e-02
3.451217393408877177e-02,1.891483924978420300e-02,1.891399333291499812e-02
3.451207750147933934e-02,1.890846348623751241e-02,1.890761842450264588e-02
3.451205123441977718e-02,1.889627929852793001e-02,1.889543586937866143e-02
3.451198845600939036e-02,1.890371736870214911e-02,1.890287294315711603e-02
3.451188783758994683e-02,1.890508173963061436e-02,1.890423713124313176e-02
3.451181685663821247e-02,1.889815630434757074e-02,1.889731262384083260e-02
3.451177247183954272e-02,1.891052416122925017e-02,1.890967882317791740e-02
3.451173471645123392e-02,1.891019612990481324e-02,1.890935083582671178e-02
3.451165684457426636e-02,1.890831046031884663e-02,1.890746541907481482e-02
3.451166814772417546e-02,1.892253886718127040e-02,1.892169191682872148e-02
3.451168227887409234e-02,1.891155319396602835e-02,1.891070771791202379e-02
3.451159549651348912e-02,1.890808771699939439e-02,1.890724270564233048e-02
3.451155392827238988e-02,1.890853774713035021e-02,1.890769267543152346e-02
3.451151164760551254e-02,1.889915633427880631e-02,1.889831251981550359e-02
3.451140428437699664e-02,1.889908404139590062e-02,1.889824023662961885e-02
3.451133880351239802e-02,1.887730168000860062e-02,1.887646078952216061e-02
3.451124476211869102e-02,1.888417126015184966e-02,1.888332945129456500e-02
3.451114146569503327e-02,1.887887021351842415e-02,1.887802911339384049e-02
3.451099000323710336e-02,1.888563262850683974e-02,1.888479062420296561e-02
3.451082551553765615e-02,1.886489274853137346e-02,1.886405351526518684e-02
3.451073451970053385e-02,1.887727516346441453e-02,1.887643427652099110e-02
3.451057554913112418e-02,1.887489884288396855e-02,1.887405827347142864e-02
3.451045274178059924e-02,1.888126572003318709e-02,1.888042429969696845e-02
3.451030375360178426e-02,1.886062581195393009e-02,1.885978714801008274e-02
3.451022861965657995e-02,1.885394992418030352e-02,1.885311215050263986e-02
3.451021409439253979e-02,1.884703610336423835e-02,1.884619925103028087e-02
3.451018984840849291e-02,1.883244433785700653e-02,1.883160942774626465e-02
3.451020114072435307e-02,1.882705567627677296e-02,1.882622148267723561e-02
3.451020307972856027e-02,1.882870176114532362e-02,1.882786734871928422e-02
3.451007903115692332e-02,1.883546341484052325e-02,1.883462810312707889e-02
3.451000878866079813e-02,1.885578740961718625e-02,1.885494939096397232e-02
3.450990058866997001e-02,1.885116078876876780e-02,1.885032338684141176e-02
3.450972187198445007e-02,1.886350398366526057e-02,1.886266493571425382e-02
3.450961273865435497e-02,1.886694249315197178e-02,1.886610298628297808e-02
3.450941546071410043e-02,1.886365859852514107e-02,1.886281952993519237e-02
3.450912169670426050e-02,1.888583531174519575e-02,1.888499328033816510e-02
3.450880021659039759e-02,1.893614278107250484e-02,1.893529400269825316e-02
3.450851059276353883e-02,1.889627064237864654e-02,1.889542721437281747e-02
3.450852536709675400e-02,1.888338893633228696e-02,1.888254723210690961e-02
3.450846569023242882e-02,1.889043693818270517e-02,1.888959429111123148e-02
3.450829510692315222e-02,1.885957923909179976e-02,1.885874071476388233e-02
3.450816005374441470e-02,1.884256571587499679e-02,1.884172945887270523e-02
3.450799729048174835e-02,1.884279916146840497e-02,1.884196287337593090e-02
3.450792337455015069e-02,1.882795237678414058e-02,1.882711806397211265e-02
3.450795539851463090e-02,1.881349581990262795e-02,1.881266342747358461e-02
3.450794062841999743e-02,1.883417080423434309e-02,1.883333566448388771e-02
3.450785305977864537e-02,1.882847069051263311e-02,1.882763630879617789e-02
3.450782933097948368e-02,1.882524084551493587e-02,1.882440689313444326e-02
3.450778009421660852e-02,1.881506826700129684e-02,1.881423566583983326e-02
3.450772566544328679e-02,1.878959464856267206e-02,1.878876542459800500e-02
3.450769621303076407e-02,1.878928164089215674e-02,1.878845245839769890e-02
3.450762587045511087e-02,1.878978485535505796e-02,1.878895560621833202e-02
3.450757932731791933e-02,1.879519369533083628e-02,1.879436372987258741e-02
3.450751804148659285e-02,1.879773134427394771e-02,1.879690104257767877e-02
3.450748407408377183e-02,1.878311372622678416e-02,1.878228536004985724e-02
3.450746575465019755e-02,1.878344403081659217e-02,1.878261562095109513e-02
3.450734496262729267e-02,1.878144025835627381e-02,1.878061211357353807e-02
3.450724403321793476e-02,1.877705722630880134e-02,1.877622966119541631e-02
3.450702604890269753e-02,1.877678655379530839e-02,1.877595902447721024e-02
3.450664051479110372e-02,1.877131525725280262e-02,1.877048845111458850e-02
3.450612846956149782e-02,1.868292128252379419e-02,1.868210610191119517e-02
3.450563267525372235e-02,1.864668749256665967e-02,1.864587704574528076e-02
3.450501491697816059e-02,1.867829104920068484e-02,1.867747647452383877e-02
3.450499855230605706e-02,1.871040033445838316e-02,1.870958155157862596e-02
3.450476423197962328e-02,1.876456669047335893e-02,1.876374077576926230e-02
3.450461973932671123e-02,1.875885422731929028e-02,1.875802906669981132e-02
3.450466422550696466e-02,1.876400301344184271e-02,1.876317717317194100e-02
3.450461458700251199e-02,1.874788755206849289e-02,1.874706383782326000e-02
3.450458457572666560e-02,1.872998284105241787e-02,1.872916148459600333e-02
3.450462909748881757e-02,1.872390993895858141e-02,1.872308938118788860e-02
3.450461687327489868e-02,1.873568011095898267e-02,1.873485800474321283e-02
3.450455424007888017e-02,1.872758508644267045e-02,1.872676404538446693e-02
3.450446819662313092e-02,1.872942723924971020e-02,1.872860595586926455e-02
3.450438093506415227e-02,1.873053051927585019e-02,1.872970909077474946e-02
3.450438350121477760e-02,1.873144512350762361e-02,1.873062357467788347e-02
3.450438531351036897e-02,1.873272763039311381e-02,1.873190591279422917e-02
3.450426708014267541e-02,1.872052587758958955e-02,1.871970576465694508e-02
3.450416864183435128e-02,1.872226968777313677e-02,1.872144934563764809e-02
3.450413694729120850e-02,1.872918834743310737e-02,1.872836709548923034e-02
3.450407882289653616e-02,1.871887945617774565e-02,1.871805955960642240e-02
3.450401896341483143e-02,1.870333261482073559e-02,1.870251475946412001e-02
3.450395482491620813e-02,1.870964128414397826e-02,1.870882260090197050e-02
3.450395283739508823e-02,1.869986332781418611e-02,1.869904592748020122e-02
3.450389336716243316e-02,1.869709913123575318e-02,1.869628209333605920e-02
3.450386472362417661e-02,1.869942127568800794e-02,1.869860393334666845e-02
3.450389734099501560e-02,1.870027289516975472e-02,1.869945544113256475e-02
3.450388549422607476e-02,1.869651566307446028e-02,1.869569870166562162e-02
3.450376083154130247e-02,1.868657537161591206e-02,1.868575971261534491e-02
3.450376072956903850e-02,1.867196338710494508e-02,1.867114964003486338e-02
3.450374478047459059e-02,1.865094302041063815e-02,1.865013201856309186e-02
3.450365861258609251e-02,1.865210586038143492e-02,1.865129470682429930e-02
3.450354401403847582e-02,1.864384521347315152e-02,1.864303513718421762e-02
3.450337516244164626e-02,1.864560002337433547e-02,1.864478971831250859e-02
3.450318334677154181e-02,1.863641354218158533e-02,1.863560443423914470e-02
3.450299856145928878e-02,1.862027713112051133e-02,1.861947012310763774e-02
3.450289233290354529e-02,1.856583369600642644e-02,1.856503374619952393e-02
3.450260914499432563e-02,1.856899577480785116e-02,1.856819541617250532e-02
3.450269619965412593e-02,1.850811584169567703e-02,1.850732332952656142e-02
3.450261518568864538e-02,1.854450865797412779e-02,1.854371146152999916e-02
3.450256825266158345e-02,1.856472722599198516e-02,1.856392741919689338e-02
3.450251655196563683e-02,1.856339335872109197e-02,1.856259372431628973e-02
3.450242853335473703e-02,1.856150394662355735e-02,1.856070455635423777e-02
3.450246838261979143e-02,1.856394506429785360e-02,1.856314535860031922e-02
3.450246662291710231e-02,1.856006798244060063e-02,1.855926877769157116e-02
3.450241655521439632e-02,1.856680396278960823e-02,1.856600388754682529e-02
3.450235173048291082e-02,1.857891506640463666e-02,1.857811342446870351e-02
3.450227548837055125e-02,1.859046996013311026e-02,1.858966682153214214e-02
3.450215157279601375e-02,1.859388149242162044e-02,1.859307791156910791e-02
3.450194304842685994e-02,1.860959852663986169e-02,1.860879290629072896e-02
3.450164179634836875e-02,1.865517012336842875e-02,1.865435856995386124e-02
3.450144621942253381e-02,1.856200198326002360e-02,1.856120252864468939e-02
3.450116245280378940e-02,1.858207504901281115e-02,1.858127299796481779e-02
3.450096655941471691e-02,1.857510213924608994e-02,1.857430099076350094e-02
3.450113708592328354e-02,1.856166637438574213e-02,1.856086696314344572e-02
3.450096185826092426e-02,1.856628716443019939e-02,1.856548715601321134e-02
3.450098485447460062e-02,1.859700734006587003e-02,1.859620335387329043e-02
3.450093063465997645e-02,1.856723643794193704e-02,1.856643630679886275e-02
3.450087969939003019e-02,1.857983671187552269e-02,1.857903495061957386e-02
3.450098915627747287e-02,1.858377434904757985e-02,1.858297207791750894e-02
3.450089653441264920e-02,1.857990270728166957e-02,1.857910093748674565e-02
3.450080603583863259e-02,1.857083564901378103e-02,1.857003505246324071e-02
3.450074348567530591e-02,1.857068669888765206e-02,1.856988612159338539e-02
3.450061574976451273e-02,1.856347578077363614e-02,1.856267613573833394e-02
3.450055669010945042e-02,1.858667494231236797e-02,1.858587229546680014e-02
3.450048407247717497e-02,1.858044418305825063e-02,1.857964234314181395e-02
3.450043220789468512e-02,1.857044680563577424e-02,1.856964625936982638e-02
3.450038175444984645e-02,1.857314349490681374e-02,1.857234259983007313e-02
3.450033423983264735e-02,1.857404048965574650e-02,1.857323947853591756e-02
3.450033596384687040e-02,1.857988053058395178e-02,1.857907876364833788e-02
3.450033142944802789e-02,1.857818317875779141e-02,1.857738163155363276e-02
3.450037280431675346e-02,1.858678926711044427e-02,1.858598660545132675e-02
3.450036602823184501e-02,1.857447577480513326e-02,1.857367470738898602e-02
3.450024929357150411e-02,1.856463957595239425e-02,1.856383978049511857e-02
3.450019645331732498e-02,1.856192946713293435e-02,1.856113002189117844e-02
3.450012806532115617e-02,1.855354589530338813e-02,1.855274753279640212e-02
3.450003044778753719e-02,1.855425907570619481e-02,1.855346062114628450e-02
3.449996396350386851e-02,1.854132921790318730e-02,1.854053243145743074e-02
3.449990397727221991e-02,1.851569746661573673e-02,1.851490398009850505e-02
3.449981423442753659e-02,1.851509730341974538e-02,1.851430389406454741e-02
3.449972773834153461e-02,1.851267534282631869e-02,1.851188224479103153e-02
3.449964464606816716e-02,1.851595842191679914e-02,1.851516490185984090e-02
3.449956382193846566e-02,1.851460139400700963e-02,1.851380804840276409e-02
3.449948465859607738e-02,1.850208924741256547e-02,1.850129750916018959e-02
3.449941287842283461e-02,1.849778820073277527e-02,1.849699701451112607e-02
3.449937228713592652e-02,1.849058574924232132e-02,1.848979548685988558e-02
3.449937297194791835e-02,1.848486633902837045e-02,1.848407680976413628e-02
3.449936434095347143e-02,1.849116816395682955e-02,1.849037782690388446e-02
3.449926389929014459e-02,1.849795657736890211e-02,1.849716536955035504e-02
3.449918292357125743e-02,1.850311574727397240e-02,1.850232387723889371e-02
3.449908927095451938e-02,1.850639476503999556e-02,1.850560247393672267e-02
3.449902498304327492e-02,1.849154700870365986e-02,1.849075662308218709e-02
3.449894391284093892e-02,1.850534683035328157e-02,1.850455467383047350e-02
3.449888049331971407e-02,1.850410179220063345e-02,1.850330979557667649e-02
3.449882972663403935e-02,1.849556732971124884e-02,1.849477642842519212e-02
3.449878146790497091e-02,1.849380882224618480e-02,1.849301814652763026e-02
3.449872144423532516e-02,1.851027317348791917e-02,1.850948038414646293e-02
3.449867497742720168e-02,1.851713961869638769e-02,1.851634594675994824e-02
3.449864470468420874e-02,1.851710490496025208e-02,1.851631123747563695e-02
3.449864636005724183e-02,1.851437705808348794e-02,1.851358374131270579e-02
3.449869364185498277e-02,1.852217097471868523e-02,1.852137665564217855e-02
3.449852154981902785e-02,1.851449503249049180e-02,1.851370170056976586e-02
3.449832874651789782e-02,1.850602775486522716e-02,1.850523551089686136e-02
3.449813966661220699e-02,1.850167561333163069e-02,1.850088392818682870e-02
3.449796269250211822e-02,1.850422513149884915e-02,1.850343311902715934e-02
3.449779670464579728e-02,1.850526026381291850e-02,1.850446811842308692e-02
3.449761697915165737e-02,1.849663842960641569e-02,1.849584739090344432e-02
3.449732230643438868e-02,1.850661415002186755e-02,1.850582183075461656e-02
3.449718111062156922e-02,1.855819902811165628e-02,1.855740006477366033e-02
3.449693543728014899e-02,1.851921769573833601e-02,1.851842375655030418e-02
3.449657279608711602e-02,1.853165889150803353e-02,1.853086335112489810e-02
3.449621294371249536e-02,1.849202280619285238e-02,1.849123235955692918e-02
3.449589450884643638e-02,1.847250575404405654e-02,1.847171780757914800e-02
3.449553359262570729e-02,1.846331623248710987e-02,1.846252946140158196e-02
3.449482930246752788e-02,1.842941205232480686e-02,1.842862960759198560e-02
3.449663185861273629e-02,1.872213979380204368e-02,1.872131946873850997e-02
3.449482468022847109e-02,1.834851109514669745e-02,1.834773890964449400e-02
3.449448739057126012e-02,1.819732826527247285e-02,1.819657501049604109e-02
3.449442081117323755e-02,1.816791789036516225e-02,1.816716828196275960e-02
3.449456541801998455e-02,1.819261334179078995e-02,1.819186067237774790e-02
3.449440402602280131e-02,1.817981366618947117e-02,1.817906258432894911e-02
3.449455967759910979e-02,1.815970848190734399e-02,1.815895988921134574e-02
3.449441715880342818e-02,1.817340023495556123e-02,1.817264994771640788e-02
3.449439339986305753e-02,1.817273202022196693e-02,1.817198181573831048e-02
3.449436518921164541e-02,1.818233144931890449e-02,1.818158005534519644e-02
3.449423941869706606e-02,1.818958182807716220e-02,1.818882953486303591e-02
3.449404921947960001e-02,1.820251863508589099e-02,1.820176473558461280e-02
3.449383331115429829e-02,1.821317893655334183e-02,1.821242371168972293e-02
3.449352451942409858e-02,1.824526214343408226e-02,1.824450292039060673e-02
3.449350847842903856e-02,1.826863582825453622e-02,1.826787368356764737e-02
3.449337570158856475e-02,1.824255744580577376e-02,1.824179856037233538e-02
3.449333482134815665e-02,1.822785953091295499e-02,1.822710247831242636e-02
3.449322782198199072e-02,1.823043964534860895e-02,1.822968227122197943e-02
3.449317152608631643e-02,1.823201135820446891e-02,1.823125378817131229e-02
3.449312905659797368e-02,1.823336058654866781e-02,1.823260284831093245e-02
3.449303121886618251e-02,1.823392564018710277e-02,1.823316783149183523e-02
3.449298752983610827e-02,1.822412728333148643e-02,1.822337069569213153e-02
3.449287587610187084e-02,1.823115537495003866e-02,1.823039791160232376e-02
3.449275744069803251e-02,1.822915329073419161e-02,1.822839607691509323e-02
3.449253191878377811e-02,1.823446056909810292e-02,1.823370269370999663e-02
3.449219084379305522e-02,1.821058329270027962e-02,1.820982839068310127e-02
3.449205753363655813e-02,1.821848767759676538e-02,1.821773179211509663e-02
3.449180270543827226e-02,1.824333226189985349e-02,1.824257327976633314e-02
3.449158575567927432e-02,1.830964458562823333e-02,1.830887729685101023e-02
3.449163535065138952e-02,1.829261134148663093e-02,1.829184619211884910e-02
3.449162030766628889e-02,1.828987018557870492e-02,1.828910538014168544e-02
3.449153412191868773e-02,1.831216606731297936e-02,1.831139846146162542e-02
3.449133903770995602e-02,1.832668530936279808e-02,1.832591587619606180e-02
3.449121667815389924e-02,1.832953293164358427e-02,1.832876313975351570e-02
3.449109199872868459e-02,1.834539031982717130e-02,1.834461852827654407e-02
3.449096665602154055e-02,1.836310351102821148e-02,1.836232948170445078e-02
3.449090900228024559e-02,1.839535111408666102e-02,1.839457299968607490e-02
3.449070030177414647e-02,1.837632228688233435e-02,1.837554658476617600e-02
3.449046359746173185e-02,1.831731248202476611e-02,1.831654422879116714e-02
3.449013999924411406e-02,1.834371517927493173e-02,1.834294359913482206e-02
3.448994085497390089e-02,1.832024358559343480e-02,1.831947496351331653e-02
3.448993088985971567e-02,1.840143378690773518e-02,1.840065490035722867e-02
3.448968443583012855e-02,1.837232828555710601e-02,1.837155308911155027e-02
3.448963857029693769e-02,1.836220891607868999e-02,1.836143499986226529e-02
3.448957260067061353e-02,1.835639965618806810e-02,1.835562647428996483e-02
3.448951763195746284e-02,1.834754926754957396e-02,1.834677720347427377e-02
3.448947690565743601e-02,1.832786692188893840e-02,1.832709733989153558e-02
3.448948724273255551e-02,1.832813114352961972e-02,1.832736152825254969e-02
3.448944978217867441e-02,1.832867390755499662e-02,1.832790422390031398e-02
3.448932635330252683e-02,1.831722766861057852e-02,1.831645942606878810e-02
3.448921614686081827e-02,1.830398658715917323e-02,1.830322000946852171e-02
3.448918894994547346e-02,1.828016998892561043e-02,1.827940639973310577e-02
3.448909987305977254e-02,1.827829367327547111e-02,1.827753031919056997e-02
3.448900840144473318e-02,1.827375981532824642e-02,1.827299702914327723e-02
3.448896344642139039e-02,1.826531402332534637e-02,1.826455229428839561e-02
3.448894163487448844e-02,1.825077920934368644e-02,1.825001929735967435e-02
3.448892917633483712e-02,1.824419774589022131e-02,1.824343865571853227e-02
3.448888205914861504e-02,1.823270668273948777e-02,1.823194902602138720e-02
3.448883699508971390e-02,1.822082379666633764e-02,1.822006762037342575e-02
3.448883298437523115e-02,1.822072088213757407e-02,1.821996471865461320e-02
3.448879348341449269e-02,1.822352317594469473e-02,1.822276666352801860e-02
3.448872759820918732e-02,1.823704420551437028e-02,1.823628600794429538e-02
3.448865262475286908e-02,1.822701045908770023e-02,1.822625351227735030e-02
3.448865350497655469e-02,1.821829317953033156e-02,1.821753731827224776e-02
3.448866187102951619e-02,1.823719634553465710e-02,1.823643812897837030e-02
3.448854632516881735e-02,1.822952807185725110e-02,1.822877081134101351e-02
3.448843977357303470e-02,1.822566761181932185e-02,1.822491083230719927e-02
3.448829454647319576e-02,1.823017214643903039e-02,1.822941480564755495e-02
3.448809436140101714e-02,1.824024701057370620e-02,1.823948841345601410e-02
3.448778080621944103e-02,1.822413821863218611e-02,1.822338162960356403e-02
3.448744131569567856e-02,1.825706062857592252e-02,1.825629993168087842e-02
3.448708374427593426e-02,1.818527643695616244e-02,1.818452467782582030e-02
3.448687874821475957e-02,1.814365848066305451e-02,1.814291187110455075e-02
3.448676445674025981e-02,1.813116728233876707e-02,1.813042221377666324e-02
3.448669411358256526e-02,1.810582688832097081e-02,1.810508493940225436e-02
3.448630844139251306e-02,1.813381463278950639e-02,1.813306923781150479e-02
3.448624408451714252e-02,1.816155310293620165e-02,1.816080428208820263e-02
3.448604588135647381e-02,1.819513893136171651e-02,1.819438594843972648e-02
3.448583898748597276e-02,1.821205510837725292e-02,1.821130002330284200e-02
3.448586805143606659e-02,1.823568457759704511e-02,1.823492654957889827e-02
3.448584277491204692e-02,1.822025779396787420e-02,1.821950168816735896e-02
3.448591008321269524e-02,1.825851746011626989e-02,1.825775658112695557e-02
3.448585627489046679e-02,1.820383181352341895e-02,1.820307775083333454e-02
3.448578607227806292e-02,1.820621071237370561e-02,1.820545635400740506e-02
3.448562543882027764e-02,1.820315940365408933e-02,1.820240542453578983e-02
3.448550003729296959e-02,1.819415439701007123e-02,1.819340153631866797e-02
3.448538353406632728e-02,1.818909014572324401e-02,1.818833791351763540e-02
3.448529719488442613e-02,1.817490766425611248e-02,1.817415719029536955e-02
3.448521235343082747e-02,1.816268146891814386e-02,1.816193250848969001e-02
3.448516207787653831e-02,1.816333230479840605e-02,1.816258326385055896e-02
3.448511595276936015e-02,1.816121314217494787e-02,1.816046436339060696e-02
3.448505169819293670e-02,1.817555507134610907e-02,1.817480451717910783e-02
3.448501921287985827e-02,1.816021771300453669e-02,1.815946905733241065e-02
3.448498452379036155e-02,1.816498689887724796e-02,1.816423765319844300e-02
3.448494711215975561e-02,1.817095481635807100e-02,1.817020483196419081e-02
3.448490178060832634e-02,1.816899344106245873e-02,1.816824369950730336e-02
3.448481187186722141e-02,1.815751966973620096e-02,1.815677134769940262e-02
3.448474607089958843e-02,1.814494689527841945e-02,1.814420012667929474e-02
3.448470871509982938e-02,1.812920680375730911e-02,1.812846197687648098e-02
3.448465876361559573e-02,1.811883082398051473e-02,1.811808727525131973e-02
3.448464243539332147e-02,1.812744508335362506e-02,1.812670047359463132e-02
3.448453164042435126e-02,1.813023861464499106e-02,1.812949366057616668e-02
3.448436069375079849e-02,1.812480724245940297e-02,1.812406295769563094e-02
3.448416013773551725e-02,1.812715264280596872e-02,1.812640806907292110e-02
3.448379563275937032e-02,1.813960793468986574e-02,1.813886182506448466e-02
3.448317454574872931e-02,1.815966760825324378e-02,1.815891902061552224e-02
3.448278939212602590e-02,1.813505889773813981e-02,1.813431334931167246e-02
3.448274609188231588e-02,1.803216103553065969e-02,1.803142810608474728e-02
3.448271705071041110e-02,1.804389595416933459e-02,1.804316159285650548e-02
3.448248888252014588e-02,1.805485706352469993e-02,1.805412136306695781e-02
3.448231673523845242e-02,1.800669478415738503e-02,1.800596495563900126e-02
3.448211497016671900e-02,1.799430406319743256e-02,1.799357574030413173e-02
3.448193486068204527e-02,1.800074259175896488e-02,1.800001348674961851e-02
3.448178440189995919e-02,1.800214042464095068e-02,1.800141114976336679e-02
3.448173158724467807e-02,1.800177005333913546e-02,1.800104082348387424e-02
3.448171033328983892e-02,1.800169946052214767e-02,1.800097023924038253e-02
3.448163071272103419e-02,1.799684913950001450e-02,1.799612050749932121e-02
3.448156817966631371e-02,1.801494284371822630e-02,1.801421201183675894e-02
3.448147454014845181e-02,1.800973493740489970e-02,1.800900473916486680e-02
3.448137827121712518e-02,1.800739508264343619e-02,1.800666516897167502e-02
3.448131165211575089e-02,1.803003528240178233e-02,1.802930261213497171e-02
3.448125290508648189e-02,1.803521774562127922e-02,1.803448444335711484e-02
3.448117669959956111e-02,1.803673827079613559e-02,1.803600478306107910e-02
3.448111981755453553e-02,1.803332774365657212e-02,1.803259467193863222e-02
3.448105747707837926e-02,1.804056260959462435e-02,1.803982865518755779e-02
3.448096870908742839e-02,1.804081990722631451e-02,1.804008592142699458e-02
3.448092325668812574e-02,1.804402135092873088e-02,1.804328697428878026e-02
3.448087636361592961e-02,1.803022733963818847e-02,1.802949464595638915e-02
3.448083756273974398e-02,1.803809897475272886e-02,1.803736532099358900e-02
3.448079600703108510e-02,1.804292412135618737e-02,1.804218987866963719e-02
3.448071436398439382e-02,1.803871947312072829e-02,1.803798574364472510e-02
3.448060367111946412e-02,1.804377926136386742e-02,1.804304491429301396e-02
3.448049826703701581e-02,1.805064084472924116e-02,1.804990565955836429e-02
3.448033688989128598e-02,1.801415419246765390e-02,1.801342345656239963e-02
3.448013632671347029e-02,1.801935321629579215e-02,1.801862184750403773e-02
3.447974502041521727e-02,1.803325158772616649e-02,1.803251852529118640e-02
3.447947641852207312e-02,1.796617457043675828e-02,1.796544965787168560e-02
3.447904423689850117e-02,1.800940484478590065e-02,1.800867468668955820e-02
3.447818614882402349e-02,1.804874782985233655e-02,1.804801287597315729e-02
3.447769167146972485e-02,1.809785485379552389e-02,1.809711388451090003e-02
3.447736189427354908e-02,1.798001746350721616e-02,1.797929087400351733e-02
3.447812083990998283e-02,1.802854767526189048e-02,1.802781518632906588e-02
3.447736915152592452e-02,1.798025486299560313e-02,1.797952824471175590e-02
3.447718493242223070e-02,1.795306042451868395e-02,1.795233709824238522e-02
3.447716532861314076e-02,1.796328079116772669e-02,1.796255622884942657e-02
3.447715322466523430e-02,1.795588941252514170e-02,1.795516574426682041e-02
3.447709420995077878e-02,1.795692018962217681e-02,1.795619639671948778e-02
3.447701959311094688e-02,1.794465035497876462e-02,1.794392804476218142e-02
3.447698678723296745e-02,1.796864579236975845e-02,1.796792058063503839e-02
3.447693247069563705e-02,1.796661795835480246e-02,1.796589299213460778e-02
3.447688116760921906e-02,1.795348583069558690e-02,1.795276245298396689e-02
3.447684341431866972e-02,1.794521544616036260e-02,1.794449306770901087e-02
3.447674377909084459e-02,1.794108836170061824e-02,1.794036648154502533e-02
3.447657518157207224e-02,1.792366147768855583e-02,1.792294169907834508e-02
3.447635931603625775e-02,1.789090569028197256e-02,1.789018985074074600e-02
3.447598810734558289e-02,1.789880398934074954e-02,1.789808720129071676e-02
3.447540577003957440e-02,1.786760512770097648e-02,1.786689208141961291e-02
3.447510384136084904e-02,1.823672439206777338e-02,1.823596623437023431e-02
3.447441951498887713e-02,1.816307533413935235e-02,1.816232632498872637e-02
3.447352770587952531e-02,1.805944145154988675e-02,1.805870519052843112e-02
3.447316276943019481e-02,1.787231702457626678e-02,1.787160341401837146e-02
3.447310248556958306e-02,1.772847494741802699e-02,1.772777842887589272e-02
3.447343324158069766e-02,1.774838901141508052e-02,1.774769014304578701e-02
3.447306716868916987e-02,1.771895997125317104e-02,1.771826457359092222e-02
3.447326639044313856e-02,1.773664995317730461e-02,1.773595247064675348e-02
3.447315558622983389e-02,1.771980635722205863e-02,1.771911085991010812e-02
3.447285529829073603e-02,1.770945914702228355e-02,1.770876486739127176e-02
3.447254481797101811e-02,1.768607055386619414e-02,1.768537902141037108e-02
3.447215438870650239e-02,1.766546561161166928e-02,1.766477649337236736e-02
3.447195716890127937e-02,1.765280206564088378e-02,1.765211442833182140e-02
3.447188403417282554e-02,1.762224523272613863e-02,1.762156116016146482e-02
3.447176870800079673e-02,1.761976649943726783e-02,1.761908271551048191e-02
3.447175800143806312e-02,1.760708248556945923e-02,1.760640017730450563e-02
3.447171545735280146e-02,1.760627034129420149e-02,1.760558812745793150e-02
3.447166805606775852e-02,1.760595202652917232e-02,1.760526984968811826e-02
3.447164085565590508e-02,1.760216103774302904e-02,1.760147930146882186e-02
3.447156355995546761e-02,1.760048480773276913e-02,1.759980326621799970e-02
3.447149138538416896e-02,1.759772592722656445e-02,1.759704470614849997e-02
3.447139447784285105e-02,1.758448617224259505e-02,1.758380648761033102e-02
3.447133752749924340e-02,1.756720991287444300e-02,1.756653222963220490e-02
3.447127386891599143e-02,1.756442408348444714e-02,1.756374672256920400e-02
3.447120482330787161e-02,1.758187334193292428e-02,1.758119396023510861e-02
3.447125410142562463e-02,1.756815939198442048e-02,1.756748159881439675e-02
3.447119902341611031e-02,1.758441664454417006e-02,1.758373696796918309e-02
3.447105653373768591e-02,1.760133435772453028e-02,1.760065271750442181e-02
3.447081148069379430e-02,1.763057072152612176e-02,1.762988567893518030e-02
3.447054152984108805e-02,1.765358154820775155e-02,1.765289381981054520e-02
3.447031510662018627e-02,1.769544105808001574e-02,1.769474842587581351e-02
3.447006900210123487e-02,1.772632920572523793e-02,1.772563294004988674e-02
3.446984613531665215e-02,1.775995480812861751e-02,1.775925457259666662e-02
3.446996309328354685e-02,1.779931458971338587e-02,1.779860968818378075e-02
3.446988492717489166e-02,1.774764812413215376e-02,1.774694934328249069e-02
3.446971836786743432e-02,1.776116368175520432e-02,1.776046330322090389e-02
3.446956162352428354e-02,1.771101752250386560e-02,1.771032305955712316e-02
3.446956538351104993e-02,1.769403039842647185e-02,1.769333793183450534e-02
3.446956807964209057e-02,1.770901910559795692e-02,1.770832487772364128e-02
3.446959408033770100e-02,1.770564596794189580e-02,1.770495213670986862e-02
3.446958578423761632e-02,1.771039370555787043e-02,1.770969931600614722e-02
3.446945124642428193e-02,1.771670261296380208e-02,1.771600748104820711e-02
3.446937738491517855e-02,1.771731681804170760e-02,1.771662161385232498e-02
3.446930374213699744e-02,1.771146391022644304e-02,1.771076939478727352e-02
3.446921581891788239e-02,1.771629535471058725e-02,1.771560027075534671e-02
3.446919637646909951e-02,1.771113630478098055e-02,1.771044182788044513e-02
3.446912835258642005e-02,1.769938551930676229e-02,1.769869242379664906e-02
3.446906773249912292e-02,1.769395207804553768e-02,1.769325962067403932e-02
3.446899967918067020e-02,1.768715501572634338e-02,1.768646335606125983e-02
3.446899178191781959e-02,1.768174697824086497e-02,1.768105595284117509e-02
3.446900503321553844e-02,1.767801188889721667e-02,1.767732130131980869e-02
3.446901256276892894e-02,1.767860325936840629e-02,1.767791260247023738e-02
3.446889713846428005e-02,1.768682654631766743e-02,1.768613492516945759e-02
3.446881739473833806e-02,1.770915016847498732e-02,1.770845592518915587e-02
3.446872034145809227e-02,1.770970940078126638e-02,1.770901509170575913e-02
3.446864163966217171e-02,1.770684808940495639e-02,1.770615411682114129e-02
3.446856014425112025e-02,1.771332650614674750e-02,1.771263177156907898e-02
3.446847586250775114e-02,1.771717240291027784e-02,1.771647721571196696e-02
3.446839099429301057e-02,1.772633247862510919e-02,1.772563621257581407e-02
3.446833290757756602e-02,1.773811916685756260e-02,1.773742151097541797e-02
3.446829631928532978e-02,1.773956799316853475e-02,1.773887016630554953e-02
3.446821800173761885e-02,1.774187790536942491e-02,1.774117980587148688e-02
3.446812241777891250e-02,1.774605937314224779e-02,1.774536077992447045e-02
3.446796980709556507e-02,1.775292613525749491e-02,1.775222673077004112e-02
3.446785679325288509e-02,1.770951226343240106e-02,1.770881797755608292e-02
3.446771033195872302e-02,1.772314443206602502e-02,1.772244854162268249e-02
3.446758133108970834e-02,1.773322854682314598e-02,1.773253146784173687e-02
3.446741543672229846e-02,1.772614513317923371e-02,1.772544888920742426e-02
3.446737490169199392e-02,1.772200969758604139e-02,1.772131394080386085e-02
3.446735507597536996e-02,1.774412115689813843e-02,1.774342279257595453e-02
3.446725240829332654e-02,1.773214326143703057e-02,1.773144631044292624e-02
3.446713468163305899e-02,1.773683667668132097e-02,1.773613917211572938e-02
3.446707257933503965e-02,1.774168131411824056e-02,1.774098323782694747e-02
3.446695987069177403e-02,1.773525657400250310e-02,1.773455925582853934e-02
3.446686357530910627e-02,1.773126434020275144e-02,1.773056749283338090e-02
3.446677954180148162e-02,1.772470880810288543e-02,1.772401273336402308e-02
3.446673289257816408e-02,1.772268522652611922e-02,1.772198939017248856e-02
3.446666690985837611e-02,1.773180275713428372e-02,1.773110584629584638e-02
3.446656855774082873e-02,1.772056934072690701e-02,1.771987375356876351e-02
3.446648447457029141e-02,1.771949906486348925e-02,1.771880360372460675e-02
3.446643042995377326e-02,1.771636829545897990e-02,1.771567320290845515e-02
3.446635563521009693e-02,1.771401676852406640e-02,1.771332195271139304e-02
3.446626642777888411e-02,1.770271847491617853e-02,1.770202498777160779e-02
3.446616917348645226e-02,1.769853889914936237e-02,1.769784590309785369e-02
3.446597041957275009e-02,1.769611705729957907e-02,1.769542434570309936e-02
3.446556474696746419e-02,1.769634045205129361e-02,1.769564771420615093e-02
3.446482233010411678e-02,1.766572821588743153e-02,1.766503906690672018e-02
3.446312986427257224e-02,1.765478593356457904e-02,1.765409806438346038e-02
3.446016211675409502e-02,1.756642630070548092e-02,1.756574870810779718e-02
3.446230902955771391e-02,1.741220142129010565e-02,1.741154151952353096e-02
3.446749616008382144e-02,1.768161646813487878e-02,1.768092545800846460e-02
3.446061332564130664e-02,1.737453196094872199e-02,1.737387633286773328e-02
3.446052430472833217e-02,1.773426361929043849e-02,1.773356641824773428e-02
3.446018008795571907e-02,1.763264188112123945e-02,1.763195659709233809e-02
3.446013237102327209e-02,1.754152295510798959e-02,1.754084824028056752e-02
3.446030116251799780e-02,1.759703711859456760e-02,1.759635597751640565e-02
3.446016494698055099e-02,1.753952067306431550e-02,1.753884618925556291e-02
3.446022126774635902e-02,1.757023647941482677e-02,1.756955844580773002e-02
3.446010960177191967e-02,1.754090859277127046e-02,1.754023394883250792e-02
3.446004890354354561e-02,1.753525227271520923e-02,1.753457828121592760e-02
3.446002723745209689e-02,1.752749734741879811e-02,1.752682424975488679e-02
3.446007955134124112e-02,1.752487661595387297e-02,1.752420382016674563e-02
3.445998323918814110e-02,1.752642429974636193e-02,1.752575132569895305e-02
3.445987733766305017e-02,1.752357412031919914e-02,1.752290147453866576e-02
3.445978556714260344e-02,1.750030266851726815e-02,1.749963269905291385e-02
3.445969666472255277e-02,1.749250633619454584e-02,1.749183726175981488e-02
3.445962501740859607e-02,1.747945553319014272e-02,1.747878795519572023e-02
3.445959670724613177e-02,1.745805911734063173e-02,1.745739398789291491e-02
3.445957239931449895e-02,1.745507551792873160e-02,1.745441072946508909e-02
3.445955085521933137e-02,1.744769627271469323e-02,1.744703232703838022e-02
3.445949821607656449e-02,1.746024831123481683e-02,1.745958293153494073e-02
3.445943914890273185e-02,1.744844850458458080e-02,1.744778447302085256e-02
3.445937322925679558e-02,1.745553199276808978e-02,1.745486715213550102e-02
3.445931549264240334e-02,1.744824480810614614e-02,1.744758079978681042e-02
3.445928274018117410e-02,1.743998976274571677e-02,1.743932669646140049e-02
3.445919323098882436e-02,1.744133341854229094e-02,1.744067019898319984e-02
3.445913291119048760e-02,1.743649828541184860e-02,1.743583561728076145e-02
3.445908865139765687e-02,1.742092505012490106e-02,1.742026415601147932e-02
3.445901152935233747e-02,1.741960247957551056e-02,1.741894173596181955e-02
3.445887939532948918e-02,1.740305353979225769e-02,1.740239467755652983e-02
3.445876086657065351e-02,1.738324456357219494e-02,1.738258794866272619e-02
3.445864996574162648e-02,1.740925858378726543e-02,1.740859901656109654e-02
3.445863500273337043e-02,1.744272392359883309e-02,1.744206054539517228e-02
3.445859814010063249e-02,1.743701664421635350e-02,1.743635391700793999e-02
3.445856903718184927e-02,1.743433753600037370e-02,1.743367511420964786e-02
3.445853367150070179e-02,1.743158709148036334e-02,1.743092498314685948e-02
3.445849844832965525e-02,1.742385818645035209e-02,1.742319695843068741e-02
3.445847323011383412e-02,1.741090716659906765e-02,1.741024741198523434e-02
3.445848731092376882e-02,1.739715231757930566e-02,1.739649412537592338e-02
3.445852346775194613e-02,1.740791099242892243e-02,1.740725157836250925e-02
3.445835500882558911e-02,1.741478169918058566e-02,1.741412150399836156e-02
3.445821737351105474e-02,1.742580992360456132e-02,1.742514847335827066e-02
3.445800960174874583e-02,1.745594728580856722e-02,1.745528239772780807e-02
3.445778557393407854e-02,1.746962961875888481e-02,1.746896316597666005e-02
3.445759065825792361e-02,1.748789252338078803e-02,1.748722397823525634e-02
3.445734729725395684e-02,1.753094362945890189e-02,1.753027013465459708e-02
3.445735094914063879e-02,1.756522818719603168e-02,1.756455073324837343e-02
3.445736761543961857e-02,1.754601113902715115e-02,1.754533590616927027e-02
3.445720839880210551e-02,1.750377762629055922e-02,1.750310725764043368e-02
3.445708728879129379e-02,1.751091605395572320e-02,1.751024486477768816e-02
3.445703888837677031e-02,1.748890003307465579e-02,1.748823137237235856e-02
3.445700237933416871e-02,1.748358198376705544e-02,1.748291393286317136e-02
3.445694082038765205e-02,1.747845974289420623e-02,1.747779227899554783e-02
3.445687754396709046e-02,1.747031554153023053e-02,1.746964901022624375e-02
3.445680182297979760e-02,1.745983026588685677e-02,1.745916493398329272e-02
3.445670409716670990e-02,1.746686075890113363e-02,1.746619462294861716e-02
3.445660377376924544e-02,1.746232591970335243e-02,1.746166030245463116e-02
3.445641566219316554e-02,1.745296583092863923e-02,1.745230128348072493e-02
3.445605777191527996e-02,1.744257513699085799e-02,1.744191177578647417e-02
3.445570267423554017e-02,1.741148105378791458e-02,1.741082123391423861e-02
3.445537286524752441e-02,1.733581609290860831e-02,1.733516483794828034e-02
3.445515650565801613e-02,1.734770205591271153e-02,1.734704946044957063e-02
3.445508097864999342e-02,1.740103874054031372e-02,1.740038010713109567e-02
3.445487413970922674e-02,1.738661189431276941e-02,1.738595489772969821e-02
3.445476944496271565e-02,1.740170724216318771e-02,1.740104853284392059e-02
