cost,L2,trace
1.267216927102134250e+01,7.873261082734944738e-01,9.987715649113189098e-01
1.306677722610250925e+01,7.768455574756060189e-01,9.985369253352210928e-01
1.140357659489536957e+01,8.128896704122210437e-01,9.990251169678794341e-01
1.280810889656423335e+01,9.113712033799150625e-01,9.975651475629790932e-01
1.189899160958926849e+01,8.305477253556897699e-01,9.999996463995800555e-01
1.207012307336885470e+01,8.364993611624178538e-01,9.985178569258154058e-01
1.231285335318442797e+01,8.173203619489992633e-01,9.990723100898220022e-01
1.131736121641433357e+01,8.300224821594893720e-01,9.983729326408335991e-01
1.112522048189503465e+01,8.309014756618775532e-01,9.998962547497397546e-01
1.162946145016136157e+01,8.422490014775531053e-01,9.998690447118463442e-01
1.010530316414686602e+01,8.614411292570125500e-01,9.997833332064991474e-01
1.013315159178478453e+01,8.456838226003817738e-01,9.996102551157581839e-01
1.107157139712930238e+01,8.729466216084724728e-01,9.999819189493408533e-01
1.010277893465637788e+01,8.774835687501255643e-01,9.995612324429321571e-01
1.104260068923559501e+01,8.664738698231877478e-01,9.990883220358713901e-01
1.014541957401772088e+01,8.826124095537126735e-01,9.998634772024308504e-01
1.029218187428295472e+01,8.905230668834739349e-01,9.999337077445330513e-01
1.234232138310525251e+01,8.646189639679418004e-01,9.993538587998059830e-01
1.063460997861538182e+01,8.299402514332006042e-01,9.996998291906523670e-01
1.047510139100062077e+01,8.886923202790886211e-01,9.994944019675587876e-01
9.941364336838470095e+00,8.744745294915569067e-01,9.980992689099934534e-01
1.073588923493832503e+01,8.579041511647468310e-01,9.991277134813409955e-01
1.016190976344711494e+01,8.457339639635450546e-01,9.998732125779705715e-01
9.936406255703269963e+00,9.019550864687313485e-01,9.890965332625047957e-01
9.642625165239961049e+00,8.689540668012245561e-01,9.855052408183828661e-01
1.177584308076226627e+01,8.063376563373116923e-01,9.891079382899278238e-01
1.043717894697158144e+01,8.517540604928500736e-01,9.945717656854579092e-01
1.091187929810938506e+01,8.658962637408705865e-01,9.862389303234212479e-01
1.042594695773036229e+01,8.525446144227172285e-01,9.850003940443778916e-01
1.021199380058907202e+01,8.870570318473014471e-01,9.847486523018494919e-01
9.763130342010736484e+00,8.755725349927433454e-01,9.683142266071508297e-01
9.939629482053440768e+00,8.737204603204694608e-01,9.929151153322197665e-01
9.676566509822409401e+00,8.829820334743373467e-01,9.967435003613190903e-01
1.128069179176899262e+01,8.482409908455140757e-01,9.899645624612901651e-01
1.106654751035908468e+01,8.788025784437117904e-01,9.899545270501146632e-01
1.100363183347949203e+01,9.131652080706554875e-01,9.952312472974753632e-01
1.029421132872375466e+01,8.253954907725100654e-01,9.769793771663857207e-01
1.029005375713066428e+01,8.430478018385965111e-01,9.975691887288800075e-01
9.807354169548151646e+00,8.649881139701360855e-01,9.904705086836874672e-01
9.795811783136798567e+00,8.432304829486978459e-01,9.877829116985413771e-01
9.624002421610429181e+00,9.006596175710858132e-01,9.911016480376165783e-01
8.488368672419614569e+00,8.334444640086843270e-01,9.879120868483258766e-01
9.442716487562613281e+00,8.370448926526095068e-01,9.897186091140115494e-01
7.332263544656216325e+00,8.197183281227303775e-01,9.815501585399508677e-01
7.673896948059475420e+00,7.850909679967161825e-01,9.706665856372665990e-01
6.739113164310396087e+00,8.465733335761925771e-01,9.770645125986870960e-01
6.754938838884962493e+00,8.089891804696304201e-01,9.375364727501156459e-01
6.803748159874552393e+00,8.422063451709993487e-01,9.985857377241883492e-01
6.896534790735150189e+00,8.415006762396289863e-01,9.714710363241404467e-01
7.834215999821241283e+00,8.537972032166472047e-01,9.925648116309980784e-01
7.464749784432061830e+00,8.607709923260347118e-01,9.834311262644082063e-01
8.490756272082938594e+00,7.961557029977188726e-01,9.783166425339215877e-01
7.508831899549560873e+00,8.584443471332242614e-01,9.841749287609927732e-01
7.424500102635535725e+00,8.264693778997289630e-01,9.777843354271187337e-01
6.838801437374646852e+00,8.657086131134640317e-01,9.776176695702295527e-01
5.799706483029810400e+00,8.511452675203241558e-01,9.773798139649748640e-01
5.836774301490067707e+00,8.351477677919991738e-01,9.752457388905397817e-01
4.760007843960227802e+00,8.411734882455724760e-01,9.730522071768870074e-01
5.651882569554343760e+00,8.170016417171063194e-01,9.755196345885372988e-01
4.744118198406876985e+00,8.559776395996088194e-01,9.685999746459650339e-01
6.293323615390919556e+00,8.364327890557574641e-01,9.836520930166942067e-01
4.847832153480030826e+00,8.525149682743610180e-01,9.586043776393448068e-01
5.022052401508360298e+00,8.583213826398616852e-01,9.786557898408849709e-01
4.990808038242429134e+00,8.513065255378080565e-01,9.688574111438172931e-01
5.001626441356927799e+00,7.993688879833603655e-01,9.793498503726479898e-01
4.873746800029938875e+00,8.606814129407293068e-01,9.732921263032073833e-01
5.105062293798980022e+00,8.499597904142740523e-01,9.797058706184305077e-01
5.660541910448045222e+00,8.255943529929000713e-01,9.712127646069456111e-01
7.903414880138082133e+00,8.153987253464225482e-01,9.791210413354872744e-01
5.086068784850969138e+00,8.833843033187228633e-01,9.678258697363417706e-01
9.153649337003086472e+00,8.473943643373169632e-01,9.878365011087533176e-01
4.892982052933724901e+00,8.402032349508786746e-01,9.781749751968921158e-01
4.535035601992349896e+00,8.831903938911453977e-01,9.762091555936466269e-01
5.777158534341056750e+00,9.136443974786742084e-01,9.890003293716004285e-01
6.245304303272025237e+00,8.520799481790553020e-01,9.830528648644450973e-01
6.827941124016549068e+00,8.325831549039405255e-01,9.776509177051428967e-01
4.801138649534722802e+00,8.977900294995427855e-01,9.804135473326314187e-01
5.243875386755701307e+00,8.866411981219827210e-01,9.754174621904223574e-01
4.756486766928126997e+00,8.577898360221201113e-01,9.776631180897303874e-01
7.064641966932660111e+00,9.558827288755156193e-01,9.830884072752791303e-01
4.785211809025609497e+00,8.696193312200493075e-01,9.894523011397629020e-01
6.236683339002141224e+00,9.052898854661057815e-01,9.723012199450364879e-01
5.004731788350571975e+00,8.670237498975359447e-01,9.807841932745930968e-01
5.168528393254933739e+00,8.710619737089971837e-01,9.694159289850214911e-01
4.609942938206735619e+00,8.767841125828376159e-01,9.613256161813253931e-01
6.877746542088416071e+00,8.594567829680039850e-01,9.886339152687173559e-01
4.858693382951514650e+00,8.949890819218915272e-01,9.788746130941080592e-01
6.098402326693628694e+00,8.461431740707248128e-01,9.887285445386747584e-01
5.113868910214406149e+00,9.121014523318157208e-01,9.809329403286953797e-01
5.321925211225017271e+00,8.374211712414908471e-01,9.648935170404198125e-01
4.608282340801986621e+00,8.751962085067531705e-01,9.736445325020653963e-01
4.830660480343801133e+00,8.714438857617498035e-01,9.810519017206832393e-01
4.734513686196017090e+00,8.387354573877416897e-01,9.854259921608735651e-01
6.240785039119211675e+00,8.612147231861136953e-01,9.760720571250157684e-01
4.827754831879165209e+00,8.879148029729194702e-01,9.771016253079254366e-01
9.199801282608564890e+00,8.327082477560725504e-01,9.872235520701445610e-01
4.895970175780009370e+00,8.271738976308729008e-01,9.794766688234121110e-01
4.833170403772054868e+00,8.703281602149059992e-01,9.869727763154437783e-01
4.674605116410835315e+00,8.846658474426547514e-01,9.801902817033057991e-01
5.855341648310640856e+00,8.400468425464081568e-01,9.900937254981865276e-01
4.434075098103143375e+00,9.088087210936046656e-01,9.708308871730109146e-01
6.102594243801458873e+00,8.516326575425279266e-01,9.855797751889556757e-01
4.702922232398552005e+00,8.636803622891906507e-01,9.906373659722527147e-01
4.798340068259526525e+00,8.774148560302313937e-01,9.713859435713420032e-01
4.588165875312571806e+00,9.113096061243174395e-01,9.731530752218150448e-01
4.921335795298622529e+00,8.550549482055964656e-01,9.889650546991963775e-01
4.933117974331896249e+00,9.268759077367138000e-01,9.879382763363137032e-01
5.857744084817831265e+00,9.354333991843424290e-01,9.799292424725075668e-01
5.146934554679475582e+00,8.603716150300534382e-01,9.796446751085280402e-01
7.113487722412312309e+00,8.386430411672224361e-01,9.638070913132857909e-01
5.841928515933478394e+00,9.060948551401796225e-01,9.750953742775938515e-01
4.422611888303409344e+00,9.047341279853901019e-01,9.715884397037967135e-01
4.604851671470502339e+00,9.042646156925867595e-01,9.731663739710906258e-01
4.418887356696744817e+00,9.026599416461538183e-01,9.702221776954086385e-01
4.366089537987107860e+00,9.069697043115368951e-01,9.703924217391719509e-01
4.192730272031120364e+00,9.114569071598060956e-01,9.686732454968677297e-01
4.245364702211888996e+00,9.091166906825037808e-01,9.660479804734847242e-01
4.238006437846220997e+00,9.098202332815011895e-01,9.685406384904169386e-01
4.155397845319823702e+00,9.110913766919647161e-01,9.647607734811823876e-01
4.250173532261539933e+00,9.057764180908516316e-01,9.652670399180516281e-01
4.164817827243919801e+00,9.127049851700677063e-01,9.649569512055863330e-01
3.998607753254779240e+00,9.128123877818393739e-01,9.622076032975483972e-01
3.922305531654819877e+00,9.178298876669137574e-01,9.605660275925020919e-01
3.958250616438040215e+00,9.227877980742597019e-01,9.561260830556369550e-01
3.927370474680285994e+00,9.209129587084037283e-01,9.603348134458973284e-01
3.880490534090450971e+00,9.158998068900487954e-01,9.592002006627330379e-01
3.747056089226779019e+00,9.148905751354251548e-01,9.585278978663356320e-01
3.765415525626909066e+00,9.129707452190525263e-01,9.540122844032911109e-01
3.763044300439150280e+00,9.190858529075482952e-01,9.581885512060498433e-01
3.722239138897929234e+00,9.207113833319918728e-01,9.569545882999660469e-01
3.652944170618887654e+00,9.108600650055725945e-01,9.564242109188235696e-01
3.604767807740712371e+00,9.144671854292183433e-01,9.565389283925380681e-01
3.571118915264865024e+00,9.110924086567172564e-01,9.593566724875717266e-01
3.553849425101856419e+00,9.082219988092983254e-01,9.573369993845463055e-01
3.564173149221411485e+00,9.038230403952465242e-01,9.568858421266114300e-01
3.578994614659500861e+00,9.086608463859719986e-01,9.574051651575203881e-01
3.548709855226534149e+00,9.110373954826962439e-01,9.571793916299097260e-01
3.600290636878009209e+00,9.144138204735522413e-01,9.548612372217951672e-01
3.575142125785588654e+00,9.170987845561455742e-01,9.573769741130649935e-01
3.561187427558224705e+00,9.118438449819001868e-01,9.540917498774124095e-01
3.615947545930994877e+00,9.126431586520883377e-01,9.579751388952896241e-01
3.493596297389919059e+00,9.113045444505366577e-01,9.589204816110256102e-01
3.497728061279264722e+00,9.178409442684780650e-01,9.592110976723896565e-01
3.488195923592838810e+00,9.076662715056187380e-01,9.578534999155757790e-01
3.418808201016950932e+00,8.997782495658736002e-01,9.566005988165074969e-01
3.436688964669461832e+00,8.916280378361450820e-01,9.543726900923584777e-01
3.440721644310528404e+00,9.000288711131588792e-01,9.566058415901756984e-01
3.332274755533639166e+00,9.033837677742180272e-01,9.541419379760739394e-01
3.335601003041599899e+00,8.945254626177640001e-01,9.522479295538869293e-01
3.372395051283342493e+00,8.996269525916682497e-01,9.554648962699218151e-01
3.424849847408060199e+00,9.143446545615825372e-01,9.528065957560770682e-01
3.344486664133737186e+00,9.028492421623197650e-01,9.557035187700181345e-01
3.294234081469654019e+00,9.042095658131997782e-01,9.520266480591588198e-01
3.289116590874921364e+00,9.060378500370569466e-01,9.522833050487956585e-01
3.274612184514889890e+00,9.030922112266694946e-01,9.526738199127017248e-01
3.317348386433931040e+00,8.972476718985459287e-01,9.518159785818575136e-01
3.284137434538068945e+00,9.025714180161166222e-01,9.537909579179173480e-01
3.346205773669971073e+00,8.998843465922529150e-01,9.535782101709406877e-01
3.294741934666052696e+00,9.033925569653749044e-01,9.540970769241262639e-01
3.286698233167133054e+00,9.035083346177016361e-01,9.554950981668621779e-01
3.303801600763867974e+00,9.026833543020356121e-01,9.531865765944269597e-01
3.284922252097531192e+00,9.097449369045824685e-01,9.542823789510221921e-01
3.303813569278124085e+00,8.991430473111599042e-01,9.539597654466305254e-01
3.247066704810344540e+00,9.034775620120255590e-01,9.498504006922399157e-01
3.270072767041349415e+00,8.943654650155087316e-01,9.545550478932657290e-01
3.279004942622455232e+00,9.055340038874503117e-01,9.504223437688710252e-01
3.162657210316598189e+00,8.953328621623412031e-01,9.505194918537024362e-01
3.155557577559471305e+00,8.945185680328582301e-01,9.487910682968169196e-01
3.209654782887600089e+00,8.877897436781787555e-01,9.526360257333106318e-01
3.156295173892860184e+00,8.945451570044560263e-01,9.494910703762283744e-01
3.134378765070546802e+00,8.936003281812421317e-01,9.492031723421825440e-01
3.078000058424824381e+00,8.878502115403978934e-01,9.486545876558717394e-01
3.060871354672260125e+00,8.849464397947989225e-01,9.457392555639105858e-01
3.091360201573902344e+00,8.846777109791233995e-01,9.422682491095187851e-01
3.068785807118739051e+00,8.890344465049097034e-01,9.456394528838645286e-01
3.089024499158834480e+00,8.914535255623847743e-01,9.432032725184186228e-01
3.077366860538417015e+00,8.873184968931928651e-01,9.445114215472664165e-01
2.983809995106692092e+00,8.822797073098859189e-01,9.423871724412453688e-01
3.009696973402321785e+00,8.785217961220159744e-01,9.425859505423951346e-01
2.995395943150211515e+00,8.799660276428206140e-01,9.440003092658484363e-01
2.975443288937160702e+00,8.787386365615628137e-01,9.456675527125023573e-01
2.993357350395689842e+00,8.727319970236228075e-01,9.450534399400313257e-01
2.978272852348338162e+00,8.772498480005753718e-01,9.440221243317655775e-01
2.967407224736618332e+00,8.796844297409885938e-01,9.454100073946486438e-01
2.978429385972248156e+00,8.807331150244301909e-01,9.408852219323174948e-01
2.961995371111362019e+00,8.765643735247640178e-01,9.447112494963355589e-01
2.968760433324417747e+00,8.738779569760350974e-01,9.456423295884970326e-01
2.976162201044250111e+00,8.802876879563878987e-01,9.446222015738734434e-01
2.974802917871176788e+00,8.783083192232282732e-01,9.456311910842178925e-01
2.967059262012007981e+00,8.734874434800976584e-01,9.447412362061271551e-01
2.945684833568847694e+00,8.668535494776933303e-01,9.477627258809691035e-01
2.972514101139704934e+00,8.567261050016331536e-01,9.512793805374220035e-01
2.961308312636581341e+00,8.669526461493602953e-01,9.475516952362091905e-01
2.845549132500734935e+00,8.651028530565684216e-01,9.469156570295634845e-01
2.832905683557589427e+00,8.663684838080493167e-01,9.457379314832721207e-01
2.816896049697435345e+00,8.778387182986824300e-01,9.419251802184448463e-01
2.834212550426884469e+00,8.687690345754642829e-01,9.442625781037289334e-01
2.838745732365715480e+00,8.761730557812938969e-01,9.442782820690492906e-01
2.823803872600403775e+00,8.736387769257835112e-01,9.448850146414458084e-01
2.814294001412756430e+00,8.791664712090503375e-01,9.428244585814465895e-01
2.776404848102118628e+00,8.803462514800693972e-01,9.406079275374700233e-01
2.770882343232610623e+00,8.789208817732240275e-01,9.396019782477161852e-01
2.784331935301073813e+00,8.800415018511850151e-01,9.411853315155659372e-01
2.766261580202792114e+00,8.845103246839617350e-01,9.392183874493608142e-01
2.768136623763751025e+00,8.797679575320410672e-01,9.393416321740919450e-01
2.793510897635645307e+00,8.835681988582226865e-01,9.415501728989875696e-01
2.723070769699477367e+00,8.776263187723606363e-01,9.366924504548651553e-01
2.716656788674795209e+00,8.730526838183094718e-01,9.353939197060210375e-01
2.741625852361643023e+00,8.767362864298227088e-01,9.316111268964203385e-01
2.728209778525336304e+00,8.704287372992968175e-01,9.334484397677283996e-01
2.687560687609077181e+00,8.746654084158566045e-01,9.327258511938791852e-01
2.729016565903532587e+00,8.787334053714902504e-01,9.341439924095393810e-01
2.674605892793986861e+00,8.741768691153888327e-01,9.312717207403372610e-01
2.675776784849347223e+00,8.745968508220035575e-01,9.297235359056160720e-01
2.686461672538868584e+00,8.765893328565582676e-01,9.324682503843138015e-01
2.696780632686522239e+00,8.701980538132237930e-01,9.315949242438609224e-01
2.725733982638284481e+00,8.779246532153216487e-01,9.328184140717298289e-01
2.635818503465169105e+00,8.729463032596554983e-01,9.290210150109402543e-01
2.651054891278020520e+00,8.648530026475859112e-01,9.344805930803151695e-01
2.622145437438829774e+00,8.782082666869241994e-01,9.283268983344746816e-01
2.612736847359006020e+00,8.766594537543401788e-01,9.249656292919440359e-01
2.611707508552916224e+00,8.750114213076953806e-01,9.240063654295819218e-01
2.632861227304879037e+00,8.710390214897251182e-01,9.214674012191361729e-01
2.609788561214887004e+00,8.760086548751467861e-01,9.230281274450792273e-01
2.614113428654436078e+00,8.761733546818446516e-01,9.182123506121665502e-01
2.603519594074051646e+00,8.766466945677752198e-01,9.224974086752080193e-01
2.605921993307113826e+00,8.785124620674491513e-01,9.209915513264529396e-01
2.585484372643308326e+00,8.772079243338273269e-01,9.231325611688934174e-01
2.561358803496528225e+00,8.775005283195725925e-01,9.219237631425966084e-01
2.598345882759033110e+00,8.839593551654373327e-01,9.242531588947026089e-01
2.543780881541649830e+00,8.699845171303018931e-01,9.219794876853865118e-01
2.522476350700258330e+00,8.652996514180270049e-01,9.245777498297285124e-01
2.555697256189938038e+00,8.558534930832192300e-01,9.196463974054147616e-01
2.531293614669560377e+00,8.650680157419542438e-01,9.257950705936285329e-01
2.516276275933449824e+00,8.663774681732484551e-01,9.229091218600763424e-01
2.517112981039169473e+00,8.689944620456614421e-01,9.198280287669128308e-01
2.549646244999279610e+00,8.633152270678843276e-01,9.242682088440505872e-01
2.499064314465519576e+00,8.639154097103474150e-01,9.216506535309524351e-01
2.526690331684876334e+00,8.606767948592254358e-01,9.197253487757517387e-01
2.525850950229892256e+00,8.617127006116914734e-01,9.231832994683143445e-01
2.524479959777711002e+00,8.704195278698177995e-01,9.211743304533689392e-01
2.515914360808909400e+00,8.655297211297906523e-01,9.215018767965927893e-01
2.535777106586180718e+00,8.709530764048935003e-01,9.238150067441195379e-01
2.503518678801460950e+00,8.622509637313199304e-01,9.242485323412571452e-01
2.481326884830171053e+00,8.668082731172465083e-01,9.216154715316227097e-01
2.462183151898083455e+00,8.650430537438109635e-01,9.144418753988243775e-01
2.454083310107142424e+00,8.650522851747470821e-01,9.129395309614843912e-01
2.479191211338591216e+00,8.617759380606335728e-01,9.123591537900942461e-01
2.438586475502732220e+00,8.655185484953304975e-01,9.121949541623062263e-01
2.451901182295641579e+00,8.549813068638149050e-01,9.118609626035018012e-01
2.435918805222635708e+00,8.658981151537659127e-01,9.124174807742775339e-01
2.407536670363624065e+00,8.635949275865997254e-01,9.143910325909453407e-01
2.435056148738554249e+00,8.662024447479559353e-01,9.178786069113777923e-01
2.414751612889647792e+00,8.609902298108425001e-01,9.149384353006984050e-01
2.411984553852806190e+00,8.640754975251275782e-01,9.115346428714705684e-01
2.406790148974061072e+00,8.677367718661664897e-01,9.131184279113656599e-01
2.406201395732987081e+00,8.642149524412769956e-01,9.149401428973465977e-01
2.402868456663409980e+00,8.606879041711559264e-01,9.151889666703350024e-01
2.402154985588238922e+00,8.597525591611031581e-01,9.129831157622707583e-01
2.365200193430066378e+00,8.657920876843250291e-01,9.146702171303944251e-01
2.383985259967981385e+00,8.639222601862687201e-01,9.114012933941750827e-01
2.378587604839861758e+00,8.619232998848852523e-01,9.161771395066128365e-01
2.357150006020817479e+00,8.766843155746832927e-01,9.141314012233392461e-01
2.393990882312404089e+00,8.744115595229596805e-01,9.129672435961911914e-01
2.356401242730476131e+00,8.796113181046916196e-01,9.140245664243256130e-01
2.362893517620358708e+00,8.792986184198730015e-01,9.139707742698914839e-01
2.348893730215113607e+00,8.819139610309424393e-01,9.119190803884777985e-01
2.351686373166079314e+00,8.871869781848720216e-01,9.090244907683017184e-01
2.371172220976209388e+00,8.808360910088358642e-01,9.114250901942955174e-01
2.336220271552219785e+00,8.856464226764292347e-01,9.138056778232419575e-01
2.352507093073751054e+00,8.842064523177088908e-01,9.177729192681741699e-01
2.345270603664528331e+00,8.840121242286280712e-01,9.123608241865955870e-01
2.321335157571704944e+00,8.906708268883224422e-01,9.154562701379848066e-01
2.320722623302404308e+00,8.868511454881606859e-01,9.165577112179982278e-01
2.321697477405524790e+00,8.872459000018760866e-01,9.150664971543004400e-01
2.344928112765942263e+00,8.832389171102394965e-01,9.161517604166213857e-01
2.303302218027140302e+00,8.883770939070618766e-01,9.097454157757933757e-01
2.321476203748788159e+00,8.871165898285469087e-01,9.098265410786767760e-01
2.326928619060272929e+00,8.898043608069675647e-01,9.098877540172543021e-01
2.300357518650368416e+00,8.800341674374978496e-01,9.087183566950345348e-01
2.331768010978894523e+00,8.838719728924562258e-01,9.115813630618690988e-01
2.311738802541480009e+00,8.795499201283523139e-01,9.094997351593447910e-01
2.300957254471594382e+00,8.805085423403032907e-01,9.058738996046414860e-01
2.318991317168134891e+00,8.805826464890105232e-01,9.087771918052393039e-01
2.319364167082893502e+00,8.846740686356711070e-01,9.155735703197966924e-01
2.314286529702012984e+00,8.830443060051200721e-01,9.105519909658880140e-01
2.297339375896516156e+00,8.769222975889181537e-01,9.048259921411819784e-01
2.341289972721468882e+00,8.706480048978445518e-01,9.058143121013931820e-01
2.319219686481396980e+00,8.764474570488773875e-01,9.061792289760884911e-01
2.299514618688491829e+00,8.762738757499970443e-01,9.048375569337198110e-01
2.302350368616427279e+00,8.720910714046320455e-01,9.059781659062973169e-01
2.299380081530620679e+00,8.806124164356899930e-01,9.049648843365999396e-01
2.279398225417323509e+00,8.785666381081970178e-01,9.053871725175369756e-01
2.231486851253701609e+00,8.764222227408079435e-01,9.017562550013371592e-01
2.265187126710406673e+00,8.696565031817276026e-01,9.049624834276828178e-01
2.245378502610300586e+00,8.739868042490508415e-01,9.014211502254718678e-01
2.218728045405889304e+00,8.811652697877079277e-01,9.029681694766864553e-01
2.249886214880787882e+00,8.879506172609884507e-01,9.048565291309232927e-01
2.218713618718392233e+00,8.812884830464539077e-01,9.039118518681555914e-01
2.221394801333431257e+00,8.799316022056337117e-01,9.019055790062107114e-01
2.228683782455411766e+00,8.823437946031337242e-01,9.040853090690186278e-01
2.203080199690254481e+00,8.790113081787023219e-01,8.987270738853423424e-01
2.248577948285720218e+00,8.788284504119111551e-01,8.995410098171305879e-01
2.214939024644260179e+00,8.769731724784590732e-01,8.981287708456656693e-01
2.190252562137206205e+00,8.768744895829142516e-01,8.919149829017192221e-01
2.166368623659844062e+00,8.746822305478367809e-01,8.898668066420872824e-01
2.172461607114692939e+00,8.753734060983943133e-01,8.932181044854463625e-01
2.152767048523457571e+00,8.736953735473867999e-01,8.860490901752550164e-01
2.134945403259233210e+00,8.782695382090461855e-01,8.872238201552434811e-01
2.152233365390084252e+00,8.794527817753645671e-01,8.877428016392462373e-01
2.132356977965593980e+00,8.818492784950400232e-01,8.866221814673385104e-01
2.077993673340320591e+00,8.747515184594103488e-01,8.830475020375128103e-01
2.064690872842635194e+00,8.790624846575725293e-01,8.808321315670707419e-01
2.070282035627641015e+00,8.700716294352781599e-01,8.754938018798100741e-01
2.060032917946255537e+00,8.847309297286397589e-01,8.814847811676698175e-01
2.072797964079923894e+00,8.814004154379602163e-01,8.774564654602904357e-01
2.042133056073728081e+00,8.830498343879207290e-01,8.803409430025356253e-01
2.046393582757907836e+00,8.846840300394731571e-01,8.749986590177024626e-01
2.054148922198372418e+00,8.813590602611429681e-01,8.787181208154249967e-01
2.020208001640241058e+00,8.825248578147775191e-01,8.783544632320097190e-01
2.018197236390293359e+00,8.851842831864492611e-01,8.811284825932246267e-01
2.019598411253033188e+00,8.951283043664973738e-01,8.801691230133886767e-01
2.032358934925217575e+00,8.822345837683592817e-01,8.823123851455170197e-01
2.040185370258340125e+00,8.811033708385358487e-01,8.757109049697282543e-01
2.016942879781500331e+00,8.833106799409644605e-01,8.813387024339529585e-01
2.011687714842262942e+00,8.827014558956397527e-01,8.816314394677747801e-01
1.989648827808608633e+00,8.745041651274839678e-01,8.779532348184795332e-01
1.987202361461207323e+00,8.749582699422486787e-01,8.736076848769909198e-01
2.047682240172639112e+00,8.699537445231241284e-01,8.725474015748023726e-01
2.001602310548551422e+00,8.759492250643632349e-01,8.758065536904612314e-01
2.024065412853970347e+00,8.744090240396305003e-01,8.744191304545603227e-01
1.987584724671906278e+00,8.799291004408864580e-01,8.767417410939088995e-01
1.990577891090964169e+00,8.772893921301631037e-01,8.788482087133420162e-01
1.968846744899232837e+00,8.763948867081758909e-01,8.722222293341717059e-01
1.993192504683176436e+00,8.741372881198854472e-01,8.722787137109224709e-01
1.980499553476703589e+00,8.738883159329927652e-01,8.714786811459214189e-01
1.945878399411309800e+00,8.741927246720101463e-01,8.694843523149420328e-01
1.921910541280719364e+00,8.796208103129806721e-01,8.680562706670996720e-01
1.922491677980609381e+00,8.815213336222210705e-01,8.684929011054793868e-01
1.926329295717940759e+00,8.776719725915413939e-01,8.699367791325698374e-01
1.917032793689665393e+00,8.763897317502623574e-01,8.642730849333052356e-01
1.930316415542011832e+00,8.654416483397103788e-01,8.585917211204658894e-01
1.914327016377362689e+00,8.750364135523558407e-01,8.611150236591369467e-01
1.925581323538710921e+00,8.797394510263046863e-01,8.614587967056961393e-01
1.928472370681169057e+00,8.739750170281093133e-01,8.619645413169469972e-01
1.882629853280520127e+00,8.739282920143838229e-01,8.543299485683809591e-01
1.882739917702571653e+00,8.701555012795313404e-01,8.507453550544750165e-01
1.869047158376357043e+00,8.728483363422440133e-01,8.512230874657954471e-01
1.844743734495178256e+00,8.837499227579613814e-01,8.497222885797528491e-01
1.826073278073647721e+00,8.787127575904486454e-01,8.467446423355784457e-01
1.814689818185350356e+00,8.731045435999712501e-01,8.435044785211004426e-01
1.844284003044009967e+00,8.793711316549873702e-01,8.480300771488900047e-01
1.824338270602079426e+00,8.718741394949481860e-01,8.441103408630447058e-01
1.825982499119303881e+00,8.709449884003482856e-01,8.412957837836274599e-01
1.806007094490758025e+00,8.692472364232206594e-01,8.399747841583258268e-01
1.817827380644496893e+00,8.733000295297607130e-01,8.389508824687058608e-01
1.817720213895886783e+00,8.718195254074806444e-01,8.407739445659992983e-01
1.841604694726958424e+00,8.742914856401582391e-01,8.453982001778687083e-01
1.808195443277622161e+00,8.701214284477347682e-01,8.402408310003242065e-01
1.804055098964161719e+00,8.610549332860454319e-01,8.304973841929953471e-01
1.796750956926623344e+00,8.591332674312396334e-01,8.302173058263216943e-01
1.815560485863193740e+00,8.618018957565249938e-01,8.314305009073952313e-01
1.793546890480250067e+00,8.596103322494927923e-01,8.304847599078024611e-01
1.792551345088290393e+00,8.550490864505997379e-01,8.277752649562911680e-01
1.788217529198714573e+00,8.500159927632913170e-01,8.245317507213607566e-01
1.749830912602562405e+00,8.486668826630879847e-01,8.182238010261585481e-01
1.767965387423219958e+00,8.524852057187656262e-01,8.184930936815698610e-01
1.760980327113123245e+00,8.495373622645345790e-01,8.192486133763517975e-01
1.748019192779101783e+00,8.410189324757224583e-01,8.122373780262843734e-01
1.740711584650122878e+00,8.340381706348179991e-01,8.082830960186683233e-01
1.747595408182336385e+00,8.306181159413901227e-01,8.063126744313703353e-01
1.737293181681676790e+00,8.319984832634674810e-01,8.052521094179669880e-01
1.741633271530616867e+00,8.389438564174023227e-01,8.070177559832505398e-01
1.747142897899334191e+00,8.298417217441206306e-01,8.034579992738918319e-01
1.709640149191184566e+00,8.226681208360531183e-01,7.951857894759534195e-01
1.739384050527418069e+00,8.282831026770200999e-01,7.969042594189680306e-01
1.726268942416311569e+00,8.235503288300486391e-01,7.933451732609368978e-01
1.692236617282474986e+00,8.204965449866922222e-01,7.923386588399043973e-01
1.744443639468879592e+00,8.153652077223650929e-01,7.907702882692430046e-01
1.707079115533384428e+00,8.191271892994747006e-01,7.930441911950047995e-01
1.704290326809065448e+00,8.225982280514138045e-01,7.929750188143525058e-01
1.705608170381805788e+00,8.239180775606129714e-01,7.952810670918073477e-01
1.674793972161641165e+00,8.216920029317713592e-01,7.923771202364686683e-01
1.685620518504799659e+00,8.201574718759716554e-01,7.908795879242752624e-01
1.670816846587142024e+00,8.267502412639703424e-01,7.954642450572944057e-01
1.694569811565916462e+00,8.212613507170865024e-01,7.928344853203850295e-01
1.673489130413608583e+00,8.323316690495066172e-01,7.992008453697319048e-01
1.650838694529076056e+00,8.225400344278275266e-01,7.909747435633343038e-01
1.681222247758220378e+00,8.223913072238610011e-01,7.904451904407369112e-01
1.647989758015121931e+00,8.205722597165978627e-01,7.910873245803247134e-01
1.667643427418291857e+00,8.198383916308746855e-01,7.905324279716186009e-01
1.642316940062113595e+00,8.192681168561838367e-01,7.901966325135405533e-01
1.673697480595685239e+00,8.275184359583181992e-01,7.935321913421463647e-01
1.658760163152541489e+00,8.187132066116917795e-01,7.896161581892732206e-01
1.620384212115417721e+00,8.222700398888435069e-01,7.909578838663486877e-01
1.647576366340489873e+00,8.236568299424913420e-01,7.946493987896016131e-01
1.636219897858103733e+00,8.255719648093217122e-01,7.932675126240401609e-01
1.656287230831246848e+00,8.277065525472612206e-01,7.899868375044637459e-01
1.627707553839358390e+00,8.295736151366739364e-01,7.956023916683576669e-01
1.602176170350335216e+00,8.164522717066643454e-01,7.863340817327487686e-01
1.598494838501131499e+00,8.157468946479227156e-01,7.838061367315013461e-01
1.596957344267951440e+00,8.165774527785171211e-01,7.827336097478148069e-01
1.611103300636805402e+00,8.129527063218580096e-01,7.807814449327498130e-01
1.590169447485350052e+00,8.149800726268042750e-01,7.825473184106478408e-01
1.601902729503672074e+00,8.023642271869213527e-01,7.808792674700797409e-01
1.602283309073890605e+00,8.145202881473052603e-01,7.840689613815079451e-01
1.580581801177654899e+00,8.046142046471432829e-01,7.752250513801831611e-01
1.616613610852096983e+00,8.140306197534679100e-01,7.796535875513422864e-01
1.583511407113233460e+00,8.010849041401981729e-01,7.709557929966466272e-01
1.625287578128313148e+00,8.104959635751101121e-01,7.804923545059453405e-01
1.603509591251139232e+00,8.065001762868068136e-01,7.768785482796346509e-01
1.598387816197365474e+00,8.009184327897631572e-01,7.754358464637199910e-01
1.561412818730371299e+00,8.022726200006714548e-01,7.728034553765842363e-01
1.559222139111383409e+00,7.929102214661563064e-01,7.676872910340754030e-01
1.560487490344858896e+00,7.917134401831644741e-01,7.645160865755730173e-01
1.586573221604357986e+00,7.945901039717184755e-01,7.691953281330238257e-01
1.574179336215109970e+00,7.894707832901660671e-01,7.654965325556231104e-01
1.555846733041830410e+00,7.873870402294397275e-01,7.631654245290525607e-01
1.568501266504294556e+00,7.884382956413835686e-01,7.644138105145358297e-01
1.560598137911253236e+00,7.840147580196944466e-01,7.614793662784615780e-01
1.540366969875752279e+00,7.905402515734623048e-01,7.654498748068004899e-01
1.545206995712593567e+00,7.852193618190488333e-01,7.645049568807068541e-01
1.535183653835631823e+00,7.879574003818063943e-01,7.644117228423916721e-01
1.505461371290261141e+00,7.705596672884299503e-01,7.506182090308859411e-01
1.499778404943005850e+00,7.676596913182807125e-01,7.460303501205860499e-01
1.488301021618380515e+00,7.609276304707232041e-01,7.415844811698277805e-01
1.503300215055233480e+00,7.521124355802253358e-01,7.369212036890739892e-01
1.493747052519988294e+00,7.613037100505695154e-01,7.416859665912286514e-01
1.507412354349084271e+00,7.498009839391215348e-01,7.334279930354553612e-01
1.490621136199891561e+00,7.582558653661418679e-01,7.400216783854477454e-01
1.468943591862617026e+00,7.439064067291344395e-01,7.298037592379761351e-01
1.465627918244991612e+00,7.442956051699736175e-01,7.288635534628991053e-01
1.520314817969668386e+00,7.478998478768185132e-01,7.349495690721760122e-01
1.453541992415717576e+00,7.410387465701444576e-01,7.249599921769228628e-01
1.452069097740843251e+00,7.410725098083547069e-01,7.227097734023338882e-01
1.473191601935656792e+00,7.363113464445363299e-01,7.176913972487276583e-01
1.454419661553618681e+00,7.412548233840609013e-01,7.228104426760981749e-01
1.450837685236980423e+00,7.305731881777257630e-01,7.156216090087283987e-01
1.430609584908818510e+00,7.305876079845188276e-01,7.133175609332360612e-01
1.426300403010820173e+00,7.129190082441145826e-01,7.022974689406792370e-01
1.397671362886201418e+00,7.021317966652880216e-01,6.972846867828964568e-01
1.371020645928911819e+00,6.922052164157881382e-01,6.912844816037767570e-01
1.399869067909409015e+00,6.919494217744009967e-01,6.883481244777075458e-01
1.357871297311191716e+00,6.884665386409977161e-01,6.878823411518912856e-01
1.385031607524571662e+00,6.865473645828589211e-01,6.903091336502094055e-01
1.362209238087647378e+00,6.818474791641746524e-01,6.832374566799931381e-01
1.348217419035262488e+00,6.846709192511366560e-01,6.866686359663632944e-01
1.356092887248139700e+00,6.815364539618038453e-01,6.836314204408890927e-01
1.337788568512840115e+00,6.811976894767246549e-01,6.842968769532516982e-01
1.311046670397305158e+00,6.801281463732102850e-01,6.823016738962364158e-01
1.303475251552677294e+00,6.810465511297896235e-01,6.851934407001667449e-01
1.335791743086369276e+00,6.892915507901888894e-01,6.886855353818049919e-01
1.302512721464578416e+00,6.778771328126025342e-01,6.809083723928741616e-01
1.301374257102464238e+00,6.821585971291884709e-01,6.842689767672366363e-01
1.320822788194038644e+00,6.792808585803721266e-01,6.826670977742281821e-01
1.306920177554806939e+00,6.833537113222527548e-01,6.847761559756017080e-01
1.306342798093406810e+00,6.733657222945766962e-01,6.818395508048039622e-01
1.301937107672960892e+00,6.837333940839527280e-01,6.864058039718102799e-01
1.301825452512207715e+00,6.703521654549842168e-01,6.764191925907302450e-01
1.300418988353428507e+00,6.816917202367077655e-01,6.834332813303439780e-01
1.327683914630295448e+00,6.758958183929668628e-01,6.800332555498598275e-01
1.297953024621534723e+00,6.796553105133334993e-01,6.816114642218109587e-01
1.270531606421496207e+00,6.639045394736627914e-01,6.696145128738548724e-01
1.299453079647275189e+00,6.548159612998436518e-01,6.625726514084464558e-01
1.286346835785212805e+00,6.687195643637361409e-01,6.707068145038561635e-01
1.259432799639734757e+00,6.597258368138179119e-01,6.665700901394647770e-01
1.277969975295329519e+00,6.695067056126318139e-01,6.764160927444520244e-01
1.277567997413205259e+00,6.612405236382494778e-01,6.677420895850447735e-01
1.221523902741067147e+00,6.499715544884555607e-01,6.563757428440970543e-01
1.230438426069060398e+00,6.391493406025094970e-01,6.485003360894658897e-01
1.228000676582523765e+00,6.520781289316631701e-01,6.561701958602843554e-01
1.261230535240889905e+00,6.470917709116393857e-01,6.577954968942608671e-01
1.209356834622311805e+00,6.486556737574720177e-01,6.521801935577137277e-01
1.208477735889176063e+00,6.452809638894537736e-01,6.493110712800974627e-01
1.203054642852180445e+00,6.361829441958906095e-01,6.441814175238412821e-01
1.195995501542529649e+00,6.355557453163692694e-01,6.394143127679725591e-01
1.214075854791247355e+00,6.400025059833691632e-01,6.387246473079450926e-01
1.204949297128780294e+00,6.358401646204886459e-01,6.403203978539604435e-01
1.227073830961987522e+00,6.261646255637899339e-01,6.344084322127837572e-01
1.200657330284609969e+00,6.379743813779653605e-01,6.411190362629793915e-01
1.218595689799109039e+00,6.382378847204831507e-01,6.397043128591860528e-01
1.179142353117033526e+00,6.281589455419369639e-01,6.331985339736870833e-01
1.209510753992590004e+00,6.283226399809864748e-01,6.341726304525241442e-01
1.186235048919373813e+00,6.287684261479860037e-01,6.347439134703795061e-01
1.173488108252950468e+00,6.337478047582317808e-01,6.377062453596114011e-01
1.181325507723037793e+00,6.424762282226953447e-01,6.423587033941488000e-01
1.182765851806536928e+00,6.343758999238128249e-01,6.383661569234264643e-01
1.139570616501288214e+00,6.246097188836129410e-01,6.289025799654983651e-01
1.168549883532227440e+00,6.120216945322092261e-01,6.184830711799583769e-01
1.130057013145391753e+00,6.245987284327464417e-01,6.287773110336662974e-01
1.123154313820485140e+00,6.223110069352730811e-01,6.209360538936949947e-01
1.173864183582820964e+00,6.268627444031918960e-01,6.218165258850476551e-01
1.133855723496431711e+00,6.254282418462023818e-01,6.230758153290900658e-01
1.140825794955224071e+00,6.182012457998249388e-01,6.203109711950226535e-01
1.109479827519413764e+00,6.187964808288347607e-01,6.186258943785748476e-01
1.111513590525644801e+00,6.337718756855922342e-01,6.299167364702510374e-01
1.118358317429918536e+00,6.223452377322619133e-01,6.212574807313341330e-01
1.111127810511085112e+00,6.197640824791856851e-01,6.216395086428608829e-01
1.102795285518660684e+00,6.197486771336198075e-01,6.170362785088694402e-01
1.140001143474718370e+00,6.164862446738422763e-01,6.166414192760981683e-01
1.102784192469995483e+00,6.203370826328959975e-01,6.163604293580503546e-01
1.119439648193624404e+00,6.242880439260982683e-01,6.189020065050415687e-01
1.121075645105856555e+00,6.275677364111883483e-01,6.225831609930723154e-01
1.094249161882918431e+00,6.264571984739744082e-01,6.161878245951083466e-01
1.116633625236466365e+00,6.349656671645620420e-01,6.254651110664007918e-01
1.078767820881994854e+00,6.218563280239831625e-01,6.135686443188297368e-01
1.087792611975927137e+00,6.220848368138351958e-01,6.119240444519277178e-01
1.090163243843436547e+00,6.249994272441229404e-01,6.169555576705058053e-01
1.071916392789874051e+00,6.135901443960681823e-01,6.077744244701467347e-01
1.100499521119366442e+00,6.054664004687920764e-01,6.037200897490831997e-01
1.089400029996262287e+00,6.171816753285382928e-01,6.102609037055967134e-01
1.057616342157912559e+00,6.025015263381017228e-01,5.962739151636615720e-01
1.074910735616900093e+00,5.984218375829992720e-01,5.932854099163727968e-01
1.055232263545212268e+00,5.991375739273577805e-01,5.912772798589305268e-01
1.076956393126408784e+00,5.983887319633084401e-01,5.924419472712812995e-01
1.069496442688314009e+00,6.048353218644425544e-01,5.941295946756146584e-01
1.076143957656527039e+00,6.081245236712722324e-01,5.972120404721238396e-01
1.065696792150055305e+00,5.985760616250035415e-01,5.911768703102557865e-01
1.048521210600718456e+00,6.044649234785829384e-01,5.942860529535912706e-01
1.071171076501994834e+00,6.065615983206757988e-01,5.978723797264441364e-01
1.050647681435494585e+00,5.993570444577481782e-01,5.905215629555073953e-01
1.105483089591472234e+00,6.163497169797074182e-01,6.044900460422109045e-01
1.057303417495347508e+00,6.052268488895762300e-01,5.950065657829235466e-01
1.061353409478174692e+00,5.998802930715042558e-01,5.890730945878567271e-01
1.041073742151200188e+00,5.990332913344227350e-01,5.877263439858221306e-01
1.051371162709717755e+00,5.936726163421499614e-01,5.826677714892763982e-01
1.057545341682797568e+00,6.040852156423655028e-01,5.916972179261259512e-01
1.020973262327508291e+00,5.904871089136202178e-01,5.780838353955404241e-01
1.020685789572877589e+00,5.925811974797017267e-01,5.781020939092182953e-01
1.031515591060357062e+00,5.847830513620536630e-01,5.745454571822988799e-01
1.041610198142505217e+00,5.912777801390132204e-01,5.776054716894639673e-01
1.008746119113194339e+00,5.935537571526784406e-01,5.750139264320185406e-01
1.038174194146081142e+00,6.045716020594157358e-01,5.841200046537812218e-01
1.017443217552626678e+00,5.895548099227452266e-01,5.712299017117773436e-01
1.056677891885367870e+00,5.939925797479116421e-01,5.744013025458749588e-01
1.012697961486944687e+00,5.875578318254379706e-01,5.701138692998081181e-01
1.037472101216033282e+00,5.964676641586476036e-01,5.778812216379515254e-01
1.003668835754005340e+00,5.926590432503664463e-01,5.722693733795783944e-01
9.945418754557240337e-01,5.916802388228257215e-01,5.701331634531774384e-01
9.902816132051945885e-01,5.837451174490784211e-01,5.613518875639522676e-01
1.011779331017482741e+00,5.899147492506759960e-01,5.667191036099832324e-01
9.894091818414658679e-01,5.833811371682292579e-01,5.601469180505245227e-01
9.683095309692958397e-01,5.789879431843821811e-01,5.558903742545301396e-01
9.841676099489264917e-01,5.766861539284351412e-01,5.553584825866310082e-01
9.856304367484824969e-01,5.817272078830816318e-01,5.582068960969328586e-01
9.580397153820148226e-01,5.623857198748645203e-01,5.415747468382422491e-01
9.753510093450299401e-01,5.700069125127499303e-01,5.476169251528199000e-01
9.889792992313923836e-01,5.626354809850809824e-01,5.431017477094497448e-01
9.466271813476159203e-01,5.498688714997320703e-01,5.316812854085289919e-01
9.593645726636619298e-01,5.437477019391033783e-01,5.260146067568414185e-01
9.591460866478767056e-01,5.496463145255114924e-01,5.323506752557454202e-01
9.308553733773659022e-01,5.565143980342283081e-01,5.350788059929834084e-01
9.382645077898151831e-01,5.566742109091015189e-01,5.351112087445326626e-01
9.388210179508091890e-01,5.618042441381752017e-01,5.395734373531956285e-01
9.571835776393480266e-01,5.589114771667809123e-01,5.379942030197992775e-01
9.375258494068581250e-01,5.530180226183557535e-01,5.319910728795079757e-01
9.662442497062302404e-01,5.588422102373382661e-01,5.370317315023193094e-01
9.419133779592204769e-01,5.620281999236448334e-01,5.400697901467144124e-01
9.414524705403629623e-01,5.557699107779039416e-01,5.341317676064306630e-01
9.555632814775223416e-01,5.638480508183296713e-01,5.414215547741326739e-01
9.514714307494006595e-01,5.588353588865395682e-01,5.372896850044366346e-01
9.499830555421248102e-01,5.609441603765158435e-01,5.390440477143794151e-01
9.418358544521714393e-01,5.447286949632840214e-01,5.242941190480359115e-01
9.390744491756760626e-01,5.605160864478062610e-01,5.391122841018518574e-01
9.243148796152844682e-01,5.580220651712832769e-01,5.364042425191798413e-01
9.306128837438536472e-01,5.516350551173508920e-01,5.306325758648401392e-01
9.326236665699509931e-01,5.591337557474591602e-01,5.374496073989510903e-01
9.416732382075448937e-01,5.534194716799792912e-01,5.329040257923102208e-01
9.312446470385122854e-01,5.620702107813287940e-01,5.400274218256740921e-01
9.565245275402975977e-01,5.614246857176039551e-01,5.392138614730764834e-01
9.325689069325552305e-01,5.614285637083116232e-01,5.394706401351938574e-01
9.614416689351757972e-01,5.616742745149146954e-01,5.398274981686519425e-01
9.362008721189485350e-01,5.603170634378806803e-01,5.384105049806732213e-01
9.250417736016129933e-01,5.647610817619228563e-01,5.426567131805940525e-01
9.282204141278243004e-01,5.642046798413533626e-01,5.416420176181419022e-01
9.075566591517532089e-01,5.503728029118792886e-01,5.297675782067500228e-01
9.338629262200881520e-01,5.507922807245414498e-01,5.299822507485625334e-01
9.009174935428546638e-01,5.438025191915057954e-01,5.239288380472172379e-01
9.252653511938568887e-01,5.409459093506049365e-01,5.215549693973541290e-01
9.109861235874470164e-01,5.464907133385471516e-01,5.259942012424835278e-01
9.072368376622428343e-01,5.502286410932415439e-01,5.297637889667714539e-01
9.124139406771917260e-01,5.488966953768671386e-01,5.284609385881925414e-01
8.719050821680491836e-01,5.402594669217275491e-01,5.207043953484281618e-01
8.706408339881568370e-01,5.360203540583357018e-01,5.168309864638076512e-01
8.917178518508721563e-01,5.496790270079185969e-01,5.289587727555918883e-01
8.896438230317813556e-01,5.365728082813802091e-01,5.173832845413203207e-01
8.492863476124624666e-01,5.341134149777492235e-01,5.153623719469205833e-01
8.663776236100023675e-01,5.317317788973644488e-01,5.136764903480217637e-01
8.508902546567245206e-01,5.342272784885078174e-01,5.153966275223217375e-01
8.545651158003126913e-01,5.321219852936122097e-01,5.134210430105412559e-01
8.663353586056055100e-01,5.368588813988663944e-01,5.177828710715706162e-01
8.913640869577028614e-01,5.432086226630561399e-01,5.231797501579356080e-01
8.433840909759102722e-01,5.295833192020501512e-01,5.113736490107145816e-01
8.944672452586921452e-01,5.245599119976467328e-01,5.075278618194876135e-01
8.410947190807253060e-01,5.269356414154851009e-01,5.088915230625595809e-01
8.070622850984081609e-01,5.214800872834755019e-01,5.037184055611457767e-01
8.129986347726951834e-01,5.325637449349888142e-01,5.136696105540289325e-01
8.060871682734628285e-01,5.180018801934085371e-01,5.005574446591941618e-01
8.374305750776980251e-01,5.186186355685747928e-01,5.013209830891917074e-01
8.000421828883541586e-01,5.222737281917007035e-01,5.043455715677812590e-01
8.287995571423505403e-01,5.187239937664994693e-01,5.011778220479111701e-01
8.097071567535973902e-01,5.194729460567377721e-01,5.017950752823319149e-01
8.235629467353976496e-01,5.252327535386444035e-01,5.070029366245758506e-01
8.029837023575301380e-01,5.232270103582652432e-01,5.051483605511289943e-01
8.201253451566368202e-01,5.222781465130539313e-01,5.042773966153244469e-01
8.063319975792191396e-01,5.226607994157645987e-01,5.046794806881240714e-01
8.130220621364718792e-01,5.281177078210242959e-01,5.095577384413161326e-01
8.137550485391715771e-01,5.258716537502557964e-01,5.075472424722593523e-01
7.872403894019301962e-01,5.157167818299904782e-01,4.985276743756367757e-01
8.048064828953074290e-01,5.191566621625572919e-01,5.015966104468724263e-01
7.925331111193989475e-01,5.112163877656753508e-01,4.944684745298685291e-01
7.997475803867928335e-01,5.206714097056677204e-01,5.031879938964890497e-01
7.881044227388456225e-01,5.102001059264305027e-01,4.936027559658252017e-01
7.928323970986377311e-01,5.208496485848611579e-01,5.029364717734083889e-01
7.894313517895450438e-01,5.205993933594231793e-01,5.028692907384278987e-01
8.061948168634462952e-01,5.093315974843135585e-01,4.927427780589602735e-01
7.847419334324001738e-01,5.162702869306006193e-01,4.989419282114016529e-01
8.177176210972847414e-01,5.025301958990590068e-01,4.871240885867098025e-01
8.041052059014510700e-01,5.172766479232264736e-01,4.998450357810913514e-01
7.957599297444878372e-01,5.180027265848939910e-01,5.005069872542503573e-01
7.993151875672676043e-01,5.185294295986808688e-01,5.010049408701187090e-01
8.295544860803226728e-01,5.300699298915213520e-01,5.113336976261555478e-01
7.864852582279879822e-01,5.222164735541487968e-01,5.043159819808610278e-01
7.842810422273462923e-01,5.070378341210376449e-01,4.908029932543182539e-01
8.081134174432649253e-01,5.089607410445595725e-01,4.928070506882964996e-01
7.834898743873863758e-01,5.077505488274106638e-01,4.914436572596758701e-01
7.818121245457199109e-01,5.064248629819778635e-01,4.900258112281780654e-01
8.007430211516817220e-01,5.067001386189465828e-01,4.904646292106341066e-01
7.802675812528230281e-01,5.080526805614968833e-01,4.914523809252234199e-01
7.872362187975470160e-01,5.190637403203686162e-01,5.012872271715258510e-01
7.870084589829826616e-01,5.137929157014178294e-01,4.966272867006646941e-01
7.735646574521951591e-01,5.094308217334344580e-01,4.928167620379663161e-01
7.811826915982644781e-01,5.174804048595164074e-01,4.998773602083996792e-01
7.800853290413303220e-01,5.145047879466516649e-01,4.973990957714470862e-01
8.099357829016914367e-01,5.197251394939257363e-01,5.020876284564425029e-01
7.686947451656350738e-01,5.109990503619413760e-01,4.942562630036881344e-01
7.903395675131895670e-01,5.068759183241118293e-01,4.906090901281988659e-01
7.718637128597012342e-01,5.145117440036823808e-01,4.974325996330102306e-01
7.843453258406020145e-01,5.077961640786858855e-01,4.913533288587856318e-01
7.745647347712261155e-01,5.101518794205366358e-01,4.934909649953724275e-01
7.570475942745923392e-01,5.084162277464563395e-01,4.918340380535945466e-01
7.613073292719945151e-01,4.957749481579556416e-01,4.803859969487914161e-01
7.607761735624728461e-01,5.083074139590794127e-01,4.917219238663539382e-01
7.729525302620580129e-01,5.136004723545698480e-01,4.965848298558796503e-01
7.463232984909320411e-01,5.003143840856775215e-01,4.845119007944654888e-01
7.360873979969363434e-01,4.983324099956749631e-01,4.827489296923685447e-01
7.461144234350644000e-01,5.075348106404378168e-01,4.909207960286398054e-01
7.597867555501696124e-01,5.016378687348082011e-01,4.857351846266525497e-01
7.223911598133789802e-01,4.813513937778036711e-01,4.672517627829781972e-01
7.176053585766293264e-01,4.867019613604341433e-01,4.720708716023697127e-01
7.162212081010757014e-01,4.810180558216306523e-01,4.668986854740557191e-01
7.526612046610711149e-01,4.914977055562648189e-01,4.764252081893746160e-01
7.323081408604090736e-01,4.840229984900918936e-01,4.696346313155341790e-01
7.499496672140339992e-01,4.918549841568468639e-01,4.767492459504037994e-01
7.160897961060511685e-01,4.787558552194469130e-01,4.648367319149008248e-01
7.440012153155914909e-01,4.872853730603626254e-01,4.727013550685135179e-01
7.179384183320163260e-01,4.815238381900802112e-01,4.673594315091391116e-01
7.410883768394571636e-01,4.832839086636374071e-01,4.689620222883273959e-01
7.202757239602866068e-01,4.743985835656072680e-01,4.608597276282685451e-01
6.852976864347894992e-01,4.846215356153365517e-01,4.701791774330169593e-01
6.771586204306190293e-01,4.830128420543109979e-01,4.687152857832651565e-01
6.999958203352706354e-01,4.841994368112789715e-01,4.699618061589593276e-01
6.933450069930477966e-01,4.868798601659877212e-01,4.722325547528670731e-01
7.049385827034737595e-01,4.791088751346533892e-01,4.655231789825990951e-01
6.821912767982221126e-01,4.817608186826711214e-01,4.675752771569576804e-01
7.372671355880228150e-01,4.873093049761917928e-01,4.726679967079874811e-01
6.954890248499512317e-01,4.903897476297582880e-01,4.754200184305728549e-01
6.828581125303931909e-01,4.847197568055157113e-01,4.703912947381332366e-01
6.826917861775348983e-01,4.841007181201906762e-01,4.697361758879631255e-01
6.515999391237514704e-01,4.723063999356804654e-01,4.589476083131169282e-01
6.577916508588744771e-01,4.788415485745469158e-01,4.649148750562225874e-01
6.560653760465814388e-01,4.762088654446286484e-01,4.625128880131550435e-01
6.726487451168370324e-01,4.768763716955534693e-01,4.631221488446973233e-01
6.642167583541724873e-01,4.687356006929467300e-01,4.556808506859540975e-01
6.359513265616556499e-01,4.676644338052866057e-01,4.546993557779904216e-01
6.604533866765259775e-01,4.703011002652645600e-01,4.571133680219828799e-01
6.474440393917664238e-01,4.653910794350165081e-01,4.526159228234143961e-01
6.262204537698913276e-01,4.511514603575766946e-01,4.395233184257471004e-01
6.206760163530467000e-01,4.400766132957499854e-01,4.292908776553989170e-01
6.219829943448645926e-01,4.414934893122763881e-01,4.306531070364233438e-01
6.277010210896031284e-01,4.418779163114651132e-01,4.312540281538925768e-01
6.636399956405364398e-01,4.446480992457134684e-01,4.335198151560507029e-01
6.282707362293954434e-01,4.454514770299925486e-01,4.342622456322836055e-01
6.309619271628774673e-01,4.319086215543740392e-01,4.217170766822547212e-01
6.301480161999303276e-01,4.406273358448482558e-01,4.298007162877413023e-01
6.417849121457608330e-01,4.421157064047187557e-01,4.314642135309168514e-01
6.198344686179226848e-01,4.403008075578799807e-01,4.294984410405162656e-01
6.175068742147352685e-01,4.397229972775918982e-01,4.289634579559261085e-01
6.338206315708748706e-01,4.577506044098211824e-01,4.455999576542286067e-01
6.173498175156815204e-01,4.406051664535033940e-01,4.297801947003104250e-01
6.429469782442576165e-01,4.386826189757537242e-01,4.279999030312029440e-01
6.183293218248568923e-01,4.381221476976142060e-01,4.274806640518553635e-01
6.279989271822156160e-01,4.310746678059760306e-01,4.209425165770500077e-01
6.268351102071981762e-01,4.427024322495406450e-01,4.317208241465297913e-01
6.498750054688093858e-01,4.337402939733983054e-01,4.234174747732312172e-01
6.263895863644639572e-01,4.388470248179485722e-01,4.281521935710115301e-01
6.285233881518241805e-01,4.376646478636962989e-01,4.270567414513145588e-01
6.294706348456062805e-01,4.505543108458535118e-01,4.389726865522565746e-01
6.314887337780288323e-01,4.496314384398914510e-01,4.381214578944254701e-01
6.224573841968407129e-01,4.415892621593872081e-01,4.306909814471059361e-01
6.296108548508857483e-01,4.473163989136825225e-01,4.359848191728694089e-01
6.051128645237353609e-01,4.406291476809875984e-01,4.298023934464522688e-01
6.217535749996696559e-01,4.473020758630671390e-01,4.359715940267256395e-01
6.116213406548974829e-01,4.427240602287942917e-01,4.317408288969879493e-01
6.255144231625204831e-01,4.304655080899227881e-01,4.203765929008087543e-01
6.049370535403112425e-01,4.394391787242155067e-01,4.287006339372522179e-01
6.263793843977489839e-01,4.446640211010287058e-01,4.335345313014637991e-01
6.146663283197340011e-01,4.437834145471792335e-01,4.327204778041967015e-01
6.287707804217772534e-01,4.375956525405453323e-01,4.269928036796313275e-01
6.061069472307374362e-01,4.388084162815118483e-01,4.281164309859370465e-01
6.106703990339105159e-01,4.409624008979994292e-01,4.301108560385664692e-01
6.054712144804110796e-01,4.339391391440622914e-01,4.236020006006497862e-01
6.072648501129406240e-01,4.367150311179383571e-01,4.261765913905916081e-01
6.008360584071031907e-01,4.445690827674232959e-01,4.334467810314680536e-01
6.217206168034424829e-01,4.435428110040872673e-01,4.324980113448441132e-01
5.868867907165660203e-01,4.396828928013835625e-01,4.289263217547771290e-01
6.165350326633735056e-01,4.448520532909007730e-01,4.337083177564654557e-01
5.895633667092702312e-01,4.391177379913543954e-01,4.284029372964597848e-01
6.117589264805659566e-01,4.393033471997602191e-01,4.285748403060301026e-01
5.877496633506655854e-01,4.393385271666909730e-01,4.286074210961359765e-01
5.921138313408256248e-01,4.412373408931717922e-01,4.303653144849066137e-01
5.777006611757748988e-01,4.406112679765556983e-01,4.297858427269649617e-01
6.086772452946725975e-01,4.366619621509111315e-01,4.262635869888343754e-01
5.838825400455598391e-01,4.458517313959622363e-01,4.346320512155656957e-01
5.943535245905078312e-01,4.411386899141714890e-01,4.302740154722022314e-01
5.781724773630502190e-01,4.462262367293352017e-01,4.349780159569250348e-01
5.955129911950401977e-01,4.467061242712442315e-01,4.354212602392202314e-01
5.885090253043702146e-01,4.421630622413526002e-01,4.312218827048402980e-01
6.056124839699238427e-01,4.514339431234007383e-01,4.397837520195219674e-01
5.982519221160254030e-01,4.404126293002091908e-01,4.296019613055063746e-01
5.959806331842102400e-01,4.424775099761766306e-01,4.315127731979630510e-01
5.848195317977527008e-01,4.346700129284223335e-01,4.242801271278989206e-01
5.897566621535721421e-01,4.427540847421559400e-01,4.317685997341035864e-01
5.832956589136539804e-01,4.382342143993236405e-01,4.275844949294083097e-01
5.929719001564164316e-01,4.503755895947982313e-01,4.388078631108625616e-01
5.667524043356503283e-01,4.440658203218809108e-01,4.329815697307760058e-01
5.668915959700637774e-01,4.460599742216563302e-01,4.348244301555634905e-01
5.672425126480422630e-01,4.438271611035671804e-01,4.327609245151314843e-01
5.653880720275542560e-01,4.432505852727465223e-01,4.322277870445741521e-01
5.665247741936630943e-01,4.442364951583855359e-01,4.331393498898273853e-01
5.656088004590399398e-01,4.437877667337625787e-01,4.327245017308654074e-01
5.638913177727133963e-01,4.427726290461466152e-01,4.317857519242534470e-01
5.630306270090730258e-01,4.422441387347023634e-01,4.312968885252909113e-01
5.615667531005812396e-01,4.416403782126717137e-01,4.307382805440688744e-01
5.611384359485591666e-01,4.417631603570264520e-01,4.308518905681509303e-01
5.603188138906601834e-01,4.412656107359184676e-01,4.303914768979898997e-01
5.602111798924045427e-01,4.413514143381384036e-01,4.304708824170985770e-01
5.596619469123174095e-01,4.408393570567111230e-01,4.299969698563640419e-01
5.595724112449067533e-01,4.399301729500741387e-01,4.291552910119082465e-01
5.578485751937836135e-01,4.390980655081136996e-01,4.283847168225167756e-01
5.578284989034617558e-01,4.400670221915403135e-01,4.292819976397382886e-01
5.558574105619219496e-01,4.399720689273799445e-01,4.291940825432997708e-01
5.548388851523318177e-01,4.406325154451476434e-01,4.298055108749144204e-01
5.554600434176241164e-01,4.399454810312329323e-01,4.291694648510649968e-01
5.545362257079804458e-01,4.406638430565947284e-01,4.298345096266980581e-01
5.559225619004458663e-01,4.415238386283236727e-01,4.306304419288696783e-01
5.553840612551139699e-01,4.412825744176218645e-01,4.304071758570977013e-01
5.544093913011571839e-01,4.417446221542134510e-01,4.308347375473099983e-01
5.527074933356992403e-01,4.415745883827550955e-01,4.306774032292875476e-01
5.515455265356685732e-01,4.410666579353647032e-01,4.302073495573277562e-01
5.512921782834213635e-01,4.410956353832368726e-01,4.302341685286427131e-01
5.507648721131161995e-01,4.423774784864323295e-01,4.314202394019122089e-01
5.510962648656201335e-01,4.427648441069309548e-01,4.317785514119673596e-01
5.501700135341469622e-01,4.422596135535319939e-01,4.313112043951956576e-01
5.495277961922816479e-01,4.424510080627302444e-01,4.314882580285057112e-01
5.506746993683580005e-01,4.438900064333253792e-01,4.328190281971323050e-01
5.498394539900340883e-01,4.425773337469502966e-01,4.316051113915876369e-01
5.488722208966771987e-01,4.421916747053695196e-01,4.312483530453618541e-01
5.471527290903430707e-01,4.417605688471125669e-01,4.308494927040383282e-01
5.464706893043362879e-01,4.408096538804914255e-01,4.299694765861845069e-01
5.476291365427748969e-01,4.416104535725666191e-01,4.307105905569704740e-01
5.458472018118946112e-01,4.401524977433797781e-01,4.293611348818015538e-01
5.427917994388520295e-01,4.394202821872153497e-01,4.286831342260009614e-01
5.425442038986537652e-01,4.397830556459963458e-01,4.290190701566074516e-01
5.424665839810827173e-01,4.394556969406827607e-01,4.287159310321507766e-01
5.416575754227629380e-01,4.399129269597146230e-01,4.291393227550781564e-01
5.401884154841165575e-01,4.394759792903814022e-01,4.287347138656835699e-01
5.381153482673464161e-01,4.379804753345779011e-01,4.273493970895335670e-01
5.361938765676490526e-01,4.378732386559653356e-01,4.272500320475634550e-01
5.369531337664099624e-01,4.393397050884218502e-01,4.286085119829480816e-01
5.370697433707145585e-01,4.378942142313353436e-01,4.272694682344926886e-01
5.348881656137409735e-01,4.375535035857188726e-01,4.269537435608319331e-01
5.343012005571893264e-01,4.375808698601619806e-01,4.269791043995697644e-01
5.337722346368372062e-01,4.373143221430776939e-01,4.267320787429649820e-01
5.326386537689782319e-01,4.369843592783143049e-01,4.264262488588003719e-01
5.325845099584584075e-01,4.370371692251741602e-01,4.264751988664112203e-01
5.314042506707999936e-01,4.367446976237256973e-01,4.262040923823704475e-01
5.309169424984533370e-01,4.361024647747304694e-01,4.256086723901280067e-01
5.306341173260747945e-01,4.364236832369020602e-01,4.259064945670394398e-01
5.294738062495396580e-01,4.354733813558741562e-01,4.250253071072565003e-01
5.290697915291754372e-01,4.355128150764666084e-01,4.250618789708413003e-01
5.285920204709259052e-01,4.359854421161776239e-01,4.255001644620597379e-01
5.296635255552166743e-01,4.362387677562900579e-01,4.257350518958055163e-01
5.288286412688234517e-01,4.361601487045644321e-01,4.256621574406928010e-01
5.275558967111275699e-01,4.352310645743723838e-01,4.248005645772801042e-01
5.263742801368107571e-01,4.356240021412007835e-01,4.251649939129723554e-01
5.272012137979663615e-01,4.361586116069707253e-01,4.256607322448963115e-01
5.257894750917153637e-01,4.352244151826623608e-01,4.247943971574617006e-01
5.247149804228257164e-01,4.345849448481127753e-01,4.242012077415748816e-01
5.228662105350748712e-01,4.325947565392190275e-01,4.223541697702073994e-01
5.221947691906483335e-01,4.326934885835546085e-01,4.224458318043337601e-01
5.225501274812343055e-01,4.333393733174696894e-01,4.230453847099215348e-01
5.231825434037549183e-01,4.329891452875996305e-01,4.227202974056978313e-01
5.213337074951841510e-01,4.320630546199766275e-01,4.218604854073328969e-01
5.202933531455034011e-01,4.319563205383222249e-01,4.217613714906140454e-01
5.187078740010991895e-01,4.312206386290799442e-01,4.210781083618056475e-01
5.178867629327769118e-01,4.319748804123615948e-01,4.217786065783626359e-01
5.176179049479953109e-01,4.312565298285900295e-01,4.211114464725428941e-01
5.176408554360218961e-01,4.311878844512853082e-01,4.210476837451209153e-01
5.173452833412657270e-01,4.309403366431097671e-01,4.208177304972296473e-01
5.151321358670011286e-01,4.299581371681234776e-01,4.199051382386663200e-01
5.142303462029300665e-01,4.294014016942920842e-01,4.193877141079370707e-01
5.122848608229226830e-01,4.284858695513286131e-01,4.185366023610841424e-01
5.122070435250223319e-01,4.281468008389470725e-01,4.182213207046542314e-01
5.108994235221063773e-01,4.284230810776227805e-01,4.184782216538558419e-01
5.104875766748456778e-01,4.286952043214239394e-01,4.187312322559579858e-01
5.103873553046582856e-01,4.287541143673976873e-01,4.187860014800738884e-01
5.103452687767143781e-01,4.291493467480451129e-01,4.191534227146796465e-01
5.089471437684903732e-01,4.299555222048064285e-01,4.199027081620622659e-01
5.085141318275316902e-01,4.298155960989735180e-01,4.197726719575003984e-01
5.077543976994446373e-01,4.296573334870688043e-01,4.196255873471366193e-01
5.066278086702036276e-01,4.295540443662875241e-01,4.195295889514287779e-01
5.064271467756068512e-01,4.297456511858229189e-01,4.197076682509845447e-01
5.069910036501956707e-01,4.313107856867725021e-01,4.211618420649643202e-01
5.070718501660123056e-01,4.303069140242972157e-01,4.202292348302652525e-01
5.034428543786786392e-01,4.300081572184565881e-01,4.199516212612945387e-01
5.023443853280182836e-01,4.293786997772711111e-01,4.193666129788403141e-01
5.012225654774158379e-01,4.270768418595375926e-01,4.172261721106868548e-01
4.996840340601126362e-01,4.257204543490967774e-01,4.159640737807058786e-01
4.991473182081326843e-01,4.256361355901401855e-01,4.158855962501965542e-01
4.983284986230182567e-01,4.235973372414382765e-01,4.139873196820818557e-01
4.963347107026572225e-01,4.227142784229697137e-01,4.131646982996575179e-01
4.949278533906360522e-01,4.211525074758032949e-01,4.117091879892038619e-01
4.937006018602926316e-01,4.209985855083997475e-01,4.115656952741296171e-01
4.930009403972273607e-01,4.206972712460081976e-01,4.112847745956467738e-01
4.922791219859891099e-01,4.203327669335517602e-01,4.109449009365979122e-01
4.913034683879720088e-01,4.198720119962689457e-01,4.105152183531110555e-01
4.890937882483238353e-01,4.192206537816189904e-01,4.099076679516326371e-01
4.877972075682528441e-01,4.193729144198466985e-01,4.100497005469672107e-01
4.867605234746947840e-01,4.195944032666490409e-01,4.102562974562237175e-01
4.860676998838243668e-01,4.199127005062385787e-01,4.105531657106601950e-01
4.849744562997737596e-01,4.193727986420117126e-01,4.100495925493347071e-01
4.850169650982381619e-01,4.196621406498589057e-01,4.103194772744040431e-01
4.856945467632588498e-01,4.195398581398252502e-01,4.102054211917858795e-01
4.828598231364117366e-01,4.179394885820988947e-01,4.087122649760271398e-01
4.825814785600205936e-01,4.177422594565707303e-01,4.085281910399277683e-01
4.807550380246421451e-01,4.182408301381313476e-01,4.089934825929539830e-01
4.803493148690517467e-01,4.168672577084405195e-01,4.077113994543312692e-01
4.800341011128930191e-01,4.160699606231283432e-01,4.069669268163326192e-01
4.783203554164942028e-01,4.155764152398060962e-01,4.065059778052669825e-01
4.773174120127433584e-01,4.144837618908491783e-01,4.054852089837277518e-01
4.763367630541330278e-01,4.149724559334482255e-01,4.059418000139917160e-01
4.761137996887609969e-01,4.151844549401371154e-01,4.061398485231398903e-01
4.760150312096039782e-01,4.146523494404475985e-01,4.056427304828378877e-01
4.752658109783124418e-01,4.150191861637101409e-01,4.059854564301104696e-01
4.736832497870481773e-01,4.143976614584305440e-01,4.054047566287453663e-01
4.728391778188218986e-01,4.136090343486162335e-01,4.046677512928900100e-01
4.719394276310410752e-01,4.140637223618036100e-01,4.050927008973193022e-01
4.715483535422437811e-01,4.144762080489473588e-01,4.054781507597917667e-01
4.709033804855750072e-01,4.140483137024936200e-01,4.050783011156281477e-01
4.708007305744870696e-01,4.133445631561345479e-01,4.044205469646605100e-01
4.695001678039359971e-01,4.126871543680456500e-01,4.038059618447951693e-01
4.677112265758566201e-01,4.133035284759298267e-01,4.043821893513768750e-01
4.669746939126288021e-01,4.139894756595518532e-01,4.050233147733044992e-01
4.654442451057427821e-01,4.124174397024001903e-01,4.035537762675606710e-01
4.641410724277498234e-01,4.114379762359681725e-01,4.026377732145744459e-01
4.623259980922685974e-01,4.107214148257650188e-01,4.019674440579555363e-01
4.611694974315649898e-01,4.099533452501589181e-01,4.012487479419782899e-01
4.590317499525778944e-01,4.090766874086567140e-01,4.004282141301550579e-01
4.582379923297521529e-01,4.085961887014024074e-01,3.999783734461008766e-01
4.570656181317439559e-01,4.085026990664150648e-01,3.998908403547140056e-01
4.559664158011078050e-01,4.061957261512005868e-01,3.977299750859016325e-01
4.543809070229148928e-01,4.059779296737446308e-01,3.975258853953697602e-01
4.520259718382187986e-01,4.058346092485997092e-01,3.973915765242744258e-01
4.503393023939832318e-01,4.057749328907396813e-01,3.973356505250841830e-01
4.490007670030082831e-01,4.049561452772838521e-01,3.965682062938785113e-01
4.484499451311109164e-01,4.058118885387467789e-01,3.973702838290137929e-01
4.480652323082766064e-01,4.056134364549622284e-01,3.971842976977820738e-01
4.466047129034546037e-01,4.053376729759384789e-01,3.969258359564889482e-01
4.456912080546436838e-01,4.055306485261465643e-01,3.971067065011056885e-01
4.446708335803011281e-01,4.047693925529328718e-01,3.963931346450095261e-01
4.444168258835947682e-01,4.052110840596101493e-01,3.968071813635369316e-01
4.441612686252831566e-01,4.044684656703565473e-01,3.961110071754855300e-01
4.439711138363396925e-01,4.032797240133756400e-01,3.949962502879732495e-01
4.433006807092733093e-01,4.031237758899126056e-01,3.948499751805675251e-01
4.411599053067518650e-01,4.026418353511256321e-01,3.943978799314846184e-01
4.392884440059329210e-01,4.007695710570448044e-01,3.926408718125183883e-01
4.380332870817938984e-01,4.005473778993278167e-01,3.924322843261357496e-01
4.358470902422070803e-01,3.998716412700659140e-01,3.917978311544700887e-01
4.351624635444990563e-01,4.015368590247664349e-01,3.933610578844215500e-01
4.334901776825234587e-01,4.008505514776735668e-01,3.927168896979718049e-01
4.328265100176249547e-01,4.009833112592010584e-01,3.928415094551706566e-01
4.326010940941042993e-01,4.020464623484741318e-01,3.938392765355446246e-01
4.318745178357306091e-01,4.021273442904451101e-01,3.939151697927921192e-01
4.312795926969503757e-01,4.016030174111683837e-01,3.934231463838222531e-01
4.303140390800775927e-01,4.003269621756206376e-01,3.922253502701137928e-01
4.287342793711556022e-01,3.995804906804326651e-01,3.915244244249070915e-01
4.290344466197653084e-01,3.989148991350078277e-01,3.908992979418503544e-01
4.284477741802256157e-01,3.996493597956223831e-01,3.915890987600620932e-01
4.281568765307011137e-01,3.987514113066752408e-01,3.907457284728047542e-01
4.276143588006521279e-01,3.982061601081748892e-01,3.902334964104730575e-01
4.280309092709956853e-01,3.977665052685616653e-01,3.898203991419353365e-01
4.278269431792259270e-01,3.981958808520846826e-01,3.902238387595278191e-01
4.265540831242822795e-01,3.981606091434731765e-01,3.901906997465370286e-01
4.268525962451589217e-01,3.988785428624076479e-01,3.908651480200673878e-01
4.266679833256245002e-01,3.984616719519500361e-01,3.904735464993843719e-01
4.263029748906995708e-01,3.967716333540143858e-01,3.888854028723365830e-01
4.249054128294906807e-01,3.948061211576849860e-01,3.870372890068661809e-01
4.236327189769213408e-01,3.931669582966374477e-01,3.854951272393015715e-01
4.231708642847863411e-01,3.935362101544137015e-01,3.858425993870613913e-01
4.224921538290618006e-01,3.929617799719955507e-01,3.853020330556730655e-01
4.206227869049757873e-01,3.922284531730315660e-01,3.846117913545115674e-01
4.203547457654997488e-01,3.912446607253066699e-01,3.836855428842811944e-01
4.194956583127022465e-01,3.913692333721132122e-01,3.838028452711424454e-01
4.189815014706375074e-01,3.912020380817209930e-01,3.836454066863332901e-01
4.191081117020334368e-01,3.902692397587491091e-01,3.827668865280859367e-01
4.188808612023106059e-01,3.916230054864892063e-01,3.840417922754592595e-01
4.179682333371304015e-01,3.917110844143628090e-01,3.841247211530915973e-01
4.167467327981716485e-01,3.914534025202272560e-01,3.838820995082388721e-01
4.167056237654435669e-01,3.916597642910377153e-01,3.840764020475677665e-01
4.157934053387741247e-01,3.919629195738670857e-01,3.843618183004077760e-01
4.146797506821131019e-01,3.899006123707922100e-01,3.824196364579561802e-01
4.139675463857702686e-01,3.906798566262636996e-01,3.831536426599946310e-01
4.139820410525701933e-01,3.909700543638457426e-01,3.834269463768008590e-01
4.137322622912893988e-01,3.904582346918557545e-01,3.829449053985980456e-01
4.131911111112980262e-01,3.901707398777817803e-01,3.826741028407475986e-01
4.136046185394430807e-01,3.900794279500248152e-01,3.825880873520549064e-01
4.131164165469398131e-01,3.902817049553263251e-01,3.827786281291267190e-01
4.121426668567679252e-01,3.894952755738268491e-01,3.820377584378626401e-01
4.108587983543062760e-01,3.888150447976111979e-01,3.813967844873695778e-01
4.094885718060463642e-01,3.874604139517542345e-01,3.801199159595358146e-01
4.093554754046475619e-01,3.869312484644361616e-01,3.796209774455248653e-01
4.088949850852109380e-01,3.867294069809071311e-01,3.794306434337034184e-01
4.083467150835692894e-01,3.868190599777999727e-01,3.795151866025222032e-01
4.081826253157019302e-01,3.857280697343032361e-01,3.784862145912972764e-01
4.069602450569053120e-01,3.843030727749683906e-01,3.771416875815985503e-01
4.070205038219862348e-01,3.850402224326514022e-01,3.778372857679916930e-01
4.071709850747329273e-01,3.847435314132339190e-01,3.775573380120331723e-01
4.063439375207751336e-01,3.833202815444331502e-01,3.762140427440666124e-01
4.059956991750176547e-01,3.826825811749253736e-01,3.756119717019811843e-01
4.056928925376303008e-01,3.817519517064870138e-01,3.747331219334916752e-01
4.057950405732160259e-01,3.828088844483131803e-01,3.757312277819826463e-01
4.058610008785435985e-01,3.818953829476365303e-01,3.748685894317017042e-01
4.047608967226093424e-01,3.811755813866674614e-01,3.741886922214415767e-01
4.039189909614707696e-01,3.813526172958652261e-01,3.743559277950476716e-01
4.037729401168986820e-01,3.789333431815128939e-01,3.720697813453661684e-01
4.027567704584141817e-01,3.783157429600087496e-01,3.714858911227783556e-01
4.019992490141674479e-01,3.792303775708344427e-01,3.723505631409238514e-01
4.027256517560716120e-01,3.777765522899508843e-01,3.709760394473285428e-01
4.019518146387356383e-01,3.790101392358242172e-01,3.721423778902065438e-01
4.027821514161843419e-01,3.786345418984526368e-01,3.717873032483678397e-01
4.018516073478763939e-01,3.791810889918018068e-01,3.723039732358009446e-01
4.015249133907867196e-01,3.796832173650359077e-01,3.727785754592249923e-01
4.008467555856007891e-01,3.788248919460738273e-01,3.719672577053705353e-01
4.004021225595240097e-01,3.785216195019351915e-01,3.716805428709148429e-01
3.999784684685537828e-01,3.786045095457763465e-01,3.717589100840409944e-01
3.995804356143861646e-01,3.786698694017422984e-01,3.718207022119858207e-01
3.980103172290773150e-01,3.781474105020305454e-01,3.713267272676269437e-01
3.974110802083696825e-01,3.777326285760602698e-01,3.709345020132600035e-01
3.969050473106798260e-01,3.773942502202928262e-01,3.706144881325591500e-01
3.959456289395986150e-01,3.781011655650991510e-01,3.712829997134706739e-01
3.951749131804989656e-01,3.773662321636929717e-01,3.705879891742829835e-01
3.951582651856998529e-01,3.791545561118142560e-01,3.722788928028848976e-01
3.944507719733978401e-01,3.787045627104942969e-01,3.718535012462838574e-01
3.955051502947623532e-01,3.791166088130171752e-01,3.722430224337341387e-01
3.951070953704964306e-01,3.789893451594230078e-01,3.721227210861071111e-01
3.933680526176003278e-01,3.775068930343316587e-01,3.707210213052186121e-01
3.940952362118137486e-01,3.781247451791676095e-01,3.713052958291658268e-01
3.931023226058787401e-01,3.781381364991915350e-01,3.713179581532026208e-01
3.917524216664406422e-01,3.789094477601875899e-01,3.720471922668578957e-01
3.909190287972040823e-01,3.787701233217206087e-01,3.719154812482981520e-01
3.902572575780873798e-01,3.779650818729483608e-01,3.711543202271369024e-01
3.896395740768799909e-01,3.763158193242019389e-01,3.695943631057970191e-01
3.885323756775758697e-01,3.754941630024224986e-01,3.688169028935249782e-01
3.873104052569666944e-01,3.745190165063297938e-01,3.678939543875311968e-01
3.861673569968895325e-01,3.728121265993996070e-01,3.662777694970874576e-01
3.858682304360776527e-01,3.719614433632018602e-01,3.654719784436517016e-01
3.856678109651534569e-01,3.714466598691311128e-01,3.649842600478907517e-01
3.856592896230924272e-01,3.720943709292451884e-01,3.655979048867070147e-01
3.854581187026056011e-01,3.719787268168227024e-01,3.654883518872977244e-01
3.845093542441023748e-01,3.716997713812803528e-01,3.652240735549407979e-01
3.837535109091230745e-01,3.723339102367990150e-01,3.658248151453690200e-01
3.842024156536916202e-01,3.728515615231386970e-01,3.663151183134383815e-01
3.843274992037807314e-01,3.720553843672576577e-01,3.655609722227690095e-01
3.824637192247457573e-01,3.707121900161160499e-01,3.642882738648274832e-01
3.814931113305541355e-01,3.696218410831224044e-01,3.632547707097488754e-01
3.804780620806467173e-01,3.693051760904720870e-01,3.629545515458289517e-01
3.802417127578625600e-01,3.689173199255980085e-01,3.625867995303262425e-01
3.799108574909879632e-01,3.687688581623174700e-01,3.624460217971988696e-01
3.805362499762536266e-01,3.691456123466470562e-01,3.628032638251481590e-01
3.794834723934852327e-01,3.687740302275814286e-01,3.624509262740939208e-01
3.782644164125216202e-01,3.683369650317611654e-01,3.620364467639338724e-01
3.776950358489746806e-01,3.694409836408509284e-01,3.630833095062922511e-01
3.781357322445563218e-01,3.689134437143468115e-01,3.625831240224143270e-01
3.779677275427342220e-01,3.696464198305082771e-01,3.632780717763610112e-01
3.776424950870546082e-01,3.702342336807705192e-01,3.638352778101461293e-01
3.772206273184485203e-01,3.701489456416824919e-01,3.637544368927885796e-01
3.765568195230915571e-01,3.696046846528723839e-01,3.632385060226518414e-01
3.757554251465066719e-01,3.693401455250245324e-01,3.629877062662112963e-01
3.752110343556007699e-01,3.677549359939131790e-01,3.614844102134152637e-01
3.745486236816172321e-01,3.667990230946817642e-01,3.605775477859595735e-01
3.739552033057025326e-01,3.654051831812411555e-01,3.592547661673735626e-01
3.734178296282809062e-01,3.640672006416031392e-01,3.579844789823839468e-01
3.737914237344362456e-01,3.629526431181482327e-01,3.569259286522890040e-01
3.735990349725114568e-01,3.637631226589476130e-01,3.576957156648524760e-01
3.730496521831319634e-01,3.644157174863287829e-01,3.583154110901355938e-01
3.722707129590258623e-01,3.651774662254578252e-01,3.590386061616382962e-01
3.714819135363471858e-01,3.648034712692042603e-01,3.586835602663004385e-01
3.712208482389659503e-01,3.661677165251829291e-01,3.599784933841838064e-01
3.711233724289836333e-01,3.649048705007879034e-01,3.587798258331382217e-01
3.702261116103223726e-01,3.648798303746306759e-01,3.587560537136545435e-01
3.697606271941598077e-01,3.644065387921170962e-01,3.583066959530461504e-01
3.689058057397886503e-01,3.643687095731056313e-01,3.582707769959044275e-01
3.684489434665731977e-01,3.639700707859472306e-01,3.578922438225338176e-01
3.681246226217096407e-01,3.632255285655298094e-01,3.571851336331309801e-01
3.678531362663159943e-01,3.629903022267881307e-01,3.569617010509265054e-01
3.677978836283303798e-01,3.625580022524446111e-01,3.565510353029688329e-01
3.672130415198614495e-01,3.635134453607810623e-01,3.574585937812385650e-01
3.671922243226477534e-01,3.632019861348599887e-01,3.571627722686465112e-01
3.674004867626906035e-01,3.636216345584681875e-01,3.575613446623625569e-01
3.679946883823937975e-01,3.631210146770021963e-01,3.570858617654791844e-01
3.665277103592904373e-01,3.638897136295529133e-01,3.578159341276124228e-01
3.669575295350045452e-01,3.643944602335391636e-01,3.582952273690963585e-01
3.668067906279137702e-01,3.641937907139851660e-01,3.581046857836369668e-01
3.658373150276654218e-01,3.622702345560817605e-01,3.562776398150601653e-01
3.652569937630488206e-01,3.626941728113642349e-01,3.566803969184584311e-01
3.645006055438982928e-01,3.620500566797482667e-01,3.560684428309591198e-01
3.642663423929426436e-01,3.620002014975028937e-01,3.560210721875886608e-01
3.647263872048314148e-01,3.610361095100170781e-01,3.551048895062745570e-01
3.648528175002220264e-01,3.624557470221386191e-01,3.564538897373212278e-01
3.632596029159377848e-01,3.601556851078093757e-01,3.542679905917096583e-01
3.630081287479038910e-01,3.597955715945930777e-01,3.539256179335910080e-01
3.634773223894296468e-01,3.597436778426240656e-01,3.538762777413737015e-01
3.626590067083074187e-01,3.594198855476091747e-01,3.535684015791413781e-01
3.626656987312184555e-01,3.606144279745848169e-01,3.547040815075144238e-01
3.625281480638907761e-01,3.592707141691208750e-01,3.534265530003645184e-01
3.628388247766719532e-01,3.603025331608919468e-01,3.544075938976408713e-01
3.627320805106757362e-01,3.596571761083516838e-01,3.537940308777674514e-01
3.614329489493751657e-01,3.588621194510834833e-01,3.530379845825048490e-01
3.609474080059907886e-01,3.584766095226712412e-01,3.526713271655033122e-01
3.598199148082790177e-01,3.588334379002051100e-01,3.530107070544575842e-01
3.593596430211991599e-01,3.575151836394053761e-01,3.517567388865768807e-01
3.591688378663386860e-01,3.581762297196839917e-01,3.523856083074433654e-01
3.592957990016914516e-01,3.579792752052285421e-01,3.521982532320138137e-01
3.593749424763175715e-01,3.585427549550508353e-01,3.527342408213517411e-01
3.592002394558965195e-01,3.565909275919754151e-01,3.508772695393924668e-01
3.591913874723424160e-01,3.584547411493350100e-01,3.526505269854483537e-01
3.592099532498873038e-01,3.571754341316875636e-01,3.514334799535307474e-01
3.588682069554277598e-01,3.581132312080012592e-01,3.523256814681051119e-01
3.584330177084019686e-01,3.570240655733181168e-01,3.512894482061130752e-01
3.591358214354849476e-01,3.570918986980991527e-01,3.513539942493389412e-01
3.580501530500704854e-01,3.564086414692927418e-01,3.507037887281499455e-01
3.579165612854858236e-01,3.567319333444469165e-01,3.510114577615954801e-01
3.572735563261008052e-01,3.570872778529303737e-01,3.513495973629064961e-01
3.568759002913479139e-01,3.579370497703543430e-01,3.521580844448007896e-01
3.577046125311850178e-01,3.568969606369785663e-01,3.511684991574722803e-01
3.566020602526287497e-01,3.574899390623139661e-01,3.517327207102542985e-01
3.567171863343165938e-01,3.587572449636543537e-01,3.529382428189232757e-01
3.572874150482802103e-01,3.581644676559685436e-01,3.523744198199101896e-01
3.556718403823374008e-01,3.579016159362745642e-01,3.521243760845986226e-01
3.549709511896057545e-01,3.571868077166945876e-01,3.514443020079058289e-01
3.540922209801610210e-01,3.575200772471430199e-01,3.517613947388067430e-01
3.542676212853494988e-01,3.584545302565754210e-01,3.526503263934177013e-01
3.540574447390030244e-01,3.574867796801788900e-01,3.517297148009463914e-01
3.534667687326762953e-01,3.556766386745827124e-01,3.500070534011855417e-01
3.533787054884319212e-01,3.542656765471483005e-01,3.486636566003892823e-01
3.532237604598447711e-01,3.523903441588759344e-01,3.468772858829496375e-01
3.531283311064795649e-01,3.522215963652955972e-01,3.467164962355679392e-01
3.524600147195555699e-01,3.521038337109674288e-01,3.466042826923858011e-01
3.522740540156249489e-01,3.536281612270421038e-01,3.480564910155237723e-01
3.527202815731089736e-01,3.531565730826500271e-01,3.476072821893726461e-01
3.516128886975825596e-01,3.531630945808260647e-01,3.476134946210772680e-01
3.513564616472693025e-01,3.528052638245203765e-01,3.472726050700660760e-01
3.508312227554073459e-01,3.524368221171561011e-01,3.469215705835680952e-01
3.505558621746044379e-01,3.534138185746026894e-01,3.478523275442216844e-01
3.501022229883459236e-01,3.521364798583941913e-01,3.466353908927097827e-01
3.495566505260246926e-01,3.526004588679782503e-01,3.470774807808300610e-01
3.489970891660800767e-01,3.515323070460302235e-01,3.460596336375410531e-01
3.490173667437808658e-01,3.516125956487552995e-01,3.461361517894459006e-01
3.486627717931796711e-01,3.512748053513741198e-01,3.458142127675611355e-01
3.488819182675013675e-01,3.516608503646961870e-01,3.461821395653881250e-01
3.482573376584595648e-01,3.510150792160014466e-01,3.455666536515040188e-01
3.477474790626301493e-01,3.498909522114841408e-01,3.444949770008235990e-01
3.471353051144814295e-01,3.503646172070007947e-01,3.449465829401905381e-01
3.466726964666700939e-01,3.505258153133387067e-01,3.451002600913239404e-01
3.456824436907527387e-01,3.506881930961304739e-01,3.452550547900918865e-01
3.457174658595073558e-01,3.510251146989794568e-01,3.455762193552204264e-01
3.455657603595339022e-01,3.504422417269543177e-01,3.450205866392280774e-01
3.450775985372927512e-01,3.495809993483653400e-01,3.441994262410169592e-01
3.451421748829841540e-01,3.503412374368674587e-01,3.449242934085384737e-01
3.448346652509556298e-01,3.497511495398005765e-01,3.443616735269511842e-01
3.444981968444396636e-01,3.482492554435703269e-01,3.429292685851789702e-01
3.445059437100032040e-01,3.477778604435873833e-01,3.424795591603320699e-01
3.447097086961582457e-01,3.481154989548499445e-01,3.428016713416466299e-01
3.435400826696305421e-01,3.477986322950586962e-01,3.424993766978480236e-01
3.431779135977560125e-01,3.464656970904333999e-01,3.412274463383250800e-01
3.428640153509951993e-01,3.462651108114384590e-01,3.410359993074548179e-01
3.419860861840926525e-01,3.452610345796290336e-01,3.400775104959786743e-01
3.414711607224047429e-01,3.446136522414007253e-01,3.394593788142387658e-01
3.413960758289712460e-01,3.458902398880246420e-01,3.406781797785930488e-01
3.414958578405174472e-01,3.454578578586862125e-01,3.402654186602394604e-01
3.416934581819341954e-01,3.459576301877630433e-01,3.407425075184551955e-01
3.412619379685937204e-01,3.456983104924531980e-01,3.404949660153049895e-01
3.410707159305456648e-01,3.455741248528713672e-01,3.403764145019263498e-01
3.416520425774598468e-01,3.468844065906848684e-01,3.416270437445732555e-01
3.414219252260601301e-01,3.458594932434356783e-01,3.406488300173156625e-01
3.405254540057212065e-01,3.445882188218807318e-01,3.394350922828430206e-01
3.403819658484753541e-01,3.438152444212471126e-01,3.386968924699781391e-01
3.410379795440605100e-01,3.453346429448370114e-01,3.401477859733589848e-01
3.402705959197160901e-01,3.434816794965345754e-01,3.383782851507131095e-01
3.402559655245201986e-01,3.436311108172355744e-01,3.385210193585293514e-01
3.390938468610040224e-01,3.419700065647672260e-01,3.369340301841315388e-01
3.380565423437930095e-01,3.406115913319914812e-01,3.356356852704462934e-01
3.376213131346239571e-01,3.394917359290897663e-01,3.345649874463605400e-01
3.375214146126803150e-01,3.375455256757862732e-01,3.327034309146953972e-01
3.375398941083538329e-01,3.370727346879603403e-01,3.322510562386014055e-01
3.372775975351828270e-01,3.373120907752344966e-01,3.324800835643659247e-01
3.365691950742238925e-01,3.362806250951613229e-01,3.314930222487349476e-01
3.361243298841983806e-01,3.355942722832514491e-01,3.308360644237559045e-01
3.356225492845337222e-01,3.347907339581343567e-01,3.300667855972221898e-01
3.352510360339322482e-01,3.338539275799535244e-01,3.291697111252858687e-01
3.345929388408417915e-01,3.325826904476545387e-01,3.279520301062177623e-01
3.343624460547267585e-01,3.305097978214184828e-01,3.259655823154513632e-01
3.335596392434019286e-01,3.300897117045420992e-01,3.255628817736304637e-01
3.332258283302159674e-01,3.298247410360257703e-01,3.253088541144177337e-01
3.326682223695367480e-01,3.290909222591363315e-01,3.246052485586237157e-01
3.320719994581844414e-01,3.273169237224959338e-01,3.229037289787186626e-01
3.324265653165321410e-01,3.264409954528469937e-01,3.220632961392025928e-01
3.318833419301338017e-01,3.262739628997737840e-01,3.219030104529055913e-01
3.316906607224135994e-01,3.269097244411971470e-01,3.225130546546196020e-01
3.315145830308580122e-01,3.251972037146272365e-01,3.208695768529314929e-01
3.319346169863138241e-01,3.246123472739776417e-01,3.203081320346031213e-01
3.317366694583043230e-01,3.249456966141431868e-01,3.206281479503326204e-01
3.308926305434838344e-01,3.237246342817055034e-01,3.194557912515766374e-01
3.308124436962062154e-01,3.233713157033195063e-01,3.191164967070763137e-01
3.304782888655009576e-01,3.225347626769977660e-01,3.183130250658047777e-01
3.301465890051827889e-01,3.225543394459696733e-01,3.183318296532765546e-01
3.293996854404580565e-01,3.224945905791990475e-01,3.182744372100773100e-01
3.298587874319917068e-01,3.216241269865795505e-01,3.174382036394197693e-01
3.292637853832632855e-01,3.229486101178510316e-01,3.187105286204535703e-01
3.283866247436414421e-01,3.218207234208770307e-01,3.176270854865852478e-01
3.283027852933409485e-01,3.224604685243037117e-01,3.182416604920561554e-01
3.284575130367760054e-01,3.210845706243390940e-01,3.169197709129735196e-01
3.288629561887347341e-01,3.225286233781937129e-01,3.183071279045488478e-01
3.273752894798347413e-01,3.225166017262224849e-01,3.182955803665896144e-01
3.268582022111365948e-01,3.221358860272525715e-01,3.179298609840861545e-01
3.264328988167442547e-01,3.221082082610204900e-01,3.179032720432747872e-01
3.258901338846382778e-01,3.207240301894011547e-01,3.165733056939766255e-01
3.256544208420628639e-01,3.200487923507576160e-01,3.159243426703888802e-01
3.252672164113445397e-01,3.191114897307222864e-01,3.150233269892419585e-01
3.252659867656241266e-01,3.177653072573517479e-01,3.137288852136711492e-01
3.249031163003502920e-01,3.196442697328751303e-01,3.155355072249342308e-01
3.248408584905839169e-01,3.184091798156323261e-01,3.143480656159212128e-01
3.253575989243769895e-01,3.179641124889877601e-01,3.139200771562076775e-01
3.247362144424230657e-01,3.182791138347025317e-01,3.142229957391735051e-01
3.247887158256571594e-01,3.184484080048894938e-01,3.143857861589441915e-01
3.245525802825734996e-01,3.177190911835602871e-01,3.136844376155923375e-01
3.245603705476985401e-01,3.175380892157915746e-01,3.135103567520768908e-01
3.245646749127457653e-01,3.178051296308936347e-01,3.137671833517823305e-01
3.241936829443669010e-01,3.172632418076539729e-01,3.132460036453709740e-01
3.242397401724105288e-01,3.156409449142777990e-01,3.116852762467792748e-01
3.239263723356169411e-01,3.174826277013581555e-01,3.134570143644574980e-01
3.235249389095092853e-01,3.167244145965631974e-01,3.127276968174130811e-01
3.229895674067508882e-01,3.170701370299392474e-01,3.130602610654002471e-01
3.226439885406412467e-01,3.169874251570389823e-01,3.129806998448811384e-01
3.217448166598816384e-01,3.157916987919350826e-01,3.118303355758570983e-01
3.214927813537299950e-01,3.141780368185652095e-01,3.102773428049175886e-01
3.208749602003158063e-01,3.138283637921440161e-01,3.099407338045600535e-01
3.205801226303687246e-01,3.143460947992693932e-01,3.104391115578379323e-01
3.208154914938144975e-01,3.131962823040879695e-01,3.093321927733623800e-01
3.204091911962294592e-01,3.142780168004950525e-01,3.103735820586557281e-01
3.206526262013780215e-01,3.144361599600997148e-01,3.105258034152537649e-01
3.201974945007524109e-01,3.144984278728032989e-01,3.105857380014790392e-01
3.198174580074535367e-01,3.149894568202464273e-01,3.110583341938121249e-01
3.207726029125842482e-01,3.153933936623519729e-01,3.114470640308021343e-01
3.197791623744380418e-01,3.152097595006319586e-01,3.112703480253920518e-01
3.194256638194803988e-01,3.151452368495984979e-01,3.112082542404981389e-01
3.190266443816986985e-01,3.162722634514974485e-01,3.122927107687068493e-01
3.196290305683556765e-01,3.168437689241953570e-01,3.128425118024585339e-01
3.190242462877682650e-01,3.161241504850620387e-01,3.121502098680065673e-01
3.189246326889580985e-01,3.157485887412235237e-01,3.117888545172246006e-01
3.182777259477538867e-01,3.161628409298976594e-01,3.121874348275096023e-01
3.180487818062732730e-01,3.169867431488578857e-01,3.129800438087814163e-01
3.174712239947267145e-01,3.173017941130030217e-01,3.132830850432440362e-01
3.174042191150504566e-01,3.163688530956644263e-01,3.123856377255028183e-01
3.170500563580650466e-01,3.156954543119912526e-01,3.117377272511205333e-01
3.167604198425475470e-01,3.153160882122631459e-01,3.113726719463583148e-01
3.161780942063092681e-01,3.144340332023740636e-01,3.105237563356962327e-01
3.161169638657912451e-01,3.140216171136890333e-01,3.101267706829692328e-01
3.167204052555471772e-01,3.138186276410682152e-01,3.099313609821743865e-01
3.162114758567863282e-01,3.142958484617501824e-01,3.103907462995845190e-01
3.166694588532923405e-01,3.158373619988959491e-01,3.118742728247751450e-01
3.160549393170822841e-01,3.141730081290276533e-01,3.102725021991167287e-01
3.152479034041706374e-01,3.141037216099818452e-01,3.102058065245756335e-01
3.153907218529310441e-01,3.143499361589724428e-01,3.104428090830067544e-01
3.155462328809609529e-01,3.145377365207763232e-01,3.106235731802635680e-01
3.153969075270205424e-01,3.132982267958728806e-01,3.094303470571559966e-01
3.153909752927929189e-01,3.136470722543619472e-01,3.097662038748776880e-01
3.149253781877722203e-01,3.132201195520820658e-01,3.093551439963942440e-01
3.151942208029030468e-01,3.142102333436019301e-01,3.103083349669120139e-01
3.147072619458593512e-01,3.130364748631067062e-01,3.091783218191577198e-01
3.137817636434214741e-01,3.114547265536382059e-01,3.076550022735157208e-01
3.137080959104234235e-01,3.121269806894594323e-01,3.083024968486858253e-01
3.137934708504130921e-01,3.114690363109923754e-01,3.076687861164181248e-01
3.137486661464101712e-01,3.119260494735975886e-01,3.081089773659783093e-01
3.135499078915658933e-01,3.119548349224287587e-01,3.081367016001794745e-01
3.137640258757036782e-01,3.115851238154582759e-01,3.077806053497277317e-01
3.136187053741321673e-01,3.114700441462267544e-01,3.076697569096932261e-01
3.140358767622363212e-01,3.129012625173238638e-01,3.090481275267940031e-01
3.133267180573354738e-01,3.109496525268096723e-01,3.071684595497963244e-01
3.134765046016335099e-01,3.091324392951456668e-01,3.054174188412333568e-01
3.138660061761443520e-01,3.110239443235138235e-01,3.072400293717266195e-01
3.127992742604259746e-01,3.114142820140212153e-01,3.076160438939729014e-01
3.122270781999792466e-01,3.118115388276947453e-01,3.079986863512948481e-01
3.122514523831179112e-01,3.107595289031565566e-01,3.069852958771712714e-01
3.123935402447859389e-01,3.119753466585099000e-01,3.081564570225249211e-01
3.118218354264900016e-01,3.106946296107780392e-01,3.069227704169659177e-01
3.116883638217781138e-01,3.113498567341986267e-01,3.075539851562901217e-01
3.110412294031396629e-01,3.110318229579757121e-01,3.072476192640891113e-01
3.106470690419228520e-01,3.102563239983317511e-01,3.065004705649887473e-01
3.104886052734094903e-01,3.088505573230217460e-01,3.051457312862811411e-01
3.103952211232756109e-01,3.088552138915517387e-01,3.051502196000476785e-01
3.105594881150321451e-01,3.093999210176590076e-01,3.056752095574429839e-01
3.103645675652503821e-01,3.085706959968818608e-01,3.048759727204284342e-01
3.098112936734267464e-01,3.079376867384414629e-01,3.042657463685742858e-01
3.098543109178120147e-01,3.092268628608698111e-01,3.055084233242819636e-01
3.095129491816736023e-01,3.076602127970230471e-01,3.039982293338383545e-01
3.092603135476163501e-01,3.060443514119081665e-01,3.024399921420021786e-01
3.093500565003641234e-01,3.061402576313769774e-01,3.025324952904547837e-01
3.092961496150003486e-01,3.061563763399020588e-01,3.025480418422690221e-01
3.088548870831558935e-01,3.057897491673835511e-01,3.021944135854246483e-01
3.086835277216497531e-01,3.069706067122248694e-01,3.033332906907795778e-01
3.088015631784403192e-01,3.058044382560117791e-01,3.022085824713458546e-01
3.084766403379505806e-01,3.064747994791255370e-01,3.028551496155693634e-01
3.088890636890715968e-01,3.051353781381541119e-01,3.015631654297700193e-01
3.087626515712664776e-01,3.068104743943471102e-01,3.031788703713180766e-01
3.076931313706069426e-01,3.045686374732415325e-01,3.010163703579775696e-01
3.076147757893900048e-01,3.050444489123583236e-01,3.014754413678847889e-01
3.073310949869836328e-01,3.046227875363611837e-01,3.010686179255973038e-01
3.071498160988361814e-01,3.048931900127067607e-01,3.013295099190678727e-01
3.072836309471389526e-01,3.053076126633209042e-01,3.017293235707987353e-01
3.072865180350861092e-01,3.051741386413374668e-01,3.016005590775333589e-01
3.069322939847161091e-01,3.036654183308467592e-01,3.001447840823536217e-01
3.069202221071148928e-01,3.029069469131439596e-01,2.994127297533961674e-01
3.072750716024253981e-01,3.012270193778842642e-01,2.977908391345663874e-01
3.067978596732038321e-01,3.027379726764191092e-01,2.992496226223440026e-01
3.072422436332390427e-01,3.021152452060861249e-01,2.986484603940025018e-01
3.067318440687082370e-01,3.034344537728617119e-01,2.999218780076998714e-01
3.063157250380497687e-01,3.039968326397495813e-01,3.004646135152996833e-01
3.063621574113045698e-01,3.033911247003028278e-01,2.998800593316172103e-01
3.063885519614817365e-01,3.039516245638259617e-01,3.004209872305333984e-01
3.062136166065562715e-01,3.036213307696287722e-01,3.001022357173188104e-01
3.063641554014887580e-01,3.038684785313492953e-01,3.003407491648619754e-01
3.060373556276824170e-01,3.037868834865180556e-01,3.002620062803389445e-01
3.062163683492626909e-01,3.045364304111029541e-01,3.009852945271731528e-01
3.056026086058150071e-01,3.035928309357647792e-01,3.000747306367427814e-01
3.059638086392817979e-01,3.033310718583657750e-01,2.998220991353275355e-01
3.055091506254271616e-01,3.028837962902466985e-01,2.993903833548884341e-01
3.050642122155596270e-01,3.019338018458257999e-01,2.984732836112145571e-01
3.052521629544049375e-01,3.024942927262971870e-01,2.990143920637254316e-01
3.053000547084394056e-01,3.024619458391271110e-01,2.989831657440359947e-01
3.046237247477071586e-01,3.020003000935903570e-01,2.985374860665667152e-01
3.047837012999285444e-01,3.031764235942419061e-01,2.996728360081364340e-01
3.046528802205368258e-01,3.020115704501802889e-01,2.985483672230092034e-01
3.043716453563035107e-01,3.019912023821783031e-01,2.985287025057768995e-01
3.045914126649016396e-01,3.023090795572664358e-01,2.988355918135830458e-01
3.041963128704051611e-01,3.019394275121136118e-01,2.984787150959469781e-01
3.045981398249277827e-01,3.017849128661633240e-01,2.983295311888493617e-01
3.049119057046758563e-01,3.021566936856476260e-01,2.986884762849768560e-01
3.034869796377948070e-01,3.025083306331916022e-01,2.990279435912733819e-01
3.033453172549262500e-01,3.001464663574434089e-01,2.967472725707741565e-01
3.040336013040246255e-01,3.009400698320116030e-01,2.975137378204259497e-01
3.033224447573110716e-01,3.003031887722182880e-01,2.968986471371781732e-01
3.028681072522685924e-01,2.993695684391762812e-01,2.959968016377800271e-01
3.032494952367266738e-01,2.996843337295942988e-01,2.963008765251692878e-01
3.026917134970770196e-01,2.986720873731366632e-01,2.953229284460234250e-01
3.026396206936957656e-01,2.990152191977429874e-01,2.956544600673651213e-01
3.028908907755254454e-01,2.980212922300679024e-01,2.946940608312236254e-01
3.027176369431761604e-01,2.990853538479669727e-01,2.957222203755939804e-01
3.023242158487905451e-01,2.990018707004243326e-01,2.956415633434004708e-01
3.023231318527109801e-01,2.980429438911126883e-01,2.947149845257083789e-01
3.028041297280618660e-01,2.978879193032838990e-01,2.945651697803804425e-01
3.024268785444839680e-01,2.975320080088797448e-01,2.942211987453124955e-01
3.024868661816882964e-01,2.990648417578066764e-01,2.957024028190975984e-01
3.026672557811754816e-01,2.982755159740966833e-01,2.949397303950593296e-01
3.021777836705069609e-01,2.986938972484308175e-01,2.953440017985008437e-01
3.027262692115885168e-01,2.988939791637626464e-01,2.955373218484636522e-01
3.024492124305758756e-01,2.992119864866816248e-01,2.958445631384040153e-01
3.020891229792157517e-01,2.995402430458039000e-01,2.961616824219920341e-01
3.018414025952617097e-01,2.999485634967161696e-01,2.965561147105239548e-01
3.016450622372465196e-01,2.993080088725051380e-01,2.959373301731868522e-01
3.015709214854198628e-01,2.993657350776283699e-01,2.959930983292712314e-01
3.014046092733740911e-01,2.968118405504313606e-01,2.935251037019385723e-01
3.012619217250988024e-01,2.970636058603446372e-01,2.937684668580849423e-01
3.017902124554676657e-01,2.972304353127605547e-01,2.939297207927081268e-01
3.014035834737801567e-01,2.979051324579328197e-01,2.945818047302417031e-01
3.010858342722901870e-01,2.970999883714342538e-01,2.938036339875300107e-01
3.002315049162875837e-01,2.955044327906721224e-01,2.922610971399660640e-01
3.002261070257671305e-01,2.957377098981870955e-01,2.924866586279369907e-01
3.000733987839611094e-01,2.951534943904656205e-01,2.919217428567137396e-01
2.995573887322213746e-01,2.929348792088481424e-01,2.897757205899029742e-01
2.994784004998735094e-01,2.916009971414262880e-01,2.884849524260056364e-01
2.995987160697923812e-01,2.924874747749722226e-01,2.893428214901695439e-01
2.997099595418419860e-01,2.925530302530596205e-01,2.894062543863409886e-01
2.991129510737431385e-01,2.903885602588931469e-01,2.873113603219499823e-01
2.995861369524571716e-01,2.894659314215149437e-01,2.864180727795870296e-01
2.995186792682014154e-01,2.910174446038137908e-01,2.879201368642315129e-01
2.982301032877399116e-01,2.891660608184928316e-01,2.861276980798244107e-01
2.981887684524183180e-01,2.887808830708608054e-01,2.857546885090910260e-01
2.979227688443879529e-01,2.867270461942020843e-01,2.837651835252642529e-01
2.977681323537714198e-01,2.871175728468111088e-01,2.841435490700212063e-01
2.976142891401837853e-01,2.853867100530217416e-01,2.824663322993479775e-01
2.972536601249936572e-01,2.854869839909454088e-01,2.825635162076132190e-01
2.967790776175048273e-01,2.847610865920780499e-01,2.818599385628313692e-01
2.966834282270457424e-01,2.846101408319979265e-01,2.817136196664125625e-01
2.960085834521988257e-01,2.843180654075729286e-01,2.814304830355558451e-01
2.960267564054079870e-01,2.853378381206785885e-01,2.824189656049705954e-01
2.956228851594753793e-01,2.845331713553566066e-01,2.816390075912714730e-01
2.955147259006539739e-01,2.846571867547474377e-01,2.817592240452242991e-01
2.949406703203951707e-01,2.830678929862215365e-01,2.802183625288343638e-01
2.945523913155064788e-01,2.827228862021137767e-01,2.798837973498549681e-01
2.939808658710796885e-01,2.813968285527413404e-01,2.785976340929690043e-01
2.948669799527555702e-01,2.819944139819420825e-01,2.791772880089680164e-01
2.940874242854922826e-01,2.811825177078534632e-01,2.783897353110851292e-01
2.939758421686482492e-01,2.815766213305890830e-01,2.787720399667136806e-01
2.935548323227517020e-01,2.801364604576775386e-01,2.773748343076461453e-01
2.939232959089637665e-01,2.793610087767458561e-01,2.766223281224337582e-01
2.938731692175777788e-01,2.804355153313321525e-01,2.776650058935070664e-01
2.939966188416512916e-01,2.793078533023961585e-01,2.765707408154371993e-01
2.937684028367084088e-01,2.801377274774345394e-01,2.773760637314751087e-01
2.930345260673896668e-01,2.787933766384525502e-01,2.760714109181400255e-01
2.936547281585947244e-01,2.782785867191341356e-01,2.755717206772421157e-01
2.931266448883553810e-01,2.784914123749598347e-01,2.757783106115996308e-01
2.924471560110191715e-01,2.785217580925902214e-01,2.758077664265418116e-01
2.925508521326465328e-01,2.781555050174208676e-01,2.754522408427924618e-01
2.922966334535926913e-01,2.784920898534656852e-01,2.757789682248548702e-01
2.924737224337088382e-01,2.774992340323735873e-01,2.748151208028101200e-01
2.923716091506645687e-01,2.782146969918827262e-01,2.755097010222716247e-01
2.920348535650822974e-01,2.783784523118827958e-01,2.756686614381395617e-01
2.911846903985970680e-01,2.771194817797829058e-01,2.744464086490617794e-01
2.909774524161731213e-01,2.759842500960077438e-01,2.733439987703515928e-01
2.909228439933357335e-01,2.754710880279879759e-01,2.728455842064941295e-01
2.910236428616467808e-01,2.761681930924884121e-01,2.735226420422918747e-01
2.910875170305073922e-01,2.755131824200679480e-01,2.728864709520956167e-01
2.903421039848654850e-01,2.764948874156588632e-01,2.738399061616924590e-01
2.902306592469638402e-01,2.763330193816035951e-01,2.736827133433231696e-01
2.903914495037326349e-01,2.762811783023620404e-01,2.736323684171238502e-01
2.902954283090374288e-01,2.763062889871020222e-01,2.736567544687351083e-01
2.903620538806399587e-01,2.770161840186579072e-01,2.743461086726295961e-01
2.903421030923896140e-01,2.761536109729806898e-01,2.735084803194039460e-01
2.906640965956097666e-01,2.747652581695399499e-01,2.721599485412160568e-01
2.902834540219890735e-01,2.763898862949951685e-01,2.737379384052078257e-01
2.899826681016708929e-01,2.753217900147471586e-01,2.727005664065927371e-01
2.901817053651412071e-01,2.744699828268007957e-01,2.718730902311955466e-01
2.898328464626775958e-01,2.753504212764631420e-01,2.727283772033795572e-01
2.895877028751662197e-01,2.762479423663227185e-01,2.736000913849777616e-01
2.896068132744855084e-01,2.756126358748134386e-01,2.729830697075659729e-01
2.896136148178796721e-01,2.763121032452462988e-01,2.736624009226343857e-01
2.895679074592829028e-01,2.757692106788407482e-01,2.731351459979500795e-01
2.895952526604537169e-01,2.759597160146038952e-01,2.733201710213938318e-01
2.896341409437384606e-01,2.745657782604739583e-01,2.719661569475188556e-01
2.892896487422521590e-01,2.758093157428648801e-01,2.731740979840916461e-01
2.893412154112617318e-01,2.762343721156457210e-01,2.735869125884103359e-01
2.891519406769479383e-01,2.762623498581107673e-01,2.736140832287516367e-01
2.892963866400529716e-01,2.763603451324108673e-01,2.737092502348825174e-01
2.892942854739150582e-01,2.756526397269669082e-01,2.730219247083852663e-01
2.893104363683437485e-01,2.771742392144441181e-01,2.744995760645934646e-01
2.890604301347303173e-01,2.758114043444541141e-01,2.731761265261396510e-01
2.892692368026373861e-01,2.755321763762056397e-01,2.729049198686059330e-01
2.889362746306978202e-01,2.752352170504336892e-01,2.726164732535611424e-01
2.885483008379549630e-01,2.747083001947962511e-01,2.721046156143186456e-01
2.886034141962154909e-01,2.741352733035289924e-01,2.715478997902492919e-01
2.889998953745415156e-01,2.754276762301346992e-01,2.728034174605481477e-01
2.883998540621951490e-01,2.738413248092740893e-01,2.712622918402792793e-01
2.884088359928947409e-01,2.750542647450014422e-01,2.724406991015948520e-01
2.886573919087056517e-01,2.736435124580296474e-01,2.710700821003578231e-01
2.882116000369522868e-01,2.734989653424440004e-01,2.709296238130041168e-01
2.884026567069982727e-01,2.722062521088985942e-01,2.696732844666590578e-01
2.884682905967630995e-01,2.736470148354924747e-01,2.710734853514429332e-01
2.881105585018242099e-01,2.739911198859517616e-01,2.714078388601569025e-01
2.881812645699040054e-01,2.744983259312965829e-01,2.719006261869264529e-01
2.878657117134381105e-01,2.738438521692462824e-01,2.712647475653786056e-01
2.877179970089591698e-01,2.739910910153177115e-01,2.714078108087201735e-01
2.873431222377245131e-01,2.727364285345856287e-01,2.701885849979765442e-01
2.878886526536624801e-01,2.731695439829227579e-01,2.706095045857740966e-01
2.874393027202304385e-01,2.730576820045333974e-01,2.705007962045740122e-01
2.870350055099396003e-01,2.719270156346753065e-01,2.694018594750727247e-01
2.872774956360200083e-01,2.723539146579097570e-01,2.698168097044079672e-01
2.868361181053423747e-01,2.708630086184361518e-01,2.683674695699805879e-01
2.866026395870149290e-01,2.700774046583730437e-01,2.676035833015260601e-01
2.864646524015500573e-01,2.710720743543659772e-01,2.685707343355543952e-01
2.861836052036592637e-01,2.707579736190199871e-01,2.682653455846915613e-01
2.861523517730191757e-01,2.702479342488524061e-01,2.677694094737864128e-01
2.862911679724602365e-01,2.698228030610660966e-01,2.673559928019702547e-01
2.864268015638088416e-01,2.703722395506376608e-01,2.678902825091568629e-01
2.861646163787299191e-01,2.700100995004875437e-01,2.675381328570587414e-01
2.862175019184946545e-01,2.706250031742928330e-01,2.681360571134967508e-01
2.861280956845387302e-01,2.694082229998840949e-01,2.669528007498725430e-01
2.859633616597060946e-01,2.684463544841789173e-01,2.660172178657438380e-01
2.857553173030249472e-01,2.689645744414030371e-01,2.665212996185291616e-01
2.854925952213182017e-01,2.679535144588228723e-01,2.655377726923726645e-01
2.849537825148731329e-01,2.676985940209418158e-01,2.652897612608572375e-01
2.852367886681631548e-01,2.674678049810903513e-01,2.650652157791662522e-01
2.849888703424867664e-01,2.675462991167470439e-01,2.651415876231122404e-01
2.851252197127310817e-01,2.684872302564171309e-01,2.660569804507896263e-01
2.854683605133089275e-01,2.672716450576907432e-01,2.648743540609400093e-01
2.842443011736974778e-01,2.661129062517372801e-01,2.637467528084135315e-01
2.839267361773063492e-01,2.660129890007221776e-01,2.636495077711357160e-01
2.839339552073512629e-01,2.649866811455565685e-01,2.626505308741791112e-01
2.843861453809872208e-01,2.661337346644516155e-01,2.637670239257575155e-01
2.833791056059837832e-01,2.655217978598764517e-01,2.631714237940123158e-01
2.831717538208123330e-01,2.667224518607012596e-01,2.643399527335195121e-01
2.830476657706603172e-01,2.654146608700339027e-01,2.630671392139224962e-01
2.828356805404582675e-01,2.655225404290071922e-01,2.631721465849224950e-01
2.825927054192964860e-01,2.630293380475774434e-01,2.607447242853627722e-01
2.825638078243327689e-01,2.639229778131606530e-01,2.616149301592093912e-01
2.821553927373215975e-01,2.629973939855935749e-01,2.607136149291641170e-01
2.824271239910197684e-01,2.627246190518812141e-01,2.604479593527396775e-01
2.826370941643411849e-01,2.627868892412506541e-01,2.605086056167286168e-01
2.815147298534914633e-01,2.631587309142409126e-01,2.608707339966592209e-01
2.814072052150882186e-01,2.626791803547390836e-01,2.604037051483484855e-01
2.811744005237961641e-01,2.622722607399314287e-01,2.600073746964588484e-01
2.809598947002048819e-01,2.613907232293376515e-01,2.591486639358295818e-01
2.810692746012708465e-01,2.611086690417976919e-01,2.588738806668331449e-01
2.811499233394084696e-01,2.613901047535603928e-01,2.591480614206973510e-01
2.810829209424871022e-01,2.612178301495112764e-01,2.589802296465385512e-01
2.809185219368542930e-01,2.616838223799434759e-01,2.594341906819871424e-01
2.808174173847229893e-01,2.634138855490880116e-01,2.611192074341333602e-01
2.804533568665324994e-01,2.631126100096394804e-01,2.608258193713507977e-01
2.802632232766232301e-01,2.617086044830160829e-01,2.594583317395300348e-01
2.795842745740979574e-01,2.624352986925932996e-01,2.601661739257414840e-01
2.792907813781974058e-01,2.611116368601675841e-01,2.588767720617647372e-01
2.789636706488519691e-01,2.615095091991320730e-01,2.592643830541085936e-01
2.788042073719202429e-01,2.607947740606351150e-01,2.585680588296006555e-01
2.787714529516367445e-01,2.596501094452321468e-01,2.574526686766167027e-01
2.787031770296905520e-01,2.584938281078155708e-01,2.563256961421305213e-01
2.782682570937328181e-01,2.589982632669597939e-01,2.568173775442594842e-01
2.787726554423750058e-01,2.584503783688658629e-01,2.562833426117992475e-01
2.786694782393567826e-01,2.593617529629178575e-01,2.571716459706407942e-01
2.781645223087153562e-01,2.582901807624327639e-01,2.561271834805077252e-01
2.780378499122772018e-01,2.582426315049778376e-01,2.560808319377474440e-01
2.781153994781845884e-01,2.591760731439752830e-01,2.569906798662509040e-01
2.779840188457738948e-01,2.585544124812455546e-01,2.563847513916303611e-01
2.782629392077116126e-01,2.608304321912151558e-01,2.586028008444996029e-01
2.781122614579233376e-01,2.585007793024183820e-01,2.563324719281783737e-01
2.780999192702349743e-01,2.583420890112236301e-01,2.561777837091739896e-01
2.782143245884719507e-01,2.580508326628041527e-01,2.558938597946223137e-01
2.782009438520347544e-01,2.587848843785720554e-01,2.566093996782178310e-01
2.776728297829369474e-01,2.581964867197479307e-01,2.560358490654498498e-01
2.774145886731856359e-01,2.585421323285358453e-01,2.563727812430955932e-01
2.779449652154317163e-01,2.590095014596097145e-01,2.568283310284542043e-01
2.774326400527682424e-01,2.586844696595679283e-01,2.565115235435390106e-01
2.767662792016507556e-01,2.577772641865843095e-01,2.556271632926563897e-01
2.761008747365425453e-01,2.557338197763406318e-01,2.536345866720581266e-01
2.761810054125785063e-01,2.546301469861620981e-01,2.525580496441982570e-01
2.760657730819380262e-01,2.549261428323851830e-01,2.528467910901529558e-01
2.762037532248523553e-01,2.539088895686190672e-01,2.518543981496043083e-01
2.764283279018487915e-01,2.548382788441786451e-01,2.527610822837491611e-01
2.755697589544964243e-01,2.543767589816980923e-01,2.523108583118992554e-01
2.758220196957245074e-01,2.550991950503986305e-01,2.530155942008265879e-01
2.758238927637027826e-01,2.545326957239528731e-01,2.524629830492330917e-01
2.750895661374891388e-01,2.548322265667646858e-01,2.527551784052351480e-01
2.748640947371990273e-01,2.538928916519851420e-01,2.518387896033124629e-01
2.746913376946870655e-01,2.529519944772830597e-01,2.509207059676011875e-01
2.741525584475549282e-01,2.525561054610555578e-01,2.505343649879620549e-01
2.738405817286040933e-01,2.513811265125230898e-01,2.493875471556357970e-01
2.734900515997211734e-01,2.510617110178067768e-01,2.490757415469845026e-01
2.730483292441128196e-01,2.515076930764488794e-01,2.495110929548020884e-01
2.726925376299716985e-01,2.511671847343894814e-01,2.491787045684695778e-01
2.724409918901782302e-01,2.512382512868827633e-01,2.492480782561655173e-01
2.723582141527710609e-01,2.500939737017819353e-01,2.481309412683915805e-01
2.724843764005118185e-01,2.505327052277889210e-01,2.485592962008570384e-01
2.724350715467572792e-01,2.501066363746181076e-01,2.481433049649085787e-01
2.719478889881740136e-01,2.496699000784429467e-01,2.477168627887181007e-01
2.725650698728581123e-01,2.486596849399212716e-01,2.467303204344967471e-01
2.721808109917669416e-01,2.495297786704219201e-01,2.475800364501966055e-01
2.721605220431117522e-01,2.505654165288449531e-01,2.485912323681351566e-01
2.720532475582431164e-01,2.491536652652082406e-01,2.472127492571159213e-01
2.719309451835958402e-01,2.499284634280569128e-01,2.479693360292225257e-01
2.720336188389554932e-01,2.499569572442663368e-01,2.479971579357334865e-01
2.721288915625101890e-01,2.495655423989749100e-01,2.476149595193510855e-01
2.717740026895109628e-01,2.504089472231135205e-01,2.484384689483003505e-01
2.715636627630285682e-01,2.502324736336246080e-01,2.482661694442327149e-01
2.710468428506267458e-01,2.486992758420620286e-01,2.467689872223102210e-01
2.711913192133323935e-01,2.482950633436551702e-01,2.463741957665402937e-01
2.710409984061398214e-01,2.484513443688250445e-01,2.465268379835903745e-01
2.712878557194916551e-01,2.491542108465718552e-01,2.472132820547863763e-01
2.710493815739224432e-01,2.485174523388502532e-01,2.465914053247725835e-01
2.710789799628657848e-01,2.488908160455662599e-01,2.469560523904873184e-01
2.708321827674847748e-01,2.483298828101521138e-01,2.464082049043593292e-01
2.704018724585104394e-01,2.472451125202987932e-01,2.453485724187397243e-01
2.711010146312233804e-01,2.484732171934697087e-01,2.465482011591479117e-01
2.703959674904672927e-01,2.474120243972465771e-01,2.455116307949169741e-01
2.702757706460567899e-01,2.455000677932033804e-01,2.436435029394583562e-01
2.707471894498773013e-01,2.439849190714948046e-01,2.421626023303427300e-01
2.703387886849573651e-01,2.448363669021582090e-01,2.429948567370021351e-01
2.702473142607504375e-01,2.453024143683108504e-01,2.434503414539840593e-01
2.702029878134405427e-01,2.457227674610433510e-01,2.438611327299229914e-01
2.698927833960063083e-01,2.444490379205008501e-01,2.426162756503781048e-01
2.695298414587742886e-01,2.445895781063497643e-01,2.427536449327278301e-01
2.696748656342677908e-01,2.437172086240029789e-01,2.419008988583992159e-01
2.698418538807458855e-01,2.440492491112305762e-01,2.422254869329836524e-01
2.697230307478581945e-01,2.438432302420917297e-01,2.420240944150940654e-01
2.695120631183010040e-01,2.449069366185977203e-01,2.430638296204896132e-01
2.693691845907200122e-01,2.445942578280760615e-01,2.427582190062701484e-01
2.694114833490112715e-01,2.437873267847494863e-01,2.419694449674401338e-01
2.688371354807137514e-01,2.448563861638225758e-01,2.430144231021907630e-01
2.685803773818138396e-01,2.449116811087792556e-01,2.430684667203636407e-01
2.682184760956861647e-01,2.448884684325162153e-01,2.430457794171352603e-01
2.681929566581618407e-01,2.447176542741479610e-01,2.428788282179678293e-01
2.678559777740469050e-01,2.438936079819927771e-01,2.420733416007989913e-01
2.679144605923052258e-01,2.448025299417627698e-01,2.429617851019452712e-01
2.679128419879631129e-01,2.429663826250084979e-01,2.411668494178451638e-01
2.683303145277695645e-01,2.445175541962567034e-01,2.426832465026751984e-01
2.679104003675299439e-01,2.437710166888084340e-01,2.419535006256708365e-01
2.677823025913086963e-01,2.437011951955609657e-01,2.418852443239526417e-01
2.671617000058740254e-01,2.425808676024043542e-01,2.407899079618611160e-01
2.671092485769646085e-01,2.413355225660498427e-01,2.395720716422745089e-01
2.672098393073005784e-01,2.412163176698569333e-01,2.394554849647083095e-01
2.672200871447065196e-01,2.413550999296419364e-01,2.395912187593934595e-01
2.666949160979454336e-01,2.418872784880971016e-01,2.401116748490505215e-01
2.665429383645591122e-01,2.413254644079926015e-01,2.395622345023513122e-01
2.666419865796048061e-01,2.430430035506997433e-01,2.412417630861762308e-01
2.668098893521637094e-01,2.417117853126914406e-01,2.399400530609094584e-01
2.666756227688773517e-01,2.411177665814214222e-01,2.393590964891189332e-01
2.668267492078699732e-01,2.414998110292055356e-01,2.397327474032162065e-01
2.668927872173394444e-01,2.406990819670165038e-01,2.389495797099641383e-01
2.665431986159128019e-01,2.415409560784159693e-01,2.397729868982698964e-01
2.664434619666187221e-01,2.414117904735886833e-01,2.396466630342705129e-01
2.667189241408284284e-01,2.422875334469582476e-01,2.405030789969633820e-01
2.664961410188340096e-01,2.414143738671861716e-01,2.396491896212357697e-01
2.665428945246469672e-01,2.412678024727450410e-01,2.395058392737375863e-01
2.664631788919891164e-01,2.417020314772237999e-01,2.399305142296458138e-01
2.665797197184061051e-01,2.419833618458210600e-01,2.402056362076631091e-01
2.665569745130392243e-01,2.409891537468586697e-01,2.392333032706466245e-01
2.667498032174688283e-01,2.418763963055842736e-01,2.401010328924231274e-01
2.666336057390277237e-01,2.414255497765309122e-01,2.396601197677171169e-01
2.662157551299767499e-01,2.397185086743578997e-01,2.379903525279686016e-01
2.664857106404826537e-01,2.388696679406926981e-01,2.371598488987294584e-01
2.662159949578263296e-01,2.398108509998408411e-01,2.380806921266557241e-01
2.658388069780338592e-01,2.398851496676480399e-01,2.381533782728267046e-01
2.657696702737407102e-01,2.388516672202717905e-01,2.371422356230751816e-01
2.660974681769587291e-01,2.395717704236322576e-01,2.378467935548728152e-01
2.656519169558625437e-01,2.392771475769453204e-01,2.375585422789201762e-01
2.653504109730289162e-01,2.384758033586476811e-01,2.367744483850673654e-01
2.652999482626987038e-01,2.377994042807760611e-01,2.361125194917645109e-01
2.652907114919875742e-01,2.373378648909474364e-01,2.356608063902459194e-01
2.653532649897681894e-01,2.374555918819601930e-01,2.357760305927433520e-01
2.652557456153222248e-01,2.370253697365857504e-01,2.353549425463699052e-01
2.659705527593574370e-01,2.380648425718726036e-01,2.363722891269455506e-01
2.652519403636628414e-01,2.367733365775371857e-01,2.351082448648456336e-01
2.650333206870570946e-01,2.372292436498418811e-01,2.355544921418596116e-01
2.650244422223221874e-01,2.368118763699521290e-01,2.351459695192450183e-01
2.652315442691528524e-01,2.365257056034284766e-01,2.348658450586364188e-01
2.650923768115281964e-01,2.368009431885908511e-01,2.351352676078596604e-01
2.649244448759389137e-01,2.365156754860250621e-01,2.348560265939715064e-01
2.646782868432993596e-01,2.356830603695092563e-01,2.340409182007138211e-01
2.644273150666411887e-01,2.340491509155855077e-01,2.324410036888821807e-01
2.644603772490132232e-01,2.344544822286399877e-01,2.328379460673067336e-01
2.644186514613671712e-01,2.330961614883788890e-01,2.315076229588732548e-01
2.641017934303956372e-01,2.326787563742125364e-01,2.310987557527568736e-01
2.640807398162751118e-01,2.327366342930270171e-01,2.311554516321940866e-01
2.642643812528360225e-01,2.318089502024968385e-01,2.302466424850825866e-01
2.642385913069690839e-01,2.318923348185900069e-01,2.303283367309367502e-01
2.638647644660789271e-01,2.324870647465220042e-01,2.309109748174534016e-01
2.646934306854167862e-01,2.330103627969709046e-01,2.314235817700281694e-01
2.638651417787215570e-01,2.326331363542093189e-01,2.310540670126512708e-01
2.638991006680079243e-01,2.330116513795482680e-01,2.314248439668751545e-01
2.639800380486663212e-01,2.324356366325056600e-01,2.308605947833716199e-01
2.635081308746500817e-01,2.313039316103139009e-01,2.297518355051758054e-01
2.632601525766773420e-01,2.300266226099583200e-01,2.285001545640694132e-01
2.639384312755558293e-01,2.308564101983799355e-01,2.293133257005745551e-01
2.637453437881979723e-01,2.294722341074975913e-01,2.279568007009067365e-01
2.635629995622509325e-01,2.288964493667840217e-01,2.273924198553547160e-01
2.632253681449006066e-01,2.305877860171318960e-01,2.290500938795992369e-01
2.632255235499697532e-01,2.300346099302354452e-01,2.285079825119374908e-01
2.634716833041753636e-01,2.308220010421970225e-01,2.292796079788234631e-01
2.629385563352901189e-01,2.317591972477826834e-01,2.301978975382723280e-01
2.628789581904120154e-01,2.318746271343465337e-01,2.303109881185602947e-01
2.629478037999792850e-01,2.317448507054473417e-01,2.301838415798142246e-01
2.628897548491465064e-01,2.319492453832047163e-01,2.303840929042558217e-01
2.627140743738313189e-01,2.318204748015836036e-01,2.302579335306888519e-01
2.627271395274528576e-01,2.314874765522544064e-01,2.299316742999703012e-01
2.630251789489194136e-01,2.320491671905617614e-01,2.304819864884564140e-01
2.623415518282245507e-01,2.307188865350911222e-01,2.291785642639699028e-01
2.622169023197856719e-01,2.303243088867890642e-01,2.287918935285256083e-01
2.623852087640278774e-01,2.303065307113923432e-01,2.287744709680556709e-01
2.622408890324630093e-01,2.306283383155282030e-01,2.290898329404944533e-01
2.622775701707185658e-01,2.282863228567773572e-01,2.267943146163447776e-01
2.623275957277705350e-01,2.297090553263272938e-01,2.281889147428894926e-01
2.626853250451723909e-01,2.301464889752353193e-01,2.286176280446679254e-01
2.625108112247845904e-01,2.302174930161851318e-01,2.286872134537743517e-01
2.619437891671697050e-01,2.308046427424056135e-01,2.292625984065482236e-01
2.620423694186388430e-01,2.310786324825696569e-01,2.295310775472997056e-01
2.619541277400420642e-01,2.301919574943262492e-01,2.286621882225969293e-01
2.614625372362791023e-01,2.310502407971309902e-01,2.295032574984220974e-01
2.614999118903335584e-01,2.309538667133602396e-01,2.294088227514436140e-01
2.614641629106738696e-01,2.305326712267561917e-01,2.289960839025068640e-01
2.613478426703863544e-01,2.315267258870318534e-01,2.299701303430122523e-01
2.615739612940526371e-01,2.310358296288955171e-01,2.294891364297714786e-01
2.612330853553909704e-01,2.308875760108423936e-01,2.293438650730208750e-01
2.613101291485071531e-01,2.310288650305860336e-01,2.294823120171170239e-01
2.613286950416104926e-01,2.308238758746591068e-01,2.292814451428239475e-01
2.613659939018373457e-01,2.310109717924531680e-01,2.294647789008243399e-01
2.614184408327383524e-01,2.305972946851457817e-01,2.290594118861974671e-01
2.614188785150219907e-01,2.316275429703698874e-01,2.300689085120692090e-01
2.614224624753708204e-01,2.309277569456450463e-01,2.293832381107588358e-01
2.608417647933048422e-01,2.308182723186318619e-01,2.292759541696070269e-01
2.606022159371304547e-01,2.299783604647674395e-01,2.284528551652025286e-01
2.604504122656298160e-01,2.293592701676804568e-01,2.278460786501479429e-01
2.607450686506811444e-01,2.297093970664218221e-01,2.281892496833318462e-01
2.602620113523486656e-01,2.290980759686160606e-01,2.275900596295671596e-01
2.603033577597726467e-01,2.283867096808767372e-01,2.268927279608894676e-01
2.602294349683090813e-01,2.288763228545730444e-01,2.273726909236991611e-01
2.601483082585229201e-01,2.299470888509594357e-01,2.284222071491041894e-01
2.604977969326875975e-01,2.285128916843706393e-01,2.270164269082562969e-01
2.600477388560155645e-01,2.296691275097970941e-01,2.281497812360548938e-01
2.601216098764848605e-01,2.288312926561810179e-01,2.273285500004499637e-01
2.599336431204178344e-01,2.296622893066327664e-01,2.281430790418047527e-01
2.599332406422147912e-01,2.300959932114516326e-01,2.285681406302540186e-01
2.599003845594382578e-01,2.309871158320561668e-01,2.294414029816038703e-01
2.595906184764414371e-01,2.301990052664976139e-01,2.286690951665506788e-01
2.595196447134068274e-01,2.286627050591032717e-01,2.271632886176012667e-01
2.593192617365589481e-01,2.286547254624095582e-01,2.271554663352714776e-01
2.589926421614008878e-01,2.289938110681717376e-01,2.274878572739133242e-01
2.588071835136273036e-01,2.292406299033839800e-01,2.277297905379936649e-01
2.591770951235180531e-01,2.294090730577562909e-01,2.278948934227325307e-01
2.587949638291192067e-01,2.293668014711228720e-01,2.278534605559607573e-01
2.586556880352751109e-01,2.295292634097847451e-01,2.280126973528272261e-01
2.588910844388860322e-01,2.295916286544580076e-01,2.280738233227366241e-01
2.587669621472894477e-01,2.293163199668373786e-01,2.278039802591079188e-01
2.583863715872649625e-01,2.280234709380529745e-01,2.265366217763894463e-01
2.585543010543392972e-01,2.287481954667996142e-01,2.272470929253403715e-01
2.586273743510328349e-01,2.276535358959946298e-01,2.261739273344957057e-01
2.585113689300065909e-01,2.303297512425408755e-01,2.287972270103823813e-01
2.585383504020305478e-01,2.277831673721973926e-01,2.263010242727900023e-01
2.586209699292927877e-01,2.284070358799504541e-01,2.269126543598502521e-01
2.585018586481329650e-01,2.281537392309496703e-01,2.266643347457482638e-01
2.584276691054441244e-01,2.279912423773475805e-01,2.265050249535593974e-01
2.581715144476764423e-01,2.277799580813693880e-01,2.262978777646322270e-01
2.586062454645471909e-01,2.274720984752106323e-01,2.259960324841539248e-01
2.581852152114134102e-01,2.270510448033109530e-01,2.255831780281943311e-01
2.581065381418732319e-01,2.278800986219239322e-01,2.263960584388778341e-01
2.584733907814119602e-01,2.288384293846201512e-01,2.273355458132647333e-01
2.580213725804606506e-01,2.279745826742068660e-01,2.264886917402251787e-01
2.576173718689124259e-01,2.260963232975333748e-01,2.246469349375733171e-01
2.574494529930267950e-01,2.259128133648821424e-01,2.244669588756397494e-01
2.573014153501717582e-01,2.246539712572126202e-01,2.232322032008580981e-01
2.572935151325516645e-01,2.247086401882505691e-01,2.232858317237041423e-01
2.574782276495461986e-01,2.236389754079004255e-01,2.222364315018600656e-01
2.576447703778979026e-01,2.247862137296239848e-01,2.233619280839826693e-01
2.570776876649657483e-01,2.232492729118776553e-01,2.218540635830318353e-01
2.566279933643177413e-01,2.224538741515443840e-01,2.210735552989109287e-01
2.567676501832670821e-01,2.232981013936426173e-01,2.219019744746724143e-01
2.567471805156166242e-01,2.224173125343985036e-01,2.210376755764001666e-01
2.571128794132684359e-01,2.223553510803151223e-01,2.209768692236772913e-01
2.567580712555955769e-01,2.226523488036760146e-01,2.212683243545554568e-01
2.565039550265773016e-01,2.233007321673340373e-01,2.219045557991237982e-01
2.565739083729591252e-01,2.237586444239742511e-01,2.223538430676177957e-01
2.565123730467924190e-01,2.226582037496141753e-01,2.212740698855472088e-01
2.557637250915286709e-01,2.218190700233355905e-01,2.204505586449601873e-01
2.557200368532895340e-01,2.205380976171914809e-01,2.191932065133934959e-01
2.560652320464562037e-01,2.207805766469798925e-01,2.194312354805877940e-01
2.556594565044723599e-01,2.204634960543547517e-01,2.191199720884603463e-01
2.555268432114591315e-01,2.186567425324690561e-01,2.173460457374236099e-01
2.556732935443123966e-01,2.186000734066790019e-01,2.172903974714893161e-01
2.557832744332335650e-01,2.182591181559234150e-01,2.169555731017187572e-01
2.558930046254921375e-01,2.181421407377114041e-01,2.168406946809657287e-01
2.555797533373527219e-01,2.186283342724631151e-01,2.173181493014403332e-01
2.551118138540665603e-01,2.184204925447539303e-01,2.171140481373746711e-01
2.552855412978274341e-01,2.187445331225278122e-01,2.174322537829286306e-01
2.554865992256339924e-01,2.189351655727525270e-01,2.176194454260002575e-01
2.550788368708792331e-01,2.184854267988014798e-01,2.171778145264282311e-01
2.546642753619975386e-01,2.182910956500922484e-01,2.169869764104064846e-01
2.549087988487745982e-01,2.185635547254111966e-01,2.172545363702753363e-01
2.547252482792019546e-01,2.179570694306273426e-01,2.166589396034247772e-01
2.548563287034463776e-01,2.171761111282606294e-01,2.158919128036533019e-01
2.546286793945313209e-01,2.187441389724747165e-01,2.174318667408188244e-01
2.547950348719738023e-01,2.179043476341185892e-01,2.166071614756112373e-01
2.546100007910442331e-01,2.192824457841570651e-01,2.179604419315693542e-01
2.546933668585632526e-01,2.189508865694142214e-01,2.176348823986649916e-01
2.545876045602367688e-01,2.196051294821903255e-01,2.182772690174426544e-01
2.548463853383681754e-01,2.199876941095447735e-01,2.186528677647804897e-01
2.546131146732022454e-01,2.188409681702085385e-01,2.175269489859288641e-01
2.547467739699547651e-01,2.194597223564505317e-01,2.181345031301994419e-01
2.548076044787006000e-01,2.197812885941409777e-01,2.184502235857277708e-01
2.548395794018550875e-01,2.186172127816204125e-01,2.173072281471139511e-01
2.547339629241335834e-01,2.195158809524691002e-01,2.181896420537703940e-01
2.544474979934361891e-01,2.192805309954130311e-01,2.179585618440091355e-01
2.548737563415659491e-01,2.201009345155016117e-01,2.187640415699459717e-01
2.545086118601555536e-01,2.194536737801163484e-01,2.181285643466696622e-01
2.541246324464937478e-01,2.194888337296807823e-01,2.181630859932661426e-01
2.538870759613932049e-01,2.187880513885848421e-01,2.174749870997282064e-01
2.543922179554066743e-01,2.174922123391349882e-01,2.162023871970334965e-01
2.539432313749023784e-01,2.188820692397050738e-01,2.175673080569101026e-01
2.543473379537704582e-01,2.198446612904547404e-01,2.185124421937377215e-01
2.538452022955259846e-01,2.184366542197435923e-01,2.171299192042752957e-01
2.537267089444311674e-01,2.185869411250457306e-01,2.172775016840202134e-01
2.536686601506965566e-01,2.177417305369397094e-01,2.164474521761195758e-01
2.537923221284631992e-01,2.175747499802049845e-01,2.162834529023899000e-01
2.538359860011644153e-01,2.176648058408529596e-01,2.163719014702449872e-01
2.535883924014520341e-01,2.170381936174539117e-01,2.157564451669767291e-01
2.535147056360966822e-01,2.176271382462715009e-01,2.163349063194175415e-01
2.535443684895611893e-01,2.167570423188971973e-01,2.154802783689123147e-01
2.535711072109474995e-01,2.179814897699303700e-01,2.166829226869831648e-01
2.535208948685392927e-01,2.164812465711850598e-01,2.152093595643732871e-01
2.536521138485191562e-01,2.173835814103832198e-01,2.160956918282977424e-01
2.533683372979853021e-01,2.174977304075807194e-01,2.162078068939768394e-01
2.534707151419759996e-01,2.171196479050160888e-01,2.158364529333970938e-01
2.534607710151594584e-01,2.163842402052643388e-01,2.151140656128631146e-01
2.535792891541548966e-01,2.173794340161482597e-01,2.160916182928317442e-01
2.536073468420072530e-01,2.176516322840217066e-01,2.163589631149975268e-01
2.536380420829892346e-01,2.174154608826115997e-01,2.161270034811757224e-01
2.533089690695330409e-01,2.171854298509041381e-01,2.159010658819273676e-01
2.535148951597346323e-01,2.188415141251273677e-01,2.175274850865470955e-01
2.534229007209682361e-01,2.171183040442198342e-01,2.158351329466561830e-01
2.530997964820410062e-01,2.168876918463784609e-01,2.156086132404374245e-01
2.535860643213352361e-01,2.172686880625838979e-01,2.159828435084331644e-01
2.533602827202855456e-01,2.167619725503247552e-01,2.154851213046501679e-01
2.530195301693097254e-01,2.173139750503837730e-01,2.160273246763409205e-01
2.527741500560609089e-01,2.175850954824439520e-01,2.162936138288515941e-01
2.526203064102998663e-01,2.182099295983441212e-01,2.169072674401400780e-01
2.526984845078463771e-01,2.180463898165284631e-01,2.167466601941759052e-01
2.527027658113636388e-01,2.181695415681491057e-01,2.168676040443673902e-01
2.525803946465996486e-01,2.169824166860239434e-01,2.157016581313799530e-01
2.528034965669080369e-01,2.162167529444788405e-01,2.149495313076874581e-01
2.525469542038027981e-01,2.175171494704437325e-01,2.162268797301450662e-01
2.529352964715356755e-01,2.176302135618823352e-01,2.163379267431108921e-01
2.526792967849193494e-01,2.174161535047671456e-01,2.161276837648730131e-01
2.527501562368955623e-01,2.174307243157229119e-01,2.161419949912940786e-01
2.527186008511776993e-01,2.182001708976136767e-01,2.168976838528814122e-01
2.530532484554653405e-01,2.175403261189373938e-01,2.162496430758012178e-01
2.525342900843345895e-01,2.165126154424945604e-01,2.152401743634897169e-01
2.527779698422295551e-01,2.173380852991383949e-01,2.160510057785472171e-01
2.529154978508306728e-01,2.166478740673452863e-01,2.153730420504850196e-01
2.520157052987500590e-01,2.154196546722985661e-01,2.141664237233530665e-01
2.519634780749157033e-01,2.145029885097079203e-01,2.132657187841451585e-01
2.519225858476175084e-01,2.145467754841851871e-01,2.133087464377127207e-01
2.521873948215951344e-01,2.132040671727956083e-01,2.119891809976696684e-01
2.518864967907623043e-01,2.144527298795044779e-01,2.132163313175723385e-01
2.519970539492576989e-01,2.140596149677302662e-01,2.128300163622636465e-01
2.519941473791063036e-01,2.146627173744000971e-01,2.134226762459128235e-01
2.519890942630532704e-01,2.149181118331362217e-01,2.136736308208029289e-01
2.520557127035558675e-01,2.147262097611008502e-01,2.134850658453194550e-01
2.521706244124609642e-01,2.151512291667186660e-01,2.139026862781754079e-01
2.519363622731074503e-01,2.152143606752947580e-01,2.139647162492860910e-01
2.519689204166419283e-01,2.143916005263388769e-01,2.131562610040536876e-01
2.521300982178173999e-01,2.152324240480571194e-01,2.139824643273994798e-01
2.522956491156453929e-01,2.150594022078008705e-01,2.138124603843246929e-01
2.519690400223748017e-01,2.140603217179398166e-01,2.128307109098614702e-01
2.518622073840650066e-01,2.133402152855280454e-01,2.121229957573462499e-01
2.517082624039682082e-01,2.133929718882950632e-01,2.121748473945117286e-01
2.518848019994148757e-01,2.144183843637006981e-01,2.131825808976814951e-01
2.517800250477396640e-01,2.138552583935486584e-01,2.126291847738830953e-01
2.518000611186609339e-01,2.129699467516193712e-01,2.117590660164482275e-01
2.518246270079863014e-01,2.135245093788410709e-01,2.123041265849697212e-01
2.516841663984318300e-01,2.135150836441676858e-01,2.122948627689510981e-01
2.518081779008708998e-01,2.133216761919881355e-01,2.121047745692165032e-01
2.517196105467445766e-01,2.137409024003052993e-01,2.125167983776533598e-01
2.521807454594069409e-01,2.133225731262541613e-01,2.121056561242732619e-01
2.514017333488210992e-01,2.132952608588151167e-01,2.120788121060457887e-01
2.514911391584666034e-01,2.132836880305269689e-01,2.120674376492455437e-01
2.516917343576318133e-01,2.134978363364231635e-01,2.122779117044726327e-01
2.511668103916327999e-01,2.106646580259573243e-01,2.094927467918633046e-01
2.513703349290634104e-01,2.114344565904725248e-01,2.102496271001137174e-01
2.510860277950696107e-01,2.105823665792266042e-01,2.094118307089736508e-01
2.511045785650152795e-01,2.097381340995354559e-01,2.085816458926196548e-01
2.510974297710208414e-01,2.106921425129878733e-01,2.095197716811222077e-01
2.511386686367165222e-01,2.105189268034176053e-01,2.093494504859462202e-01
2.510628910866553043e-01,2.102036073225633239e-01,2.090393878672633377e-01
2.513577145212017028e-01,2.106423673639281624e-01,2.094708287875814701e-01
2.509381172236108681e-01,2.096515719028427260e-01,2.084965176497388661e-01
2.510407828387746232e-01,2.100471219174701309e-01,2.088855054397708855e-01
2.509808361148262446e-01,2.092157286879142986e-01,2.080678763783669061e-01
2.514951119294231430e-01,2.098270399091544114e-01,2.086690776867416997e-01
2.510094980890993366e-01,2.092254491563610153e-01,2.080774365524315495e-01
2.506722410536632584e-01,2.090791035547870658e-01,2.079335026650384610e-01
2.509535263560347396e-01,2.078949847264472406e-01,2.067687731698594766e-01
2.509031021653315152e-01,2.088862515115940399e-01,2.077438235669868405e-01
2.504974585597358194e-01,2.074887117095978728e-01,2.063691017671740457e-01
2.504103985139353172e-01,2.068969855134849822e-01,2.057869443003987331e-01
2.504426352550473411e-01,2.076363359383416318e-01,2.065143302199422548e-01
2.504679334712129335e-01,2.061722785443485806e-01,2.050738818049131773e-01
2.505495875788670279e-01,2.071834163282441910e-01,2.060687501344156680e-01
2.504170311199558352e-01,2.073118019108584897e-01,2.061950585088928312e-01
2.503931908932039985e-01,2.057840900992869704e-01,2.046918969899030882e-01
2.503191190867941618e-01,2.051290634088707987e-01,2.040472850857633635e-01
2.504655646095668153e-01,2.032989847884858758e-01,2.022459520714900427e-01
2.502540556676557393e-01,2.051621646683156885e-01,2.040798616416000799e-01
2.507063659566319824e-01,2.041622507625002192e-01,2.030957229331754876e-01
2.502837676655376153e-01,2.054078527587435421e-01,2.043216498964152694e-01
2.503084993452422968e-01,2.041956992868901866e-01,2.031286462560485950e-01
2.504833359732492326e-01,2.054316459737156320e-01,2.043450649408215525e-01
2.502198165854636613e-01,2.056418433354586239e-01,2.045519175911887921e-01
2.504788567425373369e-01,2.044040209907373729e-01,2.033336930457099456e-01
2.505511021107719172e-01,2.056887605446446332e-01,2.045980873040815495e-01
2.498462241797106964e-01,2.050956391812382706e-01,2.040143905086978793e-01
2.500590703951935390e-01,2.049898892696217778e-01,2.039103152007850916e-01
2.498258234841594094e-01,2.051087794303861345e-01,2.040273225541110180e-01
2.495362553767395963e-01,2.046024902953524904e-01,2.035290360775790230e-01
2.495842994649785096e-01,2.044512031734568025e-01,2.033801325706093843e-01
2.497453505804787255e-01,2.052221290795275266e-01,2.041388750955998588e-01
2.492202613336990114e-01,2.036349347482841743e-01,2.025766639022669180e-01
2.494977101884554294e-01,2.046328144823414963e-01,2.035588820635128027e-01
2.490998986532647064e-01,2.031819540642265109e-01,2.021307420111178588e-01
2.490370660542371994e-01,2.031092898377108713e-01,2.020592071730159811e-01
2.491950802830231737e-01,2.015173226213041735e-01,2.004917801293346069e-01
2.490595577641386282e-01,2.029359704366045514e-01,2.018885783249404209e-01
2.489212423678674735e-01,2.027135375281556018e-01,2.016695916347656103e-01
2.487715534391750083e-01,2.028948211231637877e-01,2.018480671222400713e-01
2.490910354731082910e-01,2.020612360055352164e-01,2.010273526920737519e-01
2.491091121343123327e-01,2.034374849152645048e-01,2.023822948100823804e-01
2.485747370333061257e-01,2.011546140608112543e-01,2.001346085742135850e-01
2.486756492543769625e-01,2.011267649310722605e-01,2.001071837534249276e-01
2.488134539086887531e-01,2.012486030579197505e-01,2.002271646850172504e-01
2.484531928628765374e-01,2.013143298391870950e-01,2.002918886457344116e-01
2.488344490063194303e-01,2.017018258522667862e-01,2.006734590940697227e-01
2.484582938662006080e-01,2.014044539043995108e-01,2.003806365815354040e-01
2.481599501144874376e-01,2.005799931960851046e-01,1.995687187471950064e-01
2.481555953747016652e-01,1.997619853325329764e-01,1.987630536718821839e-01
2.482659264979656111e-01,1.999723187629700305e-01,1.989702230871856492e-01
2.480524487308617410e-01,1.996189180250283191e-01,1.986221346852797276e-01
2.481377136729039923e-01,2.004906353020849130e-01,1.994807140913645582e-01
2.482245060322931518e-01,1.991599932760927116e-01,1.981700803786123066e-01
2.477297193956573551e-01,1.982326834668349802e-01,1.972565563519647069e-01
2.477510014864224841e-01,1.970668332368235298e-01,1.961078553159861793e-01
2.478818573614788023e-01,1.980975522372918074e-01,1.971234232654559826e-01
2.478397520898779627e-01,1.986121039423604517e-01,1.976303518169827689e-01
2.477516070923160008e-01,1.985273347258107723e-01,1.975468412011151254e-01
2.479352945739806136e-01,1.982283606039399459e-01,1.972522974522554484e-01
2.479184988514264165e-01,1.986163641398289437e-01,1.976345487332067108e-01
2.476537109785185709e-01,1.969558225603399715e-01,1.959984669827287140e-01
2.480222203395290870e-01,1.971177206514484748e-01,1.961579984329715753e-01
2.476053279811215313e-01,1.970743449209177989e-01,1.961152571557630286e-01
2.475897933636890258e-01,1.954586714979603401e-01,1.945230168831530437e-01
2.474734384152321165e-01,1.959163110414722797e-01,1.949740582837889702e-01
2.477486441101963144e-01,1.958813216549948333e-01,1.949395744606464420e-01
2.474267008880532970e-01,1.965675688566798085e-01,1.956158729079840175e-01
2.473707614236317354e-01,1.970097761671930903e-01,1.960516323247258053e-01
2.476614697407679699e-01,1.972887924267336390e-01,1.963265652205832545e-01
2.475149321286344573e-01,1.966950224987343843e-01,1.957414711126795603e-01
2.479763059818805848e-01,1.978076998356930738e-01,1.968378475963021290e-01
2.475608717307352102e-01,1.967349149741725312e-01,1.957807823473608488e-01
2.475507382275014545e-01,1.964431101238444388e-01,1.954932236834860670e-01
2.475815326732738464e-01,1.967905925724085514e-01,1.958356483169085560e-01
2.473389313238155696e-01,1.965080645301362783e-01,1.955572340033231438e-01
2.471713894910743392e-01,1.960706462086506952e-01,1.951261612901864506e-01
2.471738981930572399e-01,1.959116208489024291e-01,1.949694358705642006e-01
2.472913156502492549e-01,1.961413795341483690e-01,1.951958704146027623e-01
2.469068172052542587e-01,1.959136483792406902e-01,1.949714341008691731e-01
2.470952072713884784e-01,1.945575021965583462e-01,1.936347500303360614e-01
2.469745108824119018e-01,1.960307097345649341e-01,1.950868027587577824e-01
2.466431916496577004e-01,1.969005545017847025e-01,1.959440059437506099e-01
2.466029786844179394e-01,1.962137897936847286e-01,1.952672314229125516e-01
2.468179336797438617e-01,1.962497042098629574e-01,1.953026251374660183e-01
2.466030013721739744e-01,1.966977888149961107e-01,1.957441971308368778e-01
2.467786824174516003e-01,1.955618004683968014e-01,1.946246616674756347e-01
2.466463320205855569e-01,1.962895048647938234e-01,1.953418485229470869e-01
2.469409974181004386e-01,1.966750871653344390e-01,1.957218261520833336e-01
2.465767397963486984e-01,1.956019402760131864e-01,1.946642233758096308e-01
2.466837879757652341e-01,1.950668124816841154e-01,1.941367830027208585e-01
2.465631397831138938e-01,1.961686459279537442e-01,1.952227417996462988e-01
2.467040065629062251e-01,1.949375484605529452e-01,1.940093695972148757e-01
2.464149458919407953e-01,1.958133363928661053e-01,1.948725710024883651e-01
2.466091346488343272e-01,1.958694171435715337e-01,1.949278419167452814e-01
2.464988636123136567e-01,1.964234969997859515e-01,1.954738955051971705e-01
2.464620015212304893e-01,1.961463574471270510e-01,1.952007762206900143e-01
2.463808963623456139e-01,1.953944123437328650e-01,1.944596817232050467e-01
2.463730561317251655e-01,1.953036181120522130e-01,1.943701919988193028e-01
2.465675509786655617e-01,1.940997302448586037e-01,1.931834864231966875e-01
2.464276811770216846e-01,1.950756297120370408e-01,1.941454739109468586e-01
2.464462747741267279e-01,1.947014184393103808e-01,1.937766137881996864e-01
2.463128555774197204e-01,1.948327648150486313e-01,1.939060842854773425e-01
2.465329410757568229e-01,1.952153260003986479e-01,1.942831672773197293e-01
2.464186238940452023e-01,1.956458732195576200e-01,1.947075233176754350e-01
2.468119092444865936e-01,1.960175256105286257e-01,1.950738093775231663e-01
2.461727532750935254e-01,1.948460239878405387e-01,1.939191539506479878e-01
2.461832933050909222e-01,1.948339406963161546e-01,1.939072433614298652e-01
2.462933989098845533e-01,1.946890077248710771e-01,1.937643801912610209e-01
2.462703419030227714e-01,1.949483368630130775e-01,1.940200036411130480e-01
2.462228840737727131e-01,1.944985532891807534e-01,1.935766409528138221e-01
2.465712259957317798e-01,1.944000096713194015e-01,1.934795001195068198e-01
2.462567868979761987e-01,1.941204761906614451e-01,1.932039380805062878e-01
2.462539224075690203e-01,1.955187513822749801e-01,1.945822323157372358e-01
2.465163613018515054e-01,1.951461313145546328e-01,1.942149650432430930e-01
2.461886098858548644e-01,1.956393695171553537e-01,1.947011133409607964e-01
2.462887964716841960e-01,1.945464781772646978e-01,1.936238831062461474e-01
2.467847989248230511e-01,1.959984484072285482e-01,1.950550081302078742e-01
2.462691533568318047e-01,1.948730170081059143e-01,1.939457610913197239e-01
2.459401954291531578e-01,1.945270802275754773e-01,1.936047615390987797e-01
2.459911672003037841e-01,1.948915521136656559e-01,1.939640311655193849e-01
2.460036888795887333e-01,1.939562464540886821e-01,1.930420362717464589e-01
2.462569480789027487e-01,1.940873333388136168e-01,1.931712653414570657e-01
2.459763139218242578e-01,1.945687190909760056e-01,1.936458070626869976e-01
2.459658731953250355e-01,1.926232522355439680e-01,1.917277910017122777e-01
2.459344470273626126e-01,1.947231595301038010e-01,1.937980445498865001e-01
2.457364509343475389e-01,1.958936897461110438e-01,1.949517638653353868e-01
2.458187276425357337e-01,1.975715253555944684e-01,1.966051485460931503e-01
2.458913541447718676e-01,1.956827102686564124e-01,1.947438293852514490e-01
2.458444225611735867e-01,1.963166578138855201e-01,1.953686075102521735e-01
2.459438479425207491e-01,1.961970265222487964e-01,1.952507111266153228e-01
2.458235348631787054e-01,1.967886769455256812e-01,1.958337606223448935e-01
2.457817867454299976e-01,1.959031910495113993e-01,1.949611278844758655e-01
2.455859312954511986e-01,1.957208067483145464e-01,1.947813765183647738e-01
2.456516432869524647e-01,1.949535051582059197e-01,1.940250979831674993e-01
2.456949149954181788e-01,1.954697753137157601e-01,1.945339609732618102e-01
2.454817347439002262e-01,1.950686967061208144e-01,1.941386402333373506e-01
2.451548649752059994e-01,1.940289856021064629e-01,1.931137448431230752e-01
2.457505006402096459e-01,1.942428324088454339e-01,1.933245573480281698e-01
2.452431958743735985e-01,1.941183870738199813e-01,1.932018786013792733e-01
2.451628237246141762e-01,1.926193712565539007e-01,1.917239642312226489e-01
2.450844575533865921e-01,1.937666567305753595e-01,1.928551290320111300e-01
2.448730826051918052e-01,1.930009980276877479e-01,1.921002500375773581e-01
2.451343321033558342e-01,1.935279890722237939e-01,1.926198307707011892e-01
2.449155012228300676e-01,1.938184239360037364e-01,1.929061643117840896e-01
2.449329079735226844e-01,1.933391831137310224e-01,1.924336843813599651e-01
2.449478762631327466e-01,1.931646458828380764e-01,1.922616010925236874e-01
2.451402618379867615e-01,1.935446415391094133e-01,1.926362484164838018e-01
2.447361614028655818e-01,1.922447931431542634e-01,1.913546078145142992e-01
2.447696899936436243e-01,1.916731541789336579e-01,1.907908983325591890e-01
2.448807464935226497e-01,1.919348419496465508e-01,1.910489619885645529e-01
2.447329751335433345e-01,1.918108503156202849e-01,1.909266887525768452e-01
2.446359665682902307e-01,1.905389802592460380e-01,1.896723170953137638e-01
2.446626831870490903e-01,1.898717451477588136e-01,1.890141685566403551e-01
2.446117842463815806e-01,1.903660279459448712e-01,1.895017262351140486e-01
2.443146661136726405e-01,1.896155194779652609e-01,1.887614152438311099e-01
2.442939207275986735e-01,1.900394663396128558e-01,1.891796116992150167e-01
2.443871785397174479e-01,1.900295729948456580e-01,1.891698528414862690e-01
2.442301800823135083e-01,1.901851248980253040e-01,1.893232885933694987e-01
2.445420138423677614e-01,1.897401073139682315e-01,1.888843158477312156e-01
2.442932101992948413e-01,1.905346792210591000e-01,1.896680748347692458e-01
2.441277842023931721e-01,1.892832848930048328e-01,1.884336690798348313e-01
2.440716817825988039e-01,1.891247302334795877e-01,1.882772508942847922e-01
2.438774768099726820e-01,1.887199101243253463e-01,1.878778693189879778e-01
2.440155301454501879e-01,1.889981597241977007e-01,1.881523833037951621e-01
2.439638898591626193e-01,1.887423545914411749e-01,1.879000128695063609e-01
2.439159437205650205e-01,1.884770848518236563e-01,1.876382950532410610e-01
2.438636177501762869e-01,1.884612759474291743e-01,1.876226975112330053e-01
2.442384080174712091e-01,1.897712014745219777e-01,1.889149885682945007e-01
2.439876545617928050e-01,1.884596717730964988e-01,1.876211147824531633e-01
2.437662218834527883e-01,1.872108886759961677e-01,1.863889152288049078e-01
2.437308039177580876e-01,1.863952828224342828e-01,1.855840212587261673e-01
2.441851696279007111e-01,1.865594590746620374e-01,1.857460488207443305e-01
2.438311217189184643e-01,1.862690368331650637e-01,1.854594249579157861e-01
2.441322845985469114e-01,1.866077140080828756e-01,1.857936714856282534e-01
2.437847817852144550e-01,1.860110028868401100e-01,1.852047558317355402e-01
2.435911471699967468e-01,1.863970606078223236e-01,1.855857757973199129e-01
2.437488404596636071e-01,1.858800919522319572e-01,1.850755484265367568e-01
2.434711743784893079e-01,1.869956967370006995e-01,1.861765586663515770e-01
2.437156389291553205e-01,1.873170494947096199e-01,1.864936748566502489e-01
2.437408475708184863e-01,1.867483330950757414e-01,1.859324462144552326e-01
2.436445254100095270e-01,1.864024992589623508e-01,1.855911433284457290e-01
2.436212747582179872e-01,1.867440675295001795e-01,1.859282366370042516e-01
2.433472218694643363e-01,1.856045691685825894e-01,1.848036031298468107e-01
2.434838843234589656e-01,1.852800438331847488e-01,1.844832778976391030e-01
2.433147293831549318e-01,1.848111432666207365e-01,1.840204199524574924e-01
2.432638743575433748e-01,1.858657127249033758e-01,1.850613561677742491e-01
2.435779288728110170e-01,1.859964705129132645e-01,1.851904126847711274e-01
2.433129554182140719e-01,1.866060229651178015e-01,1.857920026053956619e-01
2.431873065567728975e-01,1.862407320055353699e-01,1.854314896888235864e-01
2.431946401645358191e-01,1.864215670597230701e-01,1.856099617509714139e-01
2.431717080796130803e-01,1.867585971781394460e-01,1.859425755647126643e-01
2.431459099795025558e-01,1.861931119340901053e-01,1.853844911086959257e-01
2.434368363794638390e-01,1.841364936018000942e-01,1.833544105221582288e-01
2.432974022778530698e-01,1.861197349999339778e-01,1.853120711952335187e-01
2.434606593271461672e-01,1.848691320870750332e-01,1.840776631482348435e-01
2.431263522052073689e-01,1.861594393250458335e-01,1.853512577695955732e-01
2.430342886228875066e-01,1.853312151398067986e-01,1.845337879095872158e-01
2.430467161440536539e-01,1.845592243149883904e-01,1.837717347463035666e-01
2.432100178937410817e-01,1.848183618492337255e-01,1.840275457435661122e-01
2.429019394116017083e-01,1.860633779071939053e-01,1.852564486273975686e-01
2.430617608187184420e-01,1.864673026956734925e-01,1.856550990246867983e-01
2.431308839392800902e-01,1.864443432330947781e-01,1.856324399790471313e-01
2.431997418423395008e-01,1.866993809130834958e-01,1.858841364051055933e-01
2.429774236283319677e-01,1.866066107828475706e-01,1.857925827192574153e-01
2.434844082758267358e-01,1.868849156725952143e-01,1.860672347057704401e-01
2.428765561330716305e-01,1.859044806295024888e-01,1.850996199191227987e-01
2.428088669145935241e-01,1.857784097897693387e-01,1.849751877820965673e-01
2.427021605504774693e-01,1.860232717729016494e-01,1.852168649407511802e-01
2.428672257095937370e-01,1.859608113622905901e-01,1.851552177284684908e-01
2.427374251706146957e-01,1.856343645867195302e-01,1.848330121871250287e-01
2.427605827322872334e-01,1.862658168074561860e-01,1.854562469797641222e-01
2.427961705600328868e-01,1.860980333416654697e-01,1.852906524363662766e-01
2.426185603921721667e-01,1.847762683635525705e-01,1.839859932474778303e-01
2.426898919478152339e-01,1.854533389192444537e-01,1.846543319829719310e-01
2.426966121983876179e-01,1.843695089672510168e-01,1.835844488295741428e-01
2.432078867521143550e-01,1.861179187722323547e-01,1.853102786461253704e-01
2.427152363479774810e-01,1.852280044860407648e-01,1.844319106871175062e-01
2.427567319569561288e-01,1.853543237660200960e-01,1.845565977793162393e-01
2.429615932483640273e-01,1.847271971555702608e-01,1.839375523952602454e-01
2.425613004655074456e-01,1.843571739594569991e-01,1.835722716061483628e-01
2.423687496035824562e-01,1.830016592588984414e-01,1.822339673122873593e-01
2.429609395570017094e-01,1.817988611382902187e-01,1.810462279027842680e-01
2.423015612569948130e-01,1.833453882343215047e-01,1.825733562138508459e-01
2.422408686086239271e-01,1.848918514574195149e-01,1.841000902631559355e-01
2.426295525981344847e-01,1.857465052266237537e-01,1.849436975693123375e-01
2.424703620347344324e-01,1.852653633534034339e-01,1.844687870682961417e-01
2.422629950464765813e-01,1.853148051478826219e-01,1.845175900264375835e-01
2.423200109693329218e-01,1.846847773194075226e-01,1.838956772023162267e-01
2.422264567110466726e-01,1.842237547360907335e-01,1.834405576730975818e-01
