evals,trace
1.400000000000000000e+01,8.230586996016449053e-01
1.600000000000000000e+01,9.826832301245447265e-01
1.800000000000000000e+01,9.930137041016871002e-01
2.000000000000000000e+01,9.938707924956783346e-01
2.200000000000000000e+01,9.930495237820534671e-01
2.400000000000000000e+01,9.990127738711122030e-01
2.600000000000000000e+01,9.993482736147313306e-01
2.800000000000000000e+01,9.899534751459649895e-01
3.000000000000000000e+01,9.754279982173850172e-01
3.200000000000000000e+01,9.789274471103356356e-01
3.400000000000000000e+01,9.794342433929297265e-01
3.600000000000000000e+01,9.926439796809549687e-01
3.800000000000000000e+01,9.969907613191166806e-01
4.000000000000000000e+01,9.891599176561123308e-01
4.200000000000000000e+01,9.929610372271131524e-01
4.400000000000000000e+01,9.551409245250374047e-01
4.600000000000000000e+01,9.365279997824539349e-01
4.800000000000000000e+01,9.399369802548616093e-01
5.000000000000000000e+01,9.197520482951164755e-01
5.200000000000000000e+01,8.745162018004314364e-01
5.400000000000000000e+01,8.990389690801376954e-01
5.600000000000000000e+01,8.293798514520240861e-01
5.800000000000000000e+01,8.237758528989143070e-01
6.000000000000000000e+01,8.244750950904398135e-01
6.200000000000000000e+01,8.151506178978550343e-01
6.400000000000000000e+01,8.384201105859084846e-01
6.600000000000000000e+01,8.726743202100524233e-01
6.800000000000000000e+01,7.942026862014065491e-01
7.000000000000000000e+01,8.549809165082320472e-01
7.200000000000000000e+01,7.804133544274126644e-01
7.400000000000000000e+01,7.513559424495139805e-01
7.600000000000000000e+01,8.261227627044968047e-01
7.800000000000000000e+01,8.223046201933237320e-01
8.000000000000000000e+01,8.222545198193931260e-01
8.200000000000000000e+01,8.993520519722478790e-01
8.400000000000000000e+01,9.008541373905657457e-01
8.600000000000000000e+01,9.030422283731411870e-01
8.800000000000000000e+01,9.258283827772917363e-01
9.000000000000000000e+01,9.158564403640472307e-01
9.200000000000000000e+01,9.534667464684536409e-01
9.400000000000000000e+01,9.664901388047243413e-01
9.600000000000000000e+01,9.788920654343803429e-01
9.800000000000000000e+01,9.514698084338332196e-01
1.000000000000000000e+02,9.529244870913236021e-01
1.020000000000000000e+02,9.620938386216901783e-01
1.040000000000000000e+02,9.661654462482200945e-01
1.060000000000000000e+02,9.722240013338178111e-01
1.080000000000000000e+02,9.877153499294821781e-01
1.100000000000000000e+02,9.880867969928069927e-01
1.120000000000000000e+02,9.868947643356531518e-01
1.140000000000000000e+02,9.937842496299879036e-01
1.160000000000000000e+02,9.944361637612656457e-01
1.180000000000000000e+02,9.898648177525694036e-01
1.200000000000000000e+02,9.812714233656454343e-01
1.220000000000000000e+02,9.763858793963618998e-01
1.240000000000000000e+02,9.704321768525637770e-01
1.260000000000000000e+02,9.943906002213943607e-01
1.280000000000000000e+02,9.925468385527730364e-01
1.300000000000000000e+02,9.952008807059020690e-01
1.320000000000000000e+02,9.966898841083842164e-01
1.340000000000000000e+02,9.991630064885873574e-01
1.360000000000000000e+02,9.662809849142443008e-01
1.380000000000000000e+02,9.913213446239093063e-01
1.400000000000000000e+02,9.169409195360136433e-01
1.420000000000000000e+02,8.826028549602386031e-01
1.440000000000000000e+02,9.358798548467645029e-01
1.460000000000000000e+02,9.571056861820972372e-01
1.480000000000000000e+02,9.165700545963445522e-01
1.500000000000000000e+02,9.720901047601790967e-01
1.520000000000000000e+02,9.963015278470409575e-01
1.540000000000000000e+02,9.980660044863000069e-01
1.560000000000000000e+02,9.999997499856632110e-01
1.580000000000000000e+02,9.993674684695772470e-01
1.600000000000000000e+02,9.939812478359222325e-01
1.620000000000000000e+02,9.943658920962293868e-01
1.640000000000000000e+02,9.996328697068288527e-01
1.660000000000000000e+02,9.955538016900655762e-01
1.680000000000000000e+02,9.739895016906541247e-01
1.700000000000000000e+02,9.920514688167867412e-01
1.720000000000000000e+02,9.999833874896273400e-01
1.740000000000000000e+02,9.883724103203632705e-01
1.760000000000000000e+02,9.998976485614917697e-01
1.780000000000000000e+02,9.923729740413488321e-01
1.800000000000000000e+02,9.964385339155968913e-01
1.820000000000000000e+02,9.955018416082166421e-01
1.840000000000000000e+02,9.970705626192197801e-01
1.860000000000000000e+02,9.995873567987217934e-01
1.880000000000000000e+02,9.999415667815454434e-01
1.900000000000000000e+02,9.994800146088368420e-01
1.920000000000000000e+02,9.993073335506847954e-01
1.940000000000000000e+02,9.915777404600287781e-01
1.960000000000000000e+02,9.993276689607425434e-01
1.980000000000000000e+02,9.993186456495548597e-01
2.000000000000000000e+02,9.997477709974645910e-01
2.020000000000000000e+02,9.996265425036444663e-01
2.040000000000000000e+02,9.990563772442000445e-01
2.060000000000000000e+02,9.927342536894782077e-01
2.080000000000000000e+02,9.998249003162683612e-01
2.100000000000000000e+02,9.995489034418721941e-01
2.120000000000000000e+02,9.995405434320203675e-01
2.140000000000000000e+02,9.996802167279359441e-01
2.160000000000000000e+02,9.998414848814488609e-01
2.180000000000000000e+02,9.994040978204975501e-01
2.200000000000000000e+02,9.883473280505694625e-01
2.220000000000000000e+02,9.757117170155744645e-01
2.240000000000000000e+02,9.762189711108388845e-01
2.260000000000000000e+02,9.546429143925755367e-01
2.280000000000000000e+02,9.545170269741739544e-01
2.300000000000000000e+02,9.707726658398144748e-01
2.320000000000000000e+02,9.644570680996814582e-01
2.340000000000000000e+02,9.568257728242395288e-01
2.360000000000000000e+02,9.606982121999347868e-01
2.380000000000000000e+02,9.687371150643460105e-01
2.400000000000000000e+02,9.730601711303982215e-01
2.420000000000000000e+02,9.810908835892629964e-01
2.440000000000000000e+02,9.913726677436238699e-01
2.460000000000000000e+02,9.566432054443753108e-01
2.480000000000000000e+02,9.465406976700014852e-01
2.500000000000000000e+02,9.961949307170989698e-01
2.520000000000000000e+02,9.930795735831456916e-01
2.540000000000000000e+02,9.844696262657076646e-01
2.560000000000000000e+02,9.913330688436533533e-01
2.580000000000000000e+02,9.973380057938328047e-01
2.600000000000000000e+02,9.970964227230368904e-01
2.620000000000000000e+02,9.758578969204584341e-01
2.640000000000000000e+02,9.699955024711942597e-01
2.660000000000000000e+02,9.887572862531406326e-01
2.680000000000000000e+02,9.924618231691871850e-01
2.700000000000000000e+02,9.997795132849488509e-01
2.720000000000000000e+02,9.999905987757307102e-01
2.740000000000000000e+02,9.998282258534731959e-01
2.760000000000000000e+02,9.991790133603610791e-01
2.780000000000000000e+02,9.967034040841730169e-01
2.800000000000000000e+02,9.959220860882281867e-01
2.820000000000000000e+02,9.993424771652096306e-01
2.840000000000000000e+02,9.978626804907551051e-01
2.860000000000000000e+02,9.976213822612856053e-01
2.880000000000000000e+02,9.966272247941329043e-01
2.900000000000000000e+02,9.999801125578170469e-01
2.920000000000000000e+02,9.997174165765448928e-01
2.940000000000000000e+02,9.779776595946183537e-01
2.960000000000000000e+02,9.783045437326517435e-01
2.980000000000000000e+02,9.810616320783638322e-01
3.000000000000000000e+02,9.821880829371009147e-01
3.020000000000000000e+02,9.704973712679914044e-01
3.040000000000000000e+02,9.741023749936091880e-01
3.060000000000000000e+02,9.682806496256052275e-01
3.080000000000000000e+02,9.934106303856709008e-01
3.100000000000000000e+02,9.399495331656192443e-01
3.120000000000000000e+02,9.530481598144591171e-01
3.140000000000000000e+02,9.699197330705149334e-01
3.160000000000000000e+02,9.808420894468700135e-01
3.180000000000000000e+02,9.888334401558430686e-01
3.200000000000000000e+02,9.812893538446842978e-01
3.220000000000000000e+02,9.489813319625026722e-01
3.240000000000000000e+02,9.448721187308901648e-01
3.260000000000000000e+02,9.444832942074125048e-01
3.280000000000000000e+02,9.811506845910771268e-01
3.300000000000000000e+02,9.967274365760470101e-01
3.320000000000000000e+02,9.973167367005919548e-01
3.340000000000000000e+02,9.982266786973450490e-01
3.360000000000000000e+02,9.969282195515160039e-01
3.380000000000000000e+02,9.992080986150373434e-01
3.400000000000000000e+02,9.991615078423832230e-01
3.420000000000000000e+02,9.956433537300235503e-01
3.440000000000000000e+02,9.763466308780495151e-01
3.460000000000000000e+02,9.735299409370147261e-01
3.480000000000000000e+02,9.712637242815481686e-01
3.500000000000000000e+02,9.732011055959105539e-01
3.520000000000000000e+02,9.722085625422299815e-01
3.540000000000000000e+02,9.683705228666973364e-01
3.560000000000000000e+02,9.231791477422379710e-01
3.580000000000000000e+02,9.272128232949893301e-01
3.600000000000000000e+02,9.386632419457858756e-01
3.620000000000000000e+02,9.395341593429117344e-01
3.640000000000000000e+02,9.500673611433704258e-01
3.660000000000000000e+02,9.546762198957536860e-01
3.680000000000000000e+02,9.549674199202267122e-01
3.700000000000000000e+02,9.546563980192300791e-01
3.720000000000000000e+02,9.545933558075743175e-01
3.740000000000000000e+02,9.375439623097243658e-01
3.760000000000000000e+02,9.337970715024002111e-01
3.780000000000000000e+02,9.622140083833520263e-01
3.800000000000000000e+02,9.708774144858329791e-01
3.820000000000000000e+02,9.783409311160545796e-01
3.840000000000000000e+02,9.376849675342330270e-01
3.860000000000000000e+02,9.483527623431800002e-01
3.880000000000000000e+02,9.528480156044588645e-01
3.900000000000000000e+02,8.874790104489161946e-01
3.920000000000000000e+02,8.910125700156833473e-01
3.940000000000000000e+02,8.867018185348362058e-01
3.960000000000000000e+02,8.878255998573035823e-01
3.980000000000000000e+02,9.181410950940460669e-01
4.000000000000000000e+02,9.999986001391980572e-01
4.020000000000000000e+02,9.996336268700957151e-01
4.040000000000000000e+02,9.998227413882627701e-01
4.060000000000000000e+02,9.998695468555468535e-01
4.080000000000000000e+02,9.979202613803890287e-01
4.100000000000000000e+02,9.964673702762890661e-01
4.120000000000000000e+02,9.966023664012417793e-01
4.140000000000000000e+02,9.976809976480549569e-01
4.160000000000000000e+02,9.911519351270705602e-01
4.180000000000000000e+02,9.914195785563324481e-01
4.200000000000000000e+02,9.922933866259729951e-01
4.220000000000000000e+02,9.897259506335951418e-01
4.240000000000000000e+02,9.880318875134183054e-01
4.260000000000000000e+02,9.952834389833711271e-01
4.280000000000000000e+02,9.934533614834060167e-01
4.300000000000000000e+02,9.937782485219245343e-01
4.320000000000000000e+02,9.914013882030185965e-01
4.340000000000000000e+02,9.958115788510946143e-01
4.360000000000000000e+02,9.999094771666391379e-01
4.380000000000000000e+02,9.999988620067656875e-01
4.400000000000000000e+02,9.967059017006446586e-01
4.420000000000000000e+02,9.971829012547993587e-01
4.440000000000000000e+02,9.973370779644232798e-01
4.460000000000000000e+02,9.983610432165896942e-01
4.480000000000000000e+02,9.975612063586252187e-01
4.500000000000000000e+02,9.802447450567407516e-01
4.520000000000000000e+02,9.836095881742468183e-01
4.540000000000000000e+02,9.849280032398490814e-01
4.560000000000000000e+02,9.849443664769773621e-01
4.580000000000000000e+02,9.842896767512433476e-01
4.600000000000000000e+02,9.672933967627833640e-01
4.620000000000000000e+02,9.570397342397306550e-01
4.640000000000000000e+02,9.285011353855110450e-01
4.660000000000000000e+02,9.239351491118068527e-01
4.680000000000000000e+02,9.712797081552780876e-01
4.700000000000000000e+02,9.613779953515242394e-01
4.720000000000000000e+02,9.638336972586938334e-01
4.740000000000000000e+02,8.835308111921015284e-01
4.760000000000000000e+02,8.860964359859394568e-01
4.780000000000000000e+02,8.517563284395537337e-01
4.800000000000000000e+02,8.606245306909464654e-01
4.820000000000000000e+02,8.339415488929677878e-01
4.840000000000000000e+02,8.087821398278549623e-01
4.860000000000000000e+02,8.127336027616994807e-01
4.880000000000000000e+02,8.411046366042523870e-01
4.900000000000000000e+02,8.411026502450916764e-01
4.920000000000000000e+02,8.654480832621909148e-01
4.940000000000000000e+02,7.801279535862767345e-01
4.960000000000000000e+02,8.168919500592562999e-01
4.980000000000000000e+02,8.363999334960748877e-01
5.000000000000000000e+02,8.332456443895733811e-01
5.020000000000000000e+02,8.074037115152224997e-01
5.040000000000000000e+02,8.048083906019749545e-01
5.060000000000000000e+02,7.505016638107651072e-01
5.080000000000000000e+02,7.510128084423302042e-01
5.100000000000000000e+02,7.647616258606362294e-01
5.120000000000000000e+02,7.784107147324492715e-01
5.140000000000000000e+02,8.420893389266497220e-01
5.160000000000000000e+02,8.984713135188150401e-01
5.180000000000000000e+02,8.366505446149524738e-01
5.200000000000000000e+02,8.563193488789941910e-01
5.220000000000000000e+02,9.436489244723291758e-01
5.240000000000000000e+02,9.467307789183846412e-01
5.260000000000000000e+02,9.593599647351813697e-01
5.280000000000000000e+02,9.638928047191837045e-01
5.300000000000000000e+02,9.773403551336588002e-01
5.320000000000000000e+02,9.766239978950247425e-01
5.340000000000000000e+02,9.846507640405464112e-01
5.360000000000000000e+02,9.662172904727519551e-01
5.380000000000000000e+02,9.650669715075773647e-01
5.400000000000000000e+02,9.616788024723390560e-01
5.420000000000000000e+02,9.572561259644569720e-01
5.440000000000000000e+02,9.795136804090199822e-01
5.460000000000000000e+02,9.853212430991993287e-01
5.480000000000000000e+02,9.846531235521607250e-01
5.500000000000000000e+02,9.537684691367744882e-01
5.520000000000000000e+02,9.452424526724363396e-01
5.540000000000000000e+02,8.892628650962899339e-01
5.560000000000000000e+02,8.702249043594219025e-01
5.580000000000000000e+02,7.623085117829709878e-01
5.600000000000000000e+02,8.206293132911345323e-01
5.620000000000000000e+02,7.718554140467159819e-01
5.640000000000000000e+02,7.526631363803667485e-01
5.660000000000000000e+02,7.466237759051399525e-01
5.680000000000000000e+02,9.514909670836991795e-01
5.700000000000000000e+02,9.745908382946778525e-01
5.720000000000000000e+02,9.111086052561609971e-01
5.740000000000000000e+02,9.821580052816761830e-01
5.760000000000000000e+02,9.664728063249676815e-01
5.780000000000000000e+02,9.298625393629430524e-01
5.800000000000000000e+02,9.273385912988549862e-01
5.820000000000000000e+02,9.830912139598089183e-01
5.840000000000000000e+02,9.839808290944853653e-01
5.860000000000000000e+02,9.811110359401679082e-01
5.880000000000000000e+02,9.871990767049635407e-01
5.900000000000000000e+02,9.894720241817654971e-01
5.920000000000000000e+02,9.928523589463666976e-01
5.940000000000000000e+02,9.933005949226840769e-01
5.960000000000000000e+02,9.998430534356551602e-01
5.980000000000000000e+02,9.943176653307818080e-01
6.000000000000000000e+02,9.955839931080250338e-01
6.020000000000000000e+02,9.909285115521178078e-01
6.040000000000000000e+02,9.896610521757708279e-01
6.060000000000000000e+02,9.923230624363579278e-01
6.080000000000000000e+02,9.835001321205053548e-01
6.100000000000000000e+02,9.783273365925851950e-01
6.120000000000000000e+02,9.886529983044793912e-01
6.140000000000000000e+02,9.958255621685490055e-01
6.160000000000000000e+02,9.957107984662044720e-01
6.180000000000000000e+02,9.896306957903600043e-01
6.200000000000000000e+02,9.949086573018028901e-01
6.220000000000000000e+02,9.981072337372073333e-01
6.240000000000000000e+02,9.523932471623365315e-01
6.260000000000000000e+02,9.465922954701568859e-01
6.280000000000000000e+02,9.647237235685706125e-01
6.300000000000000000e+02,9.632466564810083787e-01
6.320000000000000000e+02,9.302344297488585045e-01
6.340000000000000000e+02,8.839691740092403549e-01
6.360000000000000000e+02,9.125362337795019929e-01
6.380000000000000000e+02,9.263217555609309928e-01
6.400000000000000000e+02,9.099200344493962866e-01
6.420000000000000000e+02,8.717550091083535735e-01
6.440000000000000000e+02,8.075170404362086440e-01
6.460000000000000000e+02,7.900762296132077811e-01
6.480000000000000000e+02,8.424579690396230003e-01
6.500000000000000000e+02,8.028995900698033816e-01
6.520000000000000000e+02,8.588594942947670452e-01
6.540000000000000000e+02,9.411471373517804606e-01
6.560000000000000000e+02,9.358873606542217338e-01
6.580000000000000000e+02,9.203352824629906781e-01
6.600000000000000000e+02,9.793828975462389730e-01
6.620000000000000000e+02,9.777635036732837959e-01
6.640000000000000000e+02,9.766871514190268444e-01
6.660000000000000000e+02,9.896907071571821035e-01
6.680000000000000000e+02,9.860450248206864554e-01
6.700000000000000000e+02,9.891214292215662063e-01
6.720000000000000000e+02,9.881830852886379635e-01
6.740000000000000000e+02,9.819082320948895326e-01
6.760000000000000000e+02,9.711154410234642542e-01
6.780000000000000000e+02,9.975338578749137763e-01
6.800000000000000000e+02,9.971376280586581320e-01
6.820000000000000000e+02,9.747730487327687099e-01
6.840000000000000000e+02,9.907537084752298107e-01
6.860000000000000000e+02,9.903459175534462533e-01
6.880000000000000000e+02,9.789616514058409047e-01
6.900000000000000000e+02,9.805902424078072332e-01
6.920000000000000000e+02,9.692500281262139694e-01
6.940000000000000000e+02,9.799172837365338617e-01
6.960000000000000000e+02,9.766365438765974849e-01
6.980000000000000000e+02,9.829672234045716550e-01
7.000000000000000000e+02,9.860630427583492175e-01
7.020000000000000000e+02,9.865542235778944624e-01
7.040000000000000000e+02,9.863992428424209757e-01
7.060000000000000000e+02,9.857112775405592053e-01
7.080000000000000000e+02,9.906595105533803070e-01
7.100000000000000000e+02,9.897083011886722570e-01
7.120000000000000000e+02,9.942887061292897677e-01
7.140000000000000000e+02,9.955982110593446510e-01
7.160000000000000000e+02,9.956624035182565224e-01
7.180000000000000000e+02,9.971202088954824738e-01
7.200000000000000000e+02,9.975182470441616989e-01
7.220000000000000000e+02,9.974507444963075509e-01
7.240000000000000000e+02,9.990529639753658042e-01
7.260000000000000000e+02,9.999154415197051282e-01
7.280000000000000000e+02,9.980560125143277395e-01
7.300000000000000000e+02,9.998832519659872631e-01
7.320000000000000000e+02,9.998900093627544061e-01
7.340000000000000000e+02,9.999114308951756458e-01
7.360000000000000000e+02,9.998552738047494781e-01
7.380000000000000000e+02,9.999217380605243122e-01
7.400000000000000000e+02,9.997633535782591840e-01
7.420000000000000000e+02,9.992132721096186332e-01
7.440000000000000000e+02,9.995977305087448972e-01
7.460000000000000000e+02,9.992694738987502046e-01
7.480000000000000000e+02,9.991567434151155114e-01
7.500000000000000000e+02,9.990502735396662448e-01
7.520000000000000000e+02,9.995968012740282793e-01
7.540000000000000000e+02,9.995953572376840013e-01
7.560000000000000000e+02,9.996051648523355260e-01
7.580000000000000000e+02,9.996093846461882038e-01
7.600000000000000000e+02,9.999927509575525786e-01
7.620000000000000000e+02,9.999875218450503533e-01
7.640000000000000000e+02,9.998055774018602682e-01
7.660000000000000000e+02,9.998887284555624255e-01
7.680000000000000000e+02,9.998548574450629722e-01
7.700000000000000000e+02,9.999277477988158802e-01
7.720000000000000000e+02,9.996293558934196133e-01
7.740000000000000000e+02,9.999806941741242738e-01
7.760000000000000000e+02,9.997502194413239174e-01
7.780000000000000000e+02,9.997273919388217633e-01
7.800000000000000000e+02,9.998238346792984732e-01
7.820000000000000000e+02,9.951142953099049171e-01
7.840000000000000000e+02,9.948652011643408510e-01
7.860000000000000000e+02,9.969758207103720515e-01
7.880000000000000000e+02,9.989354461538164642e-01
7.900000000000000000e+02,9.968920199379029956e-01
7.920000000000000000e+02,9.987390806661715636e-01
7.940000000000000000e+02,9.995889440373162405e-01
7.960000000000000000e+02,9.996768953957745341e-01
7.980000000000000000e+02,9.998432139059001411e-01
8.000000000000000000e+02,9.998453074312040334e-01
8.020000000000000000e+02,9.998041536453380340e-01
8.040000000000000000e+02,9.997002091511947297e-01
8.060000000000000000e+02,9.990771330451950760e-01
8.080000000000000000e+02,9.993570485747639287e-01
8.100000000000000000e+02,9.996509869897893807e-01
8.120000000000000000e+02,9.999992731875206875e-01
8.140000000000000000e+02,9.999997092764121298e-01
8.160000000000000000e+02,9.991750045069066610e-01
8.180000000000000000e+02,9.993498176566347757e-01
8.200000000000000000e+02,9.990565117498156900e-01
8.220000000000000000e+02,9.992473009515585591e-01
8.240000000000000000e+02,9.990634999514693693e-01
8.260000000000000000e+02,9.991684557030169334e-01
8.280000000000000000e+02,9.995743789511516431e-01
8.300000000000000000e+02,9.994537875959784712e-01
8.320000000000000000e+02,9.986750323452817657e-01
8.340000000000000000e+02,9.971519653571978559e-01
8.360000000000000000e+02,9.999987877149736359e-01
8.380000000000000000e+02,9.999910294194451765e-01
8.400000000000000000e+02,9.998339489605925223e-01
8.420000000000000000e+02,9.999674381081427033e-01
8.440000000000000000e+02,9.999915043755844835e-01
8.460000000000000000e+02,9.997612085944198590e-01
8.480000000000000000e+02,9.994165526080459605e-01
8.500000000000000000e+02,9.995330684565315593e-01
8.520000000000000000e+02,9.997319449705175387e-01
8.540000000000000000e+02,9.999903767681810329e-01
8.560000000000000000e+02,9.999946754344890554e-01
8.580000000000000000e+02,9.998883666631003253e-01
8.600000000000000000e+02,9.999181333498363689e-01
8.620000000000000000e+02,9.998084788956993485e-01
8.640000000000000000e+02,9.997832808564277585e-01
8.660000000000000000e+02,9.999466861663152129e-01
8.680000000000000000e+02,9.999919359133658814e-01
8.700000000000000000e+02,9.999927495475269268e-01
8.720000000000000000e+02,9.999866666771937140e-01
8.740000000000000000e+02,9.999083294463525506e-01
8.760000000000000000e+02,9.999917702699424593e-01
8.780000000000000000e+02,9.999911668050264213e-01
8.800000000000000000e+02,9.999957533859404890e-01
8.820000000000000000e+02,9.999973660250002228e-01
8.840000000000000000e+02,9.999845394951989430e-01
8.860000000000000000e+02,9.999748836427765353e-01
8.880000000000000000e+02,9.999928773195920773e-01
8.900000000000000000e+02,9.997312593776908063e-01
8.920000000000000000e+02,9.997303830373099887e-01
8.940000000000000000e+02,9.995819716425013990e-01
8.960000000000000000e+02,9.998700414919394763e-01
8.980000000000000000e+02,9.999227050665869809e-01
9.000000000000000000e+02,9.999774747800662666e-01
9.020000000000000000e+02,9.999293791912597928e-01
9.040000000000000000e+02,9.999616521542390446e-01
9.060000000000000000e+02,9.999128844750554412e-01
9.080000000000000000e+02,9.995880896540185745e-01
9.100000000000000000e+02,9.997914785166798213e-01
9.120000000000000000e+02,9.999586947961117689e-01
9.140000000000000000e+02,9.993273433895332181e-01
9.160000000000000000e+02,9.993645812228035830e-01
9.180000000000000000e+02,9.994242903400799571e-01
9.200000000000000000e+02,9.992956586699630606e-01
9.220000000000000000e+02,9.994851298706654008e-01
9.240000000000000000e+02,9.996956087125873358e-01
9.260000000000000000e+02,9.998109665359208309e-01
9.280000000000000000e+02,9.960972753296385429e-01
9.300000000000000000e+02,9.958779080744118994e-01
9.320000000000000000e+02,9.972675857769121022e-01
9.340000000000000000e+02,9.968730394857664434e-01
9.360000000000000000e+02,9.970341801380959712e-01
9.380000000000000000e+02,9.989757897745688009e-01
9.400000000000000000e+02,9.990232791498321330e-01
9.420000000000000000e+02,9.950570906225132406e-01
9.440000000000000000e+02,9.965089360531261820e-01
9.460000000000000000e+02,9.970053288186986329e-01
9.480000000000000000e+02,9.966488332160282626e-01
9.500000000000000000e+02,9.955103765684161221e-01
9.520000000000000000e+02,9.948061988521371690e-01
9.540000000000000000e+02,9.940559010402896245e-01
9.560000000000000000e+02,9.936528571978406887e-01
9.580000000000000000e+02,9.917564536790026697e-01
9.600000000000000000e+02,9.994536273449892150e-01
9.620000000000000000e+02,9.989375243303146856e-01
9.640000000000000000e+02,9.991750365750921015e-01
9.660000000000000000e+02,9.987620266162885452e-01
9.680000000000000000e+02,9.999223652966930942e-01
9.700000000000000000e+02,9.993094200891848855e-01
9.720000000000000000e+02,9.999059232387232932e-01
9.740000000000000000e+02,9.998861247758541460e-01
9.760000000000000000e+02,9.998318086531063908e-01
9.780000000000000000e+02,9.985775806356914641e-01
9.800000000000000000e+02,9.951509005653609297e-01
9.820000000000000000e+02,9.950490731056932381e-01
9.840000000000000000e+02,9.914601120560764258e-01
9.860000000000000000e+02,9.983530234401494230e-01
9.880000000000000000e+02,9.903978709466649821e-01
9.900000000000000000e+02,9.933301154460427718e-01
9.920000000000000000e+02,9.955504224303701744e-01
9.940000000000000000e+02,9.999230689222469159e-01
9.960000000000000000e+02,9.997677929573027811e-01
9.980000000000000000e+02,9.993220657759308567e-01
1.000000000000000000e+03,9.986535663586765255e-01
1.002000000000000000e+03,9.983073170470603275e-01
1.004000000000000000e+03,9.985214678691511914e-01
1.006000000000000000e+03,9.896566913228498352e-01
1.008000000000000000e+03,9.926520925596272749e-01
1.010000000000000000e+03,9.976464440942531819e-01
1.012000000000000000e+03,9.967583625197052877e-01
1.014000000000000000e+03,9.955774472379562701e-01
1.016000000000000000e+03,9.961442574785153159e-01
1.018000000000000000e+03,9.890559558389490080e-01
1.020000000000000000e+03,9.903545833351634631e-01
1.022000000000000000e+03,9.887236540659786188e-01
1.024000000000000000e+03,9.861942749676212427e-01
1.026000000000000000e+03,9.890421890863142496e-01
1.028000000000000000e+03,9.893121123195227629e-01
1.030000000000000000e+03,9.898027586892442775e-01
1.032000000000000000e+03,9.840859238538367526e-01
1.034000000000000000e+03,9.808971864851158129e-01
1.036000000000000000e+03,9.847623989980887060e-01
1.038000000000000000e+03,9.844472183561787659e-01
1.040000000000000000e+03,9.848789558997596005e-01
1.042000000000000000e+03,9.842333224893623500e-01
1.044000000000000000e+03,9.824388986696003245e-01
1.046000000000000000e+03,9.841295830521733512e-01
1.048000000000000000e+03,9.821495948049321356e-01
1.050000000000000000e+03,9.824398538215800558e-01
1.052000000000000000e+03,9.875317975580553131e-01
1.054000000000000000e+03,9.868649435934528924e-01
1.056000000000000000e+03,9.904735889840379226e-01
1.058000000000000000e+03,9.903008042549350520e-01
1.060000000000000000e+03,9.983461311329405730e-01
1.062000000000000000e+03,9.974446909716758736e-01
1.064000000000000000e+03,9.982510459793311197e-01
1.066000000000000000e+03,9.982908369416184646e-01
1.068000000000000000e+03,9.879811587028187736e-01
1.070000000000000000e+03,9.866874987549973941e-01
1.072000000000000000e+03,9.866296221073173056e-01
1.074000000000000000e+03,9.873493940881197251e-01
1.076000000000000000e+03,9.887203046209702695e-01
1.078000000000000000e+03,9.904589662841557507e-01
1.080000000000000000e+03,9.940639810940816723e-01
1.082000000000000000e+03,9.922807946050128391e-01
1.084000000000000000e+03,9.973367511267465790e-01
1.086000000000000000e+03,9.986941009593258700e-01
1.088000000000000000e+03,9.992794955650492472e-01
1.090000000000000000e+03,9.997526214883331042e-01
1.092000000000000000e+03,9.999289357350303886e-01
1.094000000000000000e+03,9.995978043776904132e-01
1.096000000000000000e+03,9.997088294372976636e-01
1.098000000000000000e+03,9.997482434538368379e-01
1.100000000000000000e+03,9.997571671416700667e-01
1.102000000000000000e+03,9.994943896555746887e-01
1.104000000000000000e+03,9.996460643587252726e-01
1.106000000000000000e+03,9.996493206578850321e-01
1.108000000000000000e+03,9.966279425375172973e-01
1.110000000000000000e+03,9.987201270591883340e-01
1.112000000000000000e+03,9.987332657142476977e-01
1.114000000000000000e+03,9.990525727040976411e-01
1.116000000000000000e+03,9.990323838469729045e-01
1.118000000000000000e+03,9.999978345997658780e-01
1.120000000000000000e+03,9.999952668506274511e-01
1.122000000000000000e+03,9.999923741364136198e-01
1.124000000000000000e+03,9.999899135519642046e-01
1.126000000000000000e+03,9.999938049371470683e-01
1.128000000000000000e+03,9.999842704536037186e-01
1.130000000000000000e+03,9.999852630695733602e-01
1.132000000000000000e+03,9.999674411118755213e-01
1.134000000000000000e+03,9.996779024218199750e-01
1.136000000000000000e+03,9.996524374132061963e-01
1.138000000000000000e+03,9.999128149139460131e-01
1.140000000000000000e+03,9.998951739084149803e-01
1.142000000000000000e+03,9.997930709538300764e-01
1.144000000000000000e+03,9.998056639533072776e-01
1.146000000000000000e+03,9.999147905564490513e-01
1.148000000000000000e+03,9.999805965933104002e-01
1.150000000000000000e+03,9.996426061043577338e-01
1.152000000000000000e+03,9.999463861795331310e-01
1.154000000000000000e+03,9.998435997054985203e-01
1.156000000000000000e+03,9.977363661133640260e-01
1.158000000000000000e+03,9.925242071695891122e-01
1.160000000000000000e+03,9.929578123198089523e-01
1.162000000000000000e+03,9.958465201060054950e-01
1.164000000000000000e+03,9.986581929485657261e-01
1.166000000000000000e+03,9.987685303669023851e-01
1.168000000000000000e+03,9.991169000969273295e-01
1.170000000000000000e+03,9.991532088990925375e-01
1.172000000000000000e+03,9.986587999840077501e-01
1.174000000000000000e+03,9.996390296697654776e-01
1.176000000000000000e+03,9.996084875598028052e-01
1.178000000000000000e+03,9.999654304784904024e-01
1.180000000000000000e+03,9.999580926274590498e-01
1.182000000000000000e+03,9.999575769678917814e-01
1.184000000000000000e+03,9.999623411984784882e-01
1.186000000000000000e+03,9.991355182663824719e-01
1.188000000000000000e+03,9.997666073381298313e-01
1.190000000000000000e+03,9.995731930658825481e-01
1.192000000000000000e+03,9.987145647920478986e-01
1.194000000000000000e+03,9.985215921789482030e-01
1.196000000000000000e+03,9.988720451639012676e-01
1.198000000000000000e+03,9.988662497870276491e-01
1.200000000000000000e+03,9.989808719357298195e-01
1.202000000000000000e+03,9.995556138515340194e-01
1.204000000000000000e+03,9.996147050891081021e-01
1.206000000000000000e+03,9.972552977469806290e-01
1.208000000000000000e+03,9.956700877158057850e-01
1.210000000000000000e+03,9.934208693559118952e-01
1.212000000000000000e+03,9.907234386617952415e-01
1.214000000000000000e+03,9.906691484554303040e-01
1.216000000000000000e+03,9.886674073116258343e-01
1.218000000000000000e+03,9.431556989842072580e-01
1.220000000000000000e+03,9.237507240910680650e-01
1.222000000000000000e+03,9.345774671278674894e-01
1.224000000000000000e+03,9.379251317602187443e-01
1.226000000000000000e+03,9.384389102527976867e-01
1.228000000000000000e+03,9.572561963071166691e-01
1.230000000000000000e+03,9.353140689288991227e-01
1.232000000000000000e+03,9.340345625469078650e-01
1.234000000000000000e+03,9.449804839465074657e-01
1.236000000000000000e+03,9.457305607667227942e-01
1.238000000000000000e+03,9.444072450777243333e-01
1.240000000000000000e+03,9.675654531529994662e-01
1.242000000000000000e+03,9.778633202568911553e-01
1.244000000000000000e+03,9.666553166726543633e-01
1.246000000000000000e+03,9.625460188408228035e-01
1.248000000000000000e+03,9.541964680060058823e-01
1.250000000000000000e+03,9.484683371228567195e-01
1.252000000000000000e+03,9.569577431786554511e-01
1.254000000000000000e+03,9.812102152179803527e-01
1.256000000000000000e+03,9.783325779997146254e-01
1.258000000000000000e+03,9.812251472745998626e-01
1.260000000000000000e+03,9.815691977755400810e-01
1.262000000000000000e+03,9.717984254817014778e-01
1.264000000000000000e+03,9.768451489131958487e-01
1.266000000000000000e+03,9.779714256226241798e-01
1.268000000000000000e+03,9.668820623715328466e-01
1.270000000000000000e+03,9.692204550926559747e-01
1.272000000000000000e+03,9.679418088727270719e-01
1.274000000000000000e+03,9.665857905854712273e-01
1.276000000000000000e+03,9.689160829430898403e-01
1.278000000000000000e+03,9.691098690850268316e-01
1.280000000000000000e+03,9.695525701044386269e-01
1.282000000000000000e+03,9.528910631139196896e-01
1.284000000000000000e+03,9.485050412862051639e-01
1.286000000000000000e+03,9.599151096627110968e-01
1.288000000000000000e+03,9.595093106445878872e-01
1.290000000000000000e+03,9.201531455842727469e-01
1.292000000000000000e+03,9.132447418662720251e-01
1.294000000000000000e+03,9.059729561208562654e-01
1.296000000000000000e+03,9.314413585210470359e-01
1.298000000000000000e+03,9.241305607106001796e-01
1.300000000000000000e+03,9.479459373327977501e-01
1.302000000000000000e+03,9.421184127240732620e-01
1.304000000000000000e+03,9.430919248432735325e-01
1.306000000000000000e+03,9.166962597786796341e-01
1.308000000000000000e+03,9.261161356272445966e-01
1.310000000000000000e+03,9.293679689355831552e-01
1.312000000000000000e+03,9.220312133230248453e-01
1.314000000000000000e+03,9.219435380464673369e-01
1.316000000000000000e+03,9.113599791224770152e-01
1.318000000000000000e+03,9.144029943331215549e-01
1.320000000000000000e+03,9.180874282185790269e-01
1.322000000000000000e+03,9.163344706141489660e-01
1.324000000000000000e+03,9.220331337862326393e-01
1.326000000000000000e+03,8.998879219721457323e-01
1.328000000000000000e+03,9.384592710043263564e-01
1.330000000000000000e+03,9.444250141731468373e-01
1.332000000000000000e+03,9.471700332178498716e-01
1.334000000000000000e+03,9.573575097082547281e-01
1.336000000000000000e+03,9.805664117267696156e-01
1.338000000000000000e+03,9.904759840716901298e-01
1.340000000000000000e+03,9.916519827633645257e-01
1.342000000000000000e+03,9.906148937184570125e-01
1.344000000000000000e+03,9.790073209717364833e-01
1.346000000000000000e+03,9.827574366378002413e-01
1.348000000000000000e+03,9.860615805563481828e-01
1.350000000000000000e+03,9.872633047068873902e-01
1.352000000000000000e+03,9.442571564989280519e-01
1.354000000000000000e+03,9.403383311713670034e-01
1.356000000000000000e+03,9.416291236223511829e-01
1.358000000000000000e+03,9.415508059266013419e-01
1.360000000000000000e+03,9.423125441954677273e-01
1.362000000000000000e+03,9.395300541416538032e-01
1.364000000000000000e+03,9.421555078897541069e-01
1.366000000000000000e+03,9.546714093973583948e-01
1.368000000000000000e+03,9.618376423211277837e-01
1.370000000000000000e+03,9.626270457433763195e-01
1.372000000000000000e+03,9.605322458316835066e-01
1.374000000000000000e+03,9.550301958304903138e-01
1.376000000000000000e+03,9.449199709356949084e-01
1.378000000000000000e+03,9.470189420670347413e-01
1.380000000000000000e+03,9.471011713173815849e-01
1.382000000000000000e+03,9.237673513552326909e-01
1.384000000000000000e+03,9.002530553046157458e-01
1.386000000000000000e+03,8.955575315264322489e-01
1.388000000000000000e+03,8.915664749992123772e-01
1.390000000000000000e+03,8.959211281440172536e-01
1.392000000000000000e+03,8.730202675637706022e-01
1.394000000000000000e+03,8.754758395938855298e-01
1.396000000000000000e+03,8.843694246527978864e-01
1.398000000000000000e+03,8.700111399901530040e-01
1.400000000000000000e+03,8.471512610168611124e-01
1.402000000000000000e+03,8.475209712164964992e-01
1.404000000000000000e+03,8.881131919410791831e-01
1.406000000000000000e+03,8.597739345903211428e-01
1.408000000000000000e+03,8.299692614181267691e-01
1.410000000000000000e+03,8.450785349332080587e-01
1.412000000000000000e+03,8.313514499249351486e-01
1.414000000000000000e+03,8.508919231155432916e-01
1.416000000000000000e+03,7.951979997979099490e-01
1.418000000000000000e+03,7.766391456040940833e-01
1.420000000000000000e+03,7.881947732921081862e-01
1.422000000000000000e+03,7.674192268509413273e-01
1.424000000000000000e+03,7.746754439930177982e-01
1.426000000000000000e+03,7.471586063985317105e-01
1.428000000000000000e+03,6.871207087130427604e-01
1.430000000000000000e+03,6.891603642138277586e-01
1.432000000000000000e+03,6.181811594464535764e-01
1.434000000000000000e+03,6.410622461369671621e-01
1.436000000000000000e+03,6.191786526169740235e-01
1.438000000000000000e+03,6.399753444698337290e-01
1.440000000000000000e+03,6.549628342737117137e-01
1.442000000000000000e+03,6.542341625932909244e-01
1.444000000000000000e+03,6.138786597544327872e-01
1.446000000000000000e+03,6.302112157245981505e-01
1.448000000000000000e+03,6.760835450718537532e-01
1.450000000000000000e+03,6.903054083524008400e-01
1.452000000000000000e+03,6.543534280477385501e-01
1.454000000000000000e+03,6.756898908474329168e-01
1.456000000000000000e+03,6.296528324385068931e-01
1.458000000000000000e+03,6.433266172481016953e-01
1.460000000000000000e+03,6.485038429532667958e-01
1.462000000000000000e+03,6.390276088915205488e-01
1.464000000000000000e+03,6.349069991371599775e-01
1.466000000000000000e+03,5.476404021671962274e-01
1.468000000000000000e+03,6.211076055365369886e-01
1.470000000000000000e+03,6.242190526280860796e-01
1.472000000000000000e+03,5.897784361533504605e-01
1.474000000000000000e+03,6.123119319130210236e-01
1.476000000000000000e+03,6.283360116325940048e-01
1.478000000000000000e+03,6.278256539875679554e-01
1.480000000000000000e+03,6.057151443675645730e-01
1.482000000000000000e+03,6.024130911848523118e-01
1.484000000000000000e+03,5.783072166022232841e-01
1.486000000000000000e+03,5.546739020485433880e-01
1.488000000000000000e+03,5.319879388245716267e-01
1.490000000000000000e+03,5.305926406123028238e-01
1.492000000000000000e+03,5.390966680383090237e-01
1.494000000000000000e+03,5.419768698214375569e-01
1.496000000000000000e+03,5.168414713175424335e-01
1.498000000000000000e+03,4.898583229148034124e-01
1.500000000000000000e+03,4.938917169123859807e-01
1.502000000000000000e+03,4.875946799009537869e-01
1.504000000000000000e+03,4.736294827155810849e-01
1.506000000000000000e+03,4.931156935203907521e-01
1.508000000000000000e+03,4.948030862819725040e-01
1.510000000000000000e+03,4.926715427426353044e-01
1.512000000000000000e+03,4.911698187068634369e-01
1.514000000000000000e+03,5.059415474513450084e-01
1.516000000000000000e+03,4.785335666778924857e-01
1.518000000000000000e+03,4.682687174313872047e-01
1.520000000000000000e+03,4.661291756012679310e-01
1.522000000000000000e+03,4.727168105748208449e-01
1.524000000000000000e+03,4.811812584363062140e-01
1.526000000000000000e+03,4.735812801733637056e-01
1.528000000000000000e+03,4.348034812396204263e-01
1.530000000000000000e+03,4.119837608944135754e-01
1.532000000000000000e+03,4.205579897979988546e-01
1.534000000000000000e+03,4.176073844484224917e-01
1.536000000000000000e+03,4.152742401141656936e-01
1.538000000000000000e+03,4.105815033025355665e-01
1.540000000000000000e+03,3.464750567615449972e-01
1.542000000000000000e+03,3.490610091280614280e-01
1.544000000000000000e+03,3.365562475456554403e-01
1.546000000000000000e+03,3.395984727637818557e-01
1.548000000000000000e+03,3.368815494403120669e-01
1.550000000000000000e+03,7.039889618660044590e-01
1.552000000000000000e+03,7.030568255685217816e-01
1.554000000000000000e+03,6.844010322938465229e-01
1.556000000000000000e+03,6.795742109744699055e-01
1.558000000000000000e+03,5.992072741808269765e-01
1.560000000000000000e+03,8.575286708155210880e-01
1.562000000000000000e+03,8.930454579776693214e-01
1.564000000000000000e+03,8.191760795862109701e-01
1.566000000000000000e+03,8.025325589010666727e-01
1.568000000000000000e+03,7.819591691551540658e-01
1.570000000000000000e+03,7.879489581959030486e-01
1.572000000000000000e+03,8.140482453973552079e-01
1.574000000000000000e+03,8.048138915549852834e-01
1.576000000000000000e+03,7.344652978815395805e-01
1.578000000000000000e+03,7.267274268613537203e-01
1.580000000000000000e+03,7.195384107258228079e-01
1.582000000000000000e+03,7.269220863222410900e-01
1.584000000000000000e+03,7.698373476936966053e-01
1.586000000000000000e+03,7.575223469334022575e-01
1.588000000000000000e+03,7.601984096745423303e-01
1.590000000000000000e+03,7.763857185222884372e-01
1.592000000000000000e+03,7.861852143431160567e-01
1.594000000000000000e+03,7.380390800273840535e-01
1.596000000000000000e+03,7.470330814170610401e-01
1.598000000000000000e+03,7.582575143603691448e-01
1.600000000000000000e+03,7.623304645266980595e-01
1.602000000000000000e+03,7.371446983442049294e-01
1.604000000000000000e+03,7.496190359753652777e-01
1.606000000000000000e+03,7.720426626877892051e-01
1.608000000000000000e+03,7.755145925989417321e-01
1.610000000000000000e+03,7.366267203159894139e-01
1.612000000000000000e+03,7.729430097148760614e-01
1.614000000000000000e+03,6.870085311202337452e-01
1.616000000000000000e+03,6.865480664142709077e-01
1.618000000000000000e+03,6.846207683670582078e-01
1.620000000000000000e+03,6.929238660577650144e-01
1.622000000000000000e+03,7.775507529609047008e-01
1.624000000000000000e+03,7.671162419672241661e-01
1.626000000000000000e+03,8.558867665608910213e-01
1.628000000000000000e+03,8.354676449791114123e-01
1.630000000000000000e+03,8.351627626621767053e-01
1.632000000000000000e+03,8.363023115091952064e-01
1.634000000000000000e+03,8.329380216827729777e-01
1.636000000000000000e+03,7.925088513000432267e-01
1.638000000000000000e+03,7.813123660443770380e-01
1.640000000000000000e+03,7.813123660443770380e-01
1.642000000000000000e+03,7.730364957212273458e-01
1.644000000000000000e+03,7.791374617232390554e-01
1.646000000000000000e+03,7.922847969010238245e-01
1.648000000000000000e+03,7.582409950415457400e-01
1.650000000000000000e+03,7.685060756440930119e-01
1.652000000000000000e+03,8.301558758210685340e-01
1.654000000000000000e+03,8.385039644093301714e-01
1.656000000000000000e+03,8.352581103853762290e-01
1.658000000000000000e+03,8.461365645486323972e-01
1.660000000000000000e+03,8.423796275523529609e-01
1.662000000000000000e+03,8.156578769663580530e-01
1.664000000000000000e+03,8.149710982918193514e-01
1.666000000000000000e+03,8.042050662500521696e-01
1.668000000000000000e+03,7.804499306921768298e-01
1.670000000000000000e+03,7.712538798355746961e-01
1.672000000000000000e+03,7.722797167155867060e-01
1.674000000000000000e+03,7.668465214982910227e-01
1.676000000000000000e+03,7.677653511485820204e-01
1.678000000000000000e+03,7.476399466500219804e-01
1.680000000000000000e+03,7.469712930139456031e-01
1.682000000000000000e+03,7.152066248001822668e-01
1.684000000000000000e+03,7.135968596726810498e-01
1.686000000000000000e+03,7.169602395854681731e-01
1.688000000000000000e+03,6.999895090170112910e-01
1.690000000000000000e+03,7.037993783968874428e-01
1.692000000000000000e+03,7.034997833739272677e-01
1.694000000000000000e+03,7.026688713165633038e-01
1.696000000000000000e+03,7.181540296552527680e-01
1.698000000000000000e+03,7.304162902492050691e-01
1.700000000000000000e+03,7.312948272122303806e-01
1.702000000000000000e+03,6.796646201525268216e-01
1.704000000000000000e+03,6.870531787235728549e-01
1.706000000000000000e+03,6.764646503345508322e-01
1.708000000000000000e+03,6.891311548500600459e-01
1.710000000000000000e+03,7.193760081527541539e-01
1.712000000000000000e+03,7.287189272791251282e-01
1.714000000000000000e+03,6.603299797233542767e-01
1.716000000000000000e+03,6.735301880909602135e-01
1.718000000000000000e+03,6.758424560991341812e-01
1.720000000000000000e+03,6.893283087675116105e-01
1.722000000000000000e+03,7.068498384682683211e-01
1.724000000000000000e+03,6.647002357860644084e-01
1.726000000000000000e+03,6.574975627951065160e-01
1.728000000000000000e+03,6.756234941832044427e-01
1.730000000000000000e+03,6.563564113479752882e-01
1.732000000000000000e+03,6.304043826776617454e-01
1.734000000000000000e+03,6.278441169367739993e-01
1.736000000000000000e+03,6.266279530387218744e-01
1.738000000000000000e+03,6.207992235284492955e-01
1.740000000000000000e+03,5.265100185685089862e-01
1.742000000000000000e+03,5.190506932627835246e-01
1.744000000000000000e+03,5.218280103453303287e-01
1.746000000000000000e+03,5.103607734341325530e-01
1.748000000000000000e+03,5.643640382373428244e-01
1.750000000000000000e+03,5.625647688860886397e-01
1.752000000000000000e+03,5.645688327890427960e-01
1.754000000000000000e+03,5.359858037546880727e-01
1.756000000000000000e+03,5.244575711375669691e-01
1.758000000000000000e+03,5.382198605437843453e-01
1.760000000000000000e+03,5.470035755439894842e-01
1.762000000000000000e+03,5.379624305303016829e-01
1.764000000000000000e+03,5.468805661123522510e-01
1.766000000000000000e+03,5.651019503172295400e-01
1.768000000000000000e+03,5.836571167892431466e-01
1.770000000000000000e+03,5.324301577894550164e-01
1.772000000000000000e+03,5.149012525148852770e-01
1.774000000000000000e+03,5.200855532800732206e-01
1.776000000000000000e+03,5.191895889881692483e-01
1.778000000000000000e+03,5.434686303900672089e-01
1.780000000000000000e+03,5.704980919208747503e-01
1.782000000000000000e+03,5.461422696858201364e-01
1.784000000000000000e+03,5.415936715382451139e-01
1.786000000000000000e+03,5.001174264944863168e-01
1.788000000000000000e+03,5.018611292611857566e-01
1.790000000000000000e+03,5.068687364637282089e-01
1.792000000000000000e+03,5.160539630314988635e-01
1.794000000000000000e+03,5.341057990479555206e-01
1.796000000000000000e+03,5.340167857250757155e-01
1.798000000000000000e+03,5.432915745856803369e-01
1.800000000000000000e+03,5.063973427848957876e-01
1.802000000000000000e+03,5.015704350163863179e-01
1.804000000000000000e+03,4.719668032651769818e-01
1.806000000000000000e+03,4.531185132171269836e-01
1.808000000000000000e+03,4.487437155916319531e-01
1.810000000000000000e+03,4.354361827772900151e-01
1.812000000000000000e+03,4.427884657143191238e-01
1.814000000000000000e+03,4.348632968786558806e-01
1.816000000000000000e+03,4.399914190896222488e-01
1.818000000000000000e+03,4.293869350901708404e-01
1.820000000000000000e+03,4.391001078159508797e-01
1.822000000000000000e+03,4.449989132952671955e-01
1.824000000000000000e+03,4.437008027139389688e-01
1.826000000000000000e+03,4.495352360782833845e-01
1.828000000000000000e+03,4.457833948426170867e-01
1.830000000000000000e+03,4.702396222372560164e-01
1.832000000000000000e+03,4.920676692392061957e-01
1.834000000000000000e+03,4.927649866688412206e-01
1.836000000000000000e+03,4.880927035915080814e-01
1.838000000000000000e+03,4.574247091423270239e-01
1.840000000000000000e+03,4.554983766816877999e-01
1.842000000000000000e+03,4.389092521571478223e-01
1.844000000000000000e+03,4.042453374909038000e-01
1.846000000000000000e+03,3.959745965835281267e-01
1.848000000000000000e+03,4.152513444776564921e-01
1.850000000000000000e+03,4.144692863266583038e-01
1.852000000000000000e+03,4.190236472954422253e-01
1.854000000000000000e+03,4.150786991340148502e-01
1.856000000000000000e+03,4.129517372993535829e-01
1.858000000000000000e+03,4.050722770609807011e-01
1.860000000000000000e+03,3.894365665208567306e-01
1.862000000000000000e+03,3.891649071934983883e-01
1.864000000000000000e+03,3.640304302029601091e-01
1.866000000000000000e+03,3.616214972135335937e-01
1.868000000000000000e+03,3.563224248513202075e-01
1.870000000000000000e+03,3.471166719759976593e-01
1.872000000000000000e+03,2.877399025786414599e-01
1.874000000000000000e+03,2.703383785345345180e-01
1.876000000000000000e+03,3.525764912380862648e-01
1.878000000000000000e+03,3.542671046784334199e-01
1.880000000000000000e+03,3.541997931944885769e-01
1.882000000000000000e+03,3.485155134291686441e-01
1.884000000000000000e+03,3.411142937423461974e-01
1.886000000000000000e+03,3.452841967908803489e-01
1.888000000000000000e+03,3.367691177709268291e-01
1.890000000000000000e+03,3.225154053483912930e-01
1.892000000000000000e+03,3.537606777938283042e-01
1.894000000000000000e+03,3.605138073827593992e-01
1.896000000000000000e+03,3.211259439100053181e-01
1.898000000000000000e+03,3.373313608239543182e-01
1.900000000000000000e+03,3.397379911725472157e-01
1.902000000000000000e+03,3.237058051261565428e-01
1.904000000000000000e+03,3.167696197970683025e-01
1.906000000000000000e+03,3.181330410323414126e-01
1.908000000000000000e+03,3.123275694786354917e-01
1.910000000000000000e+03,3.124178278173480039e-01
1.912000000000000000e+03,2.731318850867234249e-01
1.914000000000000000e+03,2.789213875427709044e-01
1.916000000000000000e+03,2.762716072550825963e-01
1.918000000000000000e+03,3.005493191493894822e-01
1.920000000000000000e+03,3.039304894339801000e-01
1.922000000000000000e+03,3.380019121652452219e-01
1.924000000000000000e+03,3.452219835596903041e-01
1.926000000000000000e+03,3.840777149989300643e-01
1.928000000000000000e+03,3.986458997294675677e-01
1.930000000000000000e+03,3.955040738627065844e-01
1.932000000000000000e+03,3.541007324914628995e-01
1.934000000000000000e+03,3.469125335386830655e-01
1.936000000000000000e+03,3.486189880838239108e-01
1.938000000000000000e+03,3.604846921169906349e-01
1.940000000000000000e+03,3.600254844681923250e-01
1.942000000000000000e+03,3.798351887132999094e-01
1.944000000000000000e+03,3.859688757640136192e-01
1.946000000000000000e+03,3.876222937199228502e-01
1.948000000000000000e+03,3.505509568990626268e-01
1.950000000000000000e+03,3.607679382222219733e-01
1.952000000000000000e+03,4.335875344712191715e-01
1.954000000000000000e+03,4.311640304343598018e-01
1.956000000000000000e+03,4.604925251440400991e-01
1.958000000000000000e+03,4.576914834576487068e-01
1.960000000000000000e+03,4.502069108252664820e-01
1.962000000000000000e+03,4.242991301649056135e-01
1.964000000000000000e+03,4.129379669771199857e-01
1.966000000000000000e+03,4.080008267212451578e-01
1.968000000000000000e+03,3.122206446187801854e-01
1.970000000000000000e+03,3.082187038972126203e-01
1.972000000000000000e+03,2.809235537133804028e-01
1.974000000000000000e+03,3.089774911080016007e-01
1.976000000000000000e+03,3.772590110515464112e-01
1.978000000000000000e+03,3.462311830822026315e-01
1.980000000000000000e+03,3.206102781863533480e-01
1.982000000000000000e+03,3.202896607951790653e-01
1.984000000000000000e+03,3.360618611858688931e-01
1.986000000000000000e+03,3.688729663560742500e-01
1.988000000000000000e+03,3.880091140443997499e-01
1.990000000000000000e+03,3.655602861328814401e-01
1.992000000000000000e+03,3.620900000763064841e-01
1.994000000000000000e+03,3.418793996303735594e-01
1.996000000000000000e+03,3.452603719045344022e-01
1.998000000000000000e+03,3.694725612543182658e-01
2.000000000000000000e+03,3.964384295278334802e-01
2.002000000000000000e+03,3.899814391845974337e-01
2.004000000000000000e+03,3.810958155004469106e-01
2.006000000000000000e+03,3.883992080052174889e-01
2.008000000000000000e+03,3.923426300213513351e-01
2.010000000000000000e+03,4.292478856343478477e-01
2.012000000000000000e+03,4.147385888569221635e-01
2.014000000000000000e+03,3.631609244337032361e-01
2.016000000000000000e+03,3.691439460708845766e-01
2.018000000000000000e+03,3.792057213965392970e-01
2.020000000000000000e+03,3.413057767534511400e-01
2.022000000000000000e+03,3.456757092988960167e-01
2.024000000000000000e+03,3.455113309702599889e-01
2.026000000000000000e+03,3.312904634957673511e-01
2.028000000000000000e+03,3.572811730307691169e-01
2.030000000000000000e+03,3.712548914192394522e-01
2.032000000000000000e+03,3.451784795443431086e-01
2.034000000000000000e+03,3.742923639715095563e-01
2.036000000000000000e+03,3.905057384009616994e-01
2.038000000000000000e+03,3.394440507688299413e-01
2.040000000000000000e+03,3.393633331094438321e-01
2.042000000000000000e+03,3.580799842903298336e-01
2.044000000000000000e+03,3.633551099293746423e-01
2.046000000000000000e+03,2.772784896334781202e-01
2.048000000000000000e+03,2.774452475117619721e-01
2.050000000000000000e+03,2.537742976571890074e-01
2.052000000000000000e+03,2.522545585021134240e-01
2.054000000000000000e+03,2.523166979120438080e-01
2.056000000000000000e+03,2.763969332321945527e-01
2.058000000000000000e+03,2.689830290206747798e-01
2.060000000000000000e+03,2.656920112568339487e-01
2.062000000000000000e+03,2.473998529678059222e-01
2.064000000000000000e+03,2.328080588312444466e-01
2.066000000000000000e+03,2.841743015005716577e-01
2.068000000000000000e+03,2.687208275668982460e-01
2.070000000000000000e+03,2.498651336555680613e-01
2.072000000000000000e+03,4.445189930600037531e-01
2.074000000000000000e+03,4.451264649668238982e-01
2.076000000000000000e+03,4.679913272040340244e-01
2.078000000000000000e+03,4.705219011095309045e-01
2.080000000000000000e+03,4.769726658445284651e-01
2.082000000000000000e+03,4.518782354762773124e-01
2.084000000000000000e+03,4.726081042338912130e-01
2.086000000000000000e+03,4.713683709722790161e-01
2.088000000000000000e+03,4.821224745442465043e-01
2.090000000000000000e+03,4.713709629725104655e-01
2.092000000000000000e+03,4.674127593140317005e-01
2.094000000000000000e+03,4.048680253810219010e-01
2.096000000000000000e+03,3.410105817017072827e-01
2.098000000000000000e+03,3.431731855968236933e-01
2.100000000000000000e+03,3.189264925349440394e-01
2.102000000000000000e+03,3.322378579951030253e-01
2.104000000000000000e+03,3.321796624599633874e-01
2.106000000000000000e+03,3.682498069337000191e-01
2.108000000000000000e+03,3.719257378832505068e-01
2.110000000000000000e+03,3.566496868859601599e-01
2.112000000000000000e+03,3.688257108956207175e-01
2.114000000000000000e+03,2.930361332638832805e-01
2.116000000000000000e+03,2.882829082727410563e-01
2.118000000000000000e+03,2.906838265642777142e-01
2.120000000000000000e+03,3.150680312655081972e-01
2.122000000000000000e+03,3.123083921410257924e-01
2.124000000000000000e+03,3.066055670779442854e-01
2.126000000000000000e+03,4.024472322143093361e-01
2.128000000000000000e+03,4.427688417719726766e-01
2.130000000000000000e+03,4.295554766193876994e-01
2.132000000000000000e+03,4.297483789685105915e-01
2.134000000000000000e+03,4.406888811817392670e-01
2.136000000000000000e+03,4.325789213602126426e-01
2.138000000000000000e+03,3.843894865151683549e-01
2.140000000000000000e+03,3.867248320163015340e-01
2.142000000000000000e+03,3.849896270315563140e-01
2.144000000000000000e+03,3.744888304146571922e-01
2.146000000000000000e+03,3.768171210572187624e-01
2.148000000000000000e+03,3.763957490617960699e-01
2.150000000000000000e+03,3.739532707668897782e-01
2.152000000000000000e+03,3.716770397663394232e-01
2.154000000000000000e+03,3.761086852330370323e-01
2.156000000000000000e+03,3.709512756372452258e-01
2.158000000000000000e+03,3.748555059134435208e-01
2.160000000000000000e+03,3.759033255750753866e-01
2.162000000000000000e+03,3.970475291723392086e-01
2.164000000000000000e+03,3.905564378870275410e-01
2.166000000000000000e+03,4.079894783841007677e-01
2.168000000000000000e+03,4.141937296048673334e-01
2.170000000000000000e+03,4.120029015682400431e-01
2.172000000000000000e+03,4.122288510929336680e-01
2.174000000000000000e+03,3.764915057027497514e-01
2.176000000000000000e+03,3.708315199430347597e-01
2.178000000000000000e+03,3.690853384874419607e-01
2.180000000000000000e+03,3.692041832859234707e-01
2.182000000000000000e+03,3.597966503796549143e-01
2.184000000000000000e+03,3.608005536846919381e-01
2.186000000000000000e+03,3.558564980046204917e-01
2.188000000000000000e+03,3.266207538149263345e-01
2.190000000000000000e+03,5.161356487719394037e-01
2.192000000000000000e+03,4.809413308428731604e-01
2.194000000000000000e+03,4.351729421774107043e-01
2.196000000000000000e+03,4.249788856432605288e-01
2.198000000000000000e+03,4.415294547199161701e-01
2.200000000000000000e+03,4.427475109522387986e-01
2.202000000000000000e+03,4.981937025421065424e-01
2.204000000000000000e+03,6.064795486043087491e-01
2.206000000000000000e+03,6.180931813538489417e-01
2.208000000000000000e+03,5.880061109072293180e-01
2.210000000000000000e+03,5.644891375344049944e-01
2.212000000000000000e+03,5.639178096971495524e-01
2.214000000000000000e+03,6.463093281563707659e-01
2.216000000000000000e+03,6.576497531585221434e-01
2.218000000000000000e+03,6.570008528158644001e-01
2.220000000000000000e+03,6.440337107567821739e-01
2.222000000000000000e+03,6.487984616192037368e-01
2.224000000000000000e+03,6.483779217383056626e-01
2.226000000000000000e+03,6.354513779462249712e-01
2.228000000000000000e+03,5.966181184478627220e-01
2.230000000000000000e+03,5.741573323237131321e-01
2.232000000000000000e+03,5.702503752193353037e-01
2.234000000000000000e+03,5.670834879153419106e-01
2.236000000000000000e+03,6.381657260697615186e-01
2.238000000000000000e+03,6.649712561312403070e-01
2.240000000000000000e+03,6.650278472057971069e-01
2.242000000000000000e+03,5.986899889523044083e-01
2.244000000000000000e+03,6.010901297443265179e-01
2.246000000000000000e+03,5.839914728564341573e-01
2.248000000000000000e+03,5.819392931538073244e-01
2.250000000000000000e+03,4.254041706457428740e-01
2.252000000000000000e+03,4.051150479706396856e-01
2.254000000000000000e+03,4.131019587421879136e-01
2.256000000000000000e+03,4.006699957451894112e-01
2.258000000000000000e+03,3.135374786568454475e-01
2.260000000000000000e+03,2.633381927171694614e-01
2.262000000000000000e+03,2.584246386195138134e-01
2.264000000000000000e+03,3.318681217847758713e-01
2.266000000000000000e+03,3.220774797784285437e-01
2.268000000000000000e+03,3.374081776650415532e-01
2.270000000000000000e+03,4.437682198428496982e-01
2.272000000000000000e+03,4.453194301044524073e-01
2.274000000000000000e+03,4.175815271584532029e-01
2.276000000000000000e+03,4.383530176886126228e-01
2.278000000000000000e+03,3.629741255025886182e-01
2.280000000000000000e+03,4.927947295797334704e-01
2.282000000000000000e+03,5.414466157029240723e-01
2.284000000000000000e+03,5.379373618700865611e-01
2.286000000000000000e+03,5.422425413090941060e-01
2.288000000000000000e+03,6.108438569679492947e-01
2.290000000000000000e+03,5.547082898537125661e-01
2.292000000000000000e+03,5.870265035391364350e-01
2.294000000000000000e+03,5.862491717552806847e-01
2.296000000000000000e+03,5.668188394541439079e-01
2.298000000000000000e+03,5.522703074687352887e-01
2.300000000000000000e+03,5.577323051737644866e-01
2.302000000000000000e+03,6.116891860563645755e-01
2.304000000000000000e+03,6.196012540613570208e-01
2.306000000000000000e+03,6.091858825948179845e-01
2.308000000000000000e+03,6.113273936241516715e-01
2.310000000000000000e+03,5.773053248680863891e-01
2.312000000000000000e+03,4.413454021630823232e-01
2.314000000000000000e+03,4.478294947441139318e-01
2.316000000000000000e+03,4.572651351253230745e-01
2.318000000000000000e+03,4.313288348702241093e-01
2.320000000000000000e+03,4.091988704733025561e-01
2.322000000000000000e+03,4.094352154150725509e-01
2.324000000000000000e+03,3.975071681707044169e-01
2.326000000000000000e+03,3.871655751560032499e-01
2.328000000000000000e+03,3.819589892438307044e-01
2.330000000000000000e+03,3.814364456875817821e-01
2.332000000000000000e+03,3.802130278970300981e-01
2.334000000000000000e+03,3.454955307397410968e-01
2.336000000000000000e+03,3.454979878295044160e-01
2.338000000000000000e+03,3.446793078323174275e-01
2.340000000000000000e+03,3.438952162847698779e-01
2.342000000000000000e+03,3.406141858845515569e-01
2.344000000000000000e+03,3.664111614647386217e-01
2.346000000000000000e+03,3.658016988628641775e-01
2.348000000000000000e+03,3.689044847342337619e-01
2.350000000000000000e+03,3.811905584605276842e-01
2.352000000000000000e+03,3.814583196967713530e-01
2.354000000000000000e+03,3.820410132271057080e-01
2.356000000000000000e+03,3.878039366287799328e-01
2.358000000000000000e+03,3.863942823923068870e-01
2.360000000000000000e+03,3.829722645689056515e-01
2.362000000000000000e+03,3.750062475467432765e-01
2.364000000000000000e+03,3.958681999810508279e-01
2.366000000000000000e+03,3.926026030128661470e-01
2.368000000000000000e+03,3.864984293854866193e-01
2.370000000000000000e+03,3.865920623630518804e-01
2.372000000000000000e+03,3.815238778658117114e-01
2.374000000000000000e+03,4.082242372749903536e-01
2.376000000000000000e+03,3.875963293626479289e-01
2.378000000000000000e+03,3.598169694196622914e-01
2.380000000000000000e+03,3.658052595883947711e-01
2.382000000000000000e+03,3.458561999641984741e-01
2.384000000000000000e+03,3.288485731265585188e-01
2.386000000000000000e+03,3.300794952154065265e-01
2.388000000000000000e+03,3.170071523799526392e-01
2.390000000000000000e+03,3.111221998940100208e-01
2.392000000000000000e+03,3.107523726096366734e-01
2.394000000000000000e+03,3.109424063319630727e-01
2.396000000000000000e+03,3.116712347573450392e-01
2.398000000000000000e+03,2.582314331145172948e-01
2.400000000000000000e+03,2.591416077882586766e-01
2.402000000000000000e+03,2.697855647957793646e-01
2.404000000000000000e+03,2.579622269268240231e-01
2.406000000000000000e+03,2.500251297192014333e-01
2.408000000000000000e+03,2.107626718973095448e-01
2.410000000000000000e+03,2.059785447127536195e-01
2.412000000000000000e+03,2.044146180479194108e-01
2.414000000000000000e+03,2.040410326592201617e-01
2.416000000000000000e+03,2.062740562430898927e-01
2.418000000000000000e+03,1.922831033571345272e-01
2.420000000000000000e+03,1.835421334132169568e-01
2.422000000000000000e+03,1.850561581182046111e-01
2.424000000000000000e+03,1.788176671554215225e-01
2.426000000000000000e+03,1.844165384187104462e-01
2.428000000000000000e+03,1.845257777950026490e-01
2.430000000000000000e+03,1.804618020198342776e-01
2.432000000000000000e+03,1.815226597688668619e-01
2.434000000000000000e+03,1.754692162276440537e-01
2.436000000000000000e+03,1.828085794924163565e-01
2.438000000000000000e+03,1.849549468536298424e-01
2.440000000000000000e+03,1.848085368434895792e-01
2.442000000000000000e+03,1.941156122499648751e-01
2.444000000000000000e+03,1.942582931159559101e-01
2.446000000000000000e+03,1.972805967257186266e-01
2.448000000000000000e+03,1.910918187105430932e-01
2.450000000000000000e+03,2.145891954982554195e-01
2.452000000000000000e+03,2.147075047481241394e-01
2.454000000000000000e+03,2.148600930069762271e-01
2.456000000000000000e+03,2.161589356644740278e-01
2.458000000000000000e+03,2.172978892266682616e-01
2.460000000000000000e+03,2.211034441957952790e-01
2.462000000000000000e+03,2.123550249624220898e-01
2.464000000000000000e+03,2.174184454723888660e-01
2.466000000000000000e+03,2.103929223819106242e-01
2.468000000000000000e+03,1.982117156407745273e-01
2.470000000000000000e+03,1.977024763593326073e-01
2.472000000000000000e+03,1.657075082915562825e-01
2.474000000000000000e+03,1.708763625424697952e-01
2.476000000000000000e+03,1.699503139828134057e-01
2.478000000000000000e+03,1.420901616718918681e-01
2.480000000000000000e+03,1.390938024024412356e-01
2.482000000000000000e+03,1.402606364515273929e-01
2.484000000000000000e+03,1.311121331326133288e-01
2.486000000000000000e+03,1.310638575068460432e-01
2.488000000000000000e+03,1.349613144729545078e-01
2.490000000000000000e+03,1.348854197522025844e-01
2.492000000000000000e+03,1.340040941971454846e-01
2.494000000000000000e+03,1.324634782048450532e-01
2.496000000000000000e+03,1.802776403925061277e-01
2.498000000000000000e+03,1.667125251637820993e-01
2.500000000000000000e+03,1.590956469835721754e-01
2.502000000000000000e+03,1.636556356439737014e-01
2.504000000000000000e+03,1.479670073065287583e-01
2.506000000000000000e+03,1.517139915059455002e-01
2.508000000000000000e+03,1.444224733403188243e-01
2.510000000000000000e+03,1.472064614061110444e-01
2.512000000000000000e+03,1.435994039117758636e-01
2.514000000000000000e+03,1.415034199197903464e-01
2.516000000000000000e+03,1.396863534424722386e-01
2.518000000000000000e+03,1.410202761381993131e-01
2.520000000000000000e+03,1.366208654496352815e-01
2.522000000000000000e+03,1.417790028192269236e-01
2.524000000000000000e+03,1.288159352966516402e-01
2.526000000000000000e+03,1.303934951161215827e-01
2.528000000000000000e+03,1.234997171161513613e-01
2.530000000000000000e+03,1.234889216355936487e-01
2.532000000000000000e+03,1.161931032638845868e-01
2.534000000000000000e+03,1.174308842919649931e-01
2.536000000000000000e+03,1.200651359982543576e-01
2.538000000000000000e+03,1.165743398769618078e-01
2.540000000000000000e+03,1.151888183607943511e-01
2.542000000000000000e+03,1.169969249805267453e-01
2.544000000000000000e+03,1.180391099072745642e-01
2.546000000000000000e+03,1.151822963534139682e-01
2.548000000000000000e+03,1.173652184594413811e-01
2.550000000000000000e+03,1.221216403712432619e-01
2.552000000000000000e+03,1.202066699313413117e-01
2.554000000000000000e+03,1.191032354206437577e-01
2.556000000000000000e+03,1.142636061997518993e-01
2.558000000000000000e+03,1.154662862775190924e-01
2.560000000000000000e+03,1.167265821045998658e-01
2.562000000000000000e+03,1.094197086321166551e-01
2.564000000000000000e+03,1.103547354297114147e-01
2.566000000000000000e+03,1.106883541718142461e-01
2.568000000000000000e+03,1.104487878223300579e-01
2.570000000000000000e+03,1.069887117135709942e-01
2.572000000000000000e+03,1.102032470677212078e-01
2.574000000000000000e+03,1.101744772445281684e-01
2.576000000000000000e+03,1.091231736808553343e-01
2.578000000000000000e+03,1.104170062386795326e-01
2.580000000000000000e+03,1.339777496191746631e-01
2.582000000000000000e+03,1.347308406474680420e-01
2.584000000000000000e+03,2.083249056142879585e-01
2.586000000000000000e+03,2.227384845913185363e-01
2.588000000000000000e+03,2.219141005614617690e-01
2.590000000000000000e+03,2.225596071201081383e-01
2.592000000000000000e+03,2.028624674542404693e-01
2.594000000000000000e+03,2.009321578430764976e-01
2.596000000000000000e+03,1.975164664218493071e-01
2.598000000000000000e+03,2.127373354924134707e-01
2.600000000000000000e+03,2.429685196139599879e-01
2.602000000000000000e+03,2.390382577130024944e-01
2.604000000000000000e+03,2.406428296612777018e-01
2.606000000000000000e+03,2.410180448873406045e-01
2.608000000000000000e+03,2.320995242637667877e-01
2.610000000000000000e+03,2.376072238228256750e-01
2.612000000000000000e+03,2.479293687028955584e-01
2.614000000000000000e+03,2.490754732296366902e-01
2.616000000000000000e+03,2.500501421579953143e-01
2.618000000000000000e+03,2.322117362552511832e-01
2.620000000000000000e+03,2.322981711899263224e-01
2.622000000000000000e+03,2.053063731242708023e-01
2.624000000000000000e+03,2.096569269751413500e-01
2.626000000000000000e+03,2.078290767231204261e-01
2.628000000000000000e+03,2.097404946202821308e-01
2.630000000000000000e+03,2.238689323558855360e-01
2.632000000000000000e+03,2.215634131421004294e-01
2.634000000000000000e+03,2.146393657122280252e-01
2.636000000000000000e+03,2.204772910701538746e-01
2.638000000000000000e+03,2.274315874342673349e-01
2.640000000000000000e+03,2.097456810667708560e-01
2.642000000000000000e+03,2.101114634176409757e-01
2.644000000000000000e+03,2.232400517554895270e-01
2.646000000000000000e+03,2.151395464098506405e-01
2.648000000000000000e+03,2.048144787913682985e-01
2.650000000000000000e+03,2.095197076116371293e-01
2.652000000000000000e+03,2.092295870765523425e-01
2.654000000000000000e+03,2.090231462614247915e-01
2.656000000000000000e+03,2.085899007417016116e-01
2.658000000000000000e+03,2.060287465065226420e-01
2.660000000000000000e+03,2.132815155229420001e-01
2.662000000000000000e+03,2.023979664086580366e-01
2.664000000000000000e+03,2.156102449990987269e-01
2.666000000000000000e+03,1.761537000002626197e-01
2.668000000000000000e+03,1.750786659460265016e-01
2.670000000000000000e+03,1.750287693219766127e-01
2.672000000000000000e+03,1.748610506379258689e-01
2.674000000000000000e+03,1.815150557490626537e-01
2.676000000000000000e+03,1.628745353598194390e-01
2.678000000000000000e+03,1.656530148402041713e-01
2.680000000000000000e+03,1.977091541737117375e-01
2.682000000000000000e+03,2.108432770018550395e-01
2.684000000000000000e+03,2.077577919477874013e-01
2.686000000000000000e+03,2.009637163913812752e-01
2.688000000000000000e+03,2.000638381665631182e-01
2.690000000000000000e+03,1.981486752128475970e-01
2.692000000000000000e+03,1.959514029837367832e-01
2.694000000000000000e+03,2.017708232124922341e-01
2.696000000000000000e+03,2.074051851489768228e-01
2.698000000000000000e+03,2.059198152950561522e-01
2.700000000000000000e+03,2.059198152950561522e-01
2.702000000000000000e+03,1.909157978517499465e-01
2.704000000000000000e+03,1.942151837759291955e-01
2.706000000000000000e+03,1.463280434679454789e-01
2.708000000000000000e+03,1.458595916112530311e-01
2.710000000000000000e+03,1.707191993484869219e-01
2.712000000000000000e+03,1.665941778908145154e-01
2.714000000000000000e+03,1.618639215475549398e-01
2.716000000000000000e+03,1.622163151462051034e-01
2.718000000000000000e+03,1.612490061670175945e-01
2.720000000000000000e+03,1.569244518038477032e-01
2.722000000000000000e+03,1.547698717301303206e-01
2.724000000000000000e+03,1.762051907651035754e-01
2.726000000000000000e+03,1.760479925415802394e-01
2.728000000000000000e+03,1.756571651361177322e-01
2.730000000000000000e+03,1.665001387825583712e-01
2.732000000000000000e+03,1.658675955946860292e-01
2.734000000000000000e+03,1.641045497042794288e-01
2.736000000000000000e+03,1.522048291619708671e-01
2.738000000000000000e+03,1.537023400875487666e-01
2.740000000000000000e+03,1.675034701142149307e-01
2.742000000000000000e+03,1.689878288414821406e-01
2.744000000000000000e+03,1.807860144345017350e-01
2.746000000000000000e+03,1.494468474294618210e-01
2.748000000000000000e+03,1.451441792660687069e-01
2.750000000000000000e+03,1.578891400751464280e-01
2.752000000000000000e+03,1.597844901710267496e-01
2.754000000000000000e+03,1.306349189630579000e-01
2.756000000000000000e+03,1.125039533395780500e-01
2.758000000000000000e+03,1.087755843405273926e-01
2.760000000000000000e+03,1.137944004177309509e-01
2.762000000000000000e+03,1.104202262887537672e-01
2.764000000000000000e+03,1.311090993792921044e-01
2.766000000000000000e+03,1.374913300287876616e-01
2.768000000000000000e+03,1.406444624873780802e-01
2.770000000000000000e+03,1.397264284974836512e-01
2.772000000000000000e+03,1.327242391494035667e-01
2.774000000000000000e+03,1.330222342535645474e-01
2.776000000000000000e+03,1.328399059106060431e-01
2.778000000000000000e+03,1.339476039305099730e-01
2.780000000000000000e+03,1.222653282176624917e-01
2.782000000000000000e+03,1.221144170096263304e-01
2.784000000000000000e+03,1.256582988384763733e-01
2.786000000000000000e+03,1.259017165342910805e-01
2.788000000000000000e+03,1.249750668700450179e-01
2.790000000000000000e+03,1.276232477317430503e-01
2.792000000000000000e+03,1.286058920166089359e-01
2.794000000000000000e+03,1.285762827708376299e-01
2.796000000000000000e+03,1.282242858499851035e-01
2.798000000000000000e+03,1.284892479249921948e-01
2.800000000000000000e+03,1.406456540787898168e-01
2.802000000000000000e+03,1.378954772735314638e-01
2.804000000000000000e+03,1.312204721960664455e-01
2.806000000000000000e+03,1.339797003169522771e-01
2.808000000000000000e+03,1.389829427323166500e-01
2.810000000000000000e+03,1.412157627555943318e-01
2.812000000000000000e+03,1.390424246798976360e-01
2.814000000000000000e+03,1.487740249283201477e-01
2.816000000000000000e+03,1.430654651228502328e-01
2.818000000000000000e+03,1.457447417248828037e-01
2.820000000000000000e+03,1.507573917801734165e-01
2.822000000000000000e+03,1.495463610875150673e-01
2.824000000000000000e+03,1.489461474693624110e-01
2.826000000000000000e+03,1.491431037856330299e-01
2.828000000000000000e+03,1.503234221324485920e-01
2.830000000000000000e+03,1.438069824343503056e-01
2.832000000000000000e+03,1.526551572445677685e-01
2.834000000000000000e+03,1.540881279433659601e-01
2.836000000000000000e+03,1.540347057185180724e-01
2.838000000000000000e+03,1.508059107491100670e-01
2.840000000000000000e+03,1.502799615929243660e-01
2.842000000000000000e+03,1.698964815464942824e-01
2.844000000000000000e+03,1.720609316537452249e-01
2.846000000000000000e+03,1.728543492217071986e-01
2.848000000000000000e+03,1.606361692189713641e-01
2.850000000000000000e+03,1.607226106016145795e-01
2.852000000000000000e+03,1.605126093440080726e-01
2.854000000000000000e+03,1.598456647794479490e-01
2.856000000000000000e+03,1.641731362884658318e-01
2.858000000000000000e+03,1.623094873286012596e-01
2.860000000000000000e+03,1.470992917288815038e-01
2.862000000000000000e+03,1.464499078510608232e-01
2.864000000000000000e+03,1.479038014497184028e-01
2.866000000000000000e+03,1.503206175975696224e-01
2.868000000000000000e+03,1.635099000696927096e-01
2.870000000000000000e+03,1.646340614280041581e-01
2.872000000000000000e+03,1.690957262480735634e-01
2.874000000000000000e+03,1.728534597926432992e-01
2.876000000000000000e+03,1.735670503226140193e-01
2.878000000000000000e+03,1.747782572021444880e-01
2.880000000000000000e+03,1.732850169775056182e-01
2.882000000000000000e+03,1.717727363281576214e-01
2.884000000000000000e+03,1.558115747358391479e-01
2.886000000000000000e+03,1.545881831425198472e-01
2.888000000000000000e+03,1.784230245934189107e-01
2.890000000000000000e+03,1.776110936401953666e-01
2.892000000000000000e+03,1.815706135404383248e-01
2.894000000000000000e+03,2.534535593015854738e-01
2.896000000000000000e+03,2.575572273892343111e-01
2.898000000000000000e+03,2.585719504868687069e-01
2.900000000000000000e+03,3.102780548441504416e-01
2.902000000000000000e+03,2.903791276804362775e-01
2.904000000000000000e+03,3.037345598844402028e-01
2.906000000000000000e+03,3.044493109737068104e-01
2.908000000000000000e+03,3.140821167931965863e-01
2.910000000000000000e+03,3.131937479895209875e-01
2.912000000000000000e+03,3.036346576731777658e-01
2.914000000000000000e+03,3.096143343766773470e-01
2.916000000000000000e+03,2.670722001517740751e-01
2.918000000000000000e+03,2.180315048232936148e-01
2.920000000000000000e+03,2.169177915729383344e-01
2.922000000000000000e+03,2.322956939803068055e-01
2.924000000000000000e+03,2.262049645853100310e-01
2.926000000000000000e+03,2.262075440639631507e-01
2.928000000000000000e+03,2.314253586912055627e-01
2.930000000000000000e+03,2.448197458451275565e-01
2.932000000000000000e+03,2.450838947909878551e-01
2.934000000000000000e+03,2.221960452997194524e-01
2.936000000000000000e+03,2.175542204418901282e-01
2.938000000000000000e+03,2.054774223826231205e-01
2.940000000000000000e+03,1.904354609730936065e-01
2.942000000000000000e+03,1.911247949524390310e-01
2.944000000000000000e+03,1.972391545022330606e-01
2.946000000000000000e+03,1.965335436278459469e-01
2.948000000000000000e+03,1.914054297277239802e-01
2.950000000000000000e+03,2.049645742521694902e-01
2.952000000000000000e+03,2.046252649449176453e-01
2.954000000000000000e+03,2.137951194399247690e-01
2.956000000000000000e+03,2.172231049985458851e-01
2.958000000000000000e+03,1.957185399649690183e-01
2.960000000000000000e+03,1.897762066482767407e-01
2.962000000000000000e+03,1.952508188482075246e-01
2.964000000000000000e+03,2.314047804755494098e-01
2.966000000000000000e+03,2.237963164809648464e-01
2.968000000000000000e+03,2.275120352317366035e-01
2.970000000000000000e+03,2.409560357811523779e-01
2.972000000000000000e+03,2.537002606270531424e-01
2.974000000000000000e+03,2.787493474206734212e-01
2.976000000000000000e+03,3.473145180874130378e-01
2.978000000000000000e+03,3.479435885079593671e-01
2.980000000000000000e+03,3.659413781141208633e-01
2.982000000000000000e+03,3.443291291810171573e-01
2.984000000000000000e+03,3.441906434782469049e-01
2.986000000000000000e+03,3.449585970189211204e-01
2.988000000000000000e+03,4.096656952495363324e-01
2.990000000000000000e+03,3.995069836487122883e-01
2.992000000000000000e+03,3.964419857411256576e-01
2.994000000000000000e+03,3.881099226048413398e-01
2.996000000000000000e+03,3.831265010217075329e-01
2.998000000000000000e+03,3.948907644245276960e-01
3.000000000000000000e+03,3.748434449925452938e-01
3.002000000000000000e+03,4.056955095265920574e-01
3.004000000000000000e+03,4.179351776123946816e-01
3.006000000000000000e+03,4.313507189354072180e-01
3.008000000000000000e+03,4.247633897423024329e-01
3.010000000000000000e+03,4.253845018926115107e-01
3.012000000000000000e+03,4.239704517922643912e-01
3.014000000000000000e+03,4.247373133365496267e-01
3.016000000000000000e+03,4.258085730824857640e-01
3.018000000000000000e+03,4.246228798506293534e-01
3.020000000000000000e+03,4.062589969459536321e-01
3.022000000000000000e+03,4.043468928012552421e-01
3.024000000000000000e+03,3.949337207168451269e-01
3.026000000000000000e+03,4.036656089683507975e-01
3.028000000000000000e+03,3.948517791633253116e-01
3.030000000000000000e+03,3.988517874630791438e-01
3.032000000000000000e+03,4.032160637768529843e-01
3.034000000000000000e+03,3.575861439369845129e-01
3.036000000000000000e+03,3.626972613367318576e-01
3.038000000000000000e+03,3.608400455973934662e-01
3.040000000000000000e+03,3.588283712187277374e-01
3.042000000000000000e+03,3.570492899537277554e-01
3.044000000000000000e+03,3.572885088409896714e-01
3.046000000000000000e+03,3.394865143311642242e-01
3.048000000000000000e+03,3.406296941384580057e-01
3.050000000000000000e+03,3.364261762807901346e-01
3.052000000000000000e+03,3.491578025399014185e-01
3.054000000000000000e+03,3.716934726801970346e-01
3.056000000000000000e+03,3.748008691000394021e-01
3.058000000000000000e+03,3.904910294143983385e-01
3.060000000000000000e+03,3.851486434289427274e-01
3.062000000000000000e+03,3.850707161615164464e-01
3.064000000000000000e+03,3.799662480430126554e-01
3.066000000000000000e+03,3.710764586264972964e-01
3.068000000000000000e+03,3.715701882265717293e-01
3.070000000000000000e+03,3.669727386694450755e-01
3.072000000000000000e+03,3.661057875125688366e-01
3.074000000000000000e+03,3.761251918919542581e-01
3.076000000000000000e+03,3.877295522929482541e-01
3.078000000000000000e+03,3.873179725231518100e-01
3.080000000000000000e+03,3.786022475709009405e-01
3.082000000000000000e+03,3.788948706152440171e-01
3.084000000000000000e+03,3.749359673705156548e-01
3.086000000000000000e+03,3.521405630801544007e-01
3.088000000000000000e+03,3.394201037725226855e-01
3.090000000000000000e+03,3.385285921815954224e-01
3.092000000000000000e+03,3.615586786055102753e-01
3.094000000000000000e+03,3.520504500900921152e-01
3.096000000000000000e+03,3.415843118190596273e-01
3.098000000000000000e+03,3.278251446237553934e-01
3.100000000000000000e+03,3.234491674185139276e-01
3.102000000000000000e+03,3.265601261530938215e-01
3.104000000000000000e+03,3.183360470411805698e-01
3.106000000000000000e+03,3.168093967869374805e-01
3.108000000000000000e+03,3.180156745255290907e-01
3.110000000000000000e+03,3.217335296481072526e-01
3.112000000000000000e+03,3.381247498655031158e-01
3.114000000000000000e+03,3.480428018558255898e-01
3.116000000000000000e+03,3.474758713115377873e-01
3.118000000000000000e+03,3.458650988506317692e-01
3.120000000000000000e+03,3.651971558685418451e-01
3.122000000000000000e+03,3.599815072504595759e-01
3.124000000000000000e+03,3.607831401260154225e-01
3.126000000000000000e+03,3.591055706316737539e-01
3.128000000000000000e+03,3.466798630679966409e-01
3.130000000000000000e+03,3.416375104477790692e-01
3.132000000000000000e+03,3.374637001998321839e-01
3.134000000000000000e+03,3.368239712630238802e-01
3.136000000000000000e+03,3.382451638141033001e-01
3.138000000000000000e+03,3.350396846075786028e-01
3.140000000000000000e+03,3.535126463224289584e-01
3.142000000000000000e+03,3.611034067582862828e-01
3.144000000000000000e+03,3.621614412356845003e-01
3.146000000000000000e+03,3.709654487633407549e-01
3.148000000000000000e+03,3.703258260624490150e-01
3.150000000000000000e+03,3.550642303675616840e-01
3.152000000000000000e+03,3.531655928685108470e-01
3.154000000000000000e+03,3.605063743645171570e-01
3.156000000000000000e+03,3.500040181084855262e-01
3.158000000000000000e+03,3.736832758051897851e-01
3.160000000000000000e+03,3.656016699178735174e-01
3.162000000000000000e+03,3.892005669004763857e-01
3.164000000000000000e+03,3.905042726419043486e-01
3.166000000000000000e+03,3.905929927424142134e-01
3.168000000000000000e+03,3.791556890688059789e-01
3.170000000000000000e+03,3.781550547087473846e-01
3.172000000000000000e+03,4.168395825266148491e-01
3.174000000000000000e+03,4.047416093496301048e-01
3.176000000000000000e+03,3.855713554669462639e-01
3.178000000000000000e+03,3.799886237179518900e-01
3.180000000000000000e+03,3.873054596261221727e-01
3.182000000000000000e+03,3.959567644841452960e-01
3.184000000000000000e+03,3.952141512834911885e-01
3.186000000000000000e+03,4.033724338508036245e-01
3.188000000000000000e+03,3.863743272971860709e-01
3.190000000000000000e+03,3.847042527176813831e-01
3.192000000000000000e+03,3.844093121775031263e-01
3.194000000000000000e+03,3.260952446530973603e-01
3.196000000000000000e+03,3.584401245041753947e-01
3.198000000000000000e+03,3.693566921330589392e-01
3.200000000000000000e+03,3.701937734945303649e-01
3.202000000000000000e+03,3.551698163289649379e-01
3.204000000000000000e+03,3.416125351853740444e-01
3.206000000000000000e+03,3.697029493262841138e-01
3.208000000000000000e+03,3.615492075724484611e-01
3.210000000000000000e+03,3.770875223446588653e-01
3.212000000000000000e+03,3.565694716088725347e-01
3.214000000000000000e+03,3.303562453752182382e-01
3.216000000000000000e+03,3.323532538431933636e-01
3.218000000000000000e+03,3.429029718027780671e-01
3.220000000000000000e+03,3.847214018722724949e-01
3.222000000000000000e+03,3.851411521915541480e-01
3.224000000000000000e+03,3.807515972548939365e-01
3.226000000000000000e+03,3.919166952319309005e-01
3.228000000000000000e+03,3.620522576037099038e-01
3.230000000000000000e+03,3.629625222690954778e-01
3.232000000000000000e+03,3.536466558970713936e-01
3.234000000000000000e+03,3.587452698009305219e-01
3.236000000000000000e+03,3.407672681781082624e-01
3.238000000000000000e+03,3.832609726541548745e-01
3.240000000000000000e+03,3.888724344820994050e-01
3.242000000000000000e+03,3.532344426593942432e-01
3.244000000000000000e+03,3.234738732255193483e-01
3.246000000000000000e+03,3.363520896573274355e-01
3.248000000000000000e+03,3.286381828916971615e-01
3.250000000000000000e+03,3.328734399019062096e-01
3.252000000000000000e+03,3.242046054355135487e-01
3.254000000000000000e+03,3.250894847059574988e-01
3.256000000000000000e+03,3.316403904152566140e-01
3.258000000000000000e+03,3.348112415151556220e-01
3.260000000000000000e+03,3.380490081049126738e-01
3.262000000000000000e+03,3.458231069116750600e-01
3.264000000000000000e+03,3.302740874517396952e-01
3.266000000000000000e+03,3.307726382903499185e-01
3.268000000000000000e+03,3.248394425007973818e-01
3.270000000000000000e+03,3.250734758341570219e-01
3.272000000000000000e+03,3.145983315623310794e-01
3.274000000000000000e+03,3.170027957472772995e-01
3.276000000000000000e+03,3.425569849628538055e-01
3.278000000000000000e+03,3.408395705902113604e-01
3.280000000000000000e+03,3.582886795481393660e-01
3.282000000000000000e+03,3.904894078812011782e-01
3.284000000000000000e+03,4.075301717779410415e-01
3.286000000000000000e+03,3.891197905837402438e-01
3.288000000000000000e+03,3.525295690759308598e-01
3.290000000000000000e+03,3.460070114721441881e-01
3.292000000000000000e+03,3.467840030243404814e-01
3.294000000000000000e+03,3.486326677265359497e-01
3.296000000000000000e+03,3.471088977366482697e-01
3.298000000000000000e+03,3.504691685009825308e-01
3.300000000000000000e+03,3.506934506968895082e-01
3.302000000000000000e+03,3.707003823198290471e-01
3.304000000000000000e+03,3.738108206692512536e-01
3.306000000000000000e+03,3.756027936006766099e-01
3.308000000000000000e+03,3.633743722889115069e-01
3.310000000000000000e+03,3.702790849047721822e-01
3.312000000000000000e+03,3.711585847516143399e-01
3.314000000000000000e+03,3.620494918501783177e-01
3.316000000000000000e+03,3.650969091854208703e-01
3.318000000000000000e+03,3.232219219814315703e-01
3.320000000000000000e+03,3.321465577136586411e-01
3.322000000000000000e+03,3.323116999625360668e-01
3.324000000000000000e+03,3.331959714168521991e-01
3.326000000000000000e+03,3.359898336759217230e-01
3.328000000000000000e+03,3.393362986893553868e-01
3.330000000000000000e+03,3.374364409901369211e-01
3.332000000000000000e+03,3.371993494251229184e-01
3.334000000000000000e+03,3.389850949366140509e-01
3.336000000000000000e+03,3.419325630093008606e-01
3.338000000000000000e+03,3.301749219840364735e-01
3.340000000000000000e+03,3.375836013555263970e-01
3.342000000000000000e+03,3.270495441360448674e-01
3.344000000000000000e+03,3.272709730226956992e-01
3.346000000000000000e+03,3.273327025059274975e-01
3.348000000000000000e+03,3.127260641759971316e-01
3.350000000000000000e+03,3.122419862312913463e-01
3.352000000000000000e+03,2.988956682805239962e-01
3.354000000000000000e+03,3.133126820261596945e-01
3.356000000000000000e+03,3.066746235175725754e-01
3.358000000000000000e+03,3.062475779268182263e-01
3.360000000000000000e+03,3.060891642154270897e-01
3.362000000000000000e+03,3.065472289385182125e-01
3.364000000000000000e+03,3.150177887392330844e-01
3.366000000000000000e+03,3.131415099983710926e-01
3.368000000000000000e+03,3.137034330918397895e-01
3.370000000000000000e+03,3.062841055589167749e-01
3.372000000000000000e+03,3.043690620102669775e-01
3.374000000000000000e+03,2.985619739076360579e-01
3.376000000000000000e+03,3.064718379925013836e-01
3.378000000000000000e+03,3.161110406395273298e-01
3.380000000000000000e+03,3.282421894532920326e-01
3.382000000000000000e+03,3.418503372081841962e-01
3.384000000000000000e+03,3.213157822733171409e-01
3.386000000000000000e+03,3.211685018785807033e-01
3.388000000000000000e+03,3.440941489850666279e-01
3.390000000000000000e+03,3.434412833435167567e-01
3.392000000000000000e+03,3.425744478425206685e-01
3.394000000000000000e+03,3.418224739987393290e-01
3.396000000000000000e+03,3.433018084006931869e-01
3.398000000000000000e+03,3.651486410839828167e-01
3.400000000000000000e+03,3.525420162867735629e-01
3.402000000000000000e+03,3.555410464786568081e-01
3.404000000000000000e+03,3.562908786374196501e-01
3.406000000000000000e+03,3.408225422784506020e-01
3.408000000000000000e+03,3.404256377712296944e-01
3.410000000000000000e+03,3.242562507628076740e-01
3.412000000000000000e+03,3.149295877364093887e-01
3.414000000000000000e+03,3.021447090873013996e-01
3.416000000000000000e+03,3.120782727746338470e-01
3.418000000000000000e+03,3.276198112667305651e-01
3.420000000000000000e+03,3.262425015746795443e-01
3.422000000000000000e+03,3.262823490203748400e-01
3.424000000000000000e+03,3.183001980752028781e-01
3.426000000000000000e+03,3.252627233551397268e-01
3.428000000000000000e+03,3.270069334488931445e-01
3.430000000000000000e+03,3.140955365297296020e-01
3.432000000000000000e+03,3.247602106348423945e-01
3.434000000000000000e+03,3.279302550402781180e-01
3.436000000000000000e+03,3.308046197336576011e-01
3.438000000000000000e+03,3.448591194122878067e-01
3.440000000000000000e+03,3.446762830111820275e-01
3.442000000000000000e+03,3.444103038642474246e-01
3.444000000000000000e+03,3.723597426790873910e-01
3.446000000000000000e+03,3.601426241203335987e-01
3.448000000000000000e+03,3.671923927121727993e-01
3.450000000000000000e+03,3.668877642443266751e-01
3.452000000000000000e+03,3.724984481808220615e-01
3.454000000000000000e+03,3.631034876078046980e-01
3.456000000000000000e+03,3.799959822409846311e-01
3.458000000000000000e+03,3.750774594132635920e-01
3.460000000000000000e+03,3.525439678022300183e-01
3.462000000000000000e+03,3.341148795664336535e-01
3.464000000000000000e+03,3.397292692459544239e-01
3.466000000000000000e+03,3.356647260857732462e-01
3.468000000000000000e+03,3.351415351939450171e-01
3.470000000000000000e+03,3.359719614768443274e-01
3.472000000000000000e+03,3.362031643416235061e-01
3.474000000000000000e+03,3.366524830076098596e-01
3.476000000000000000e+03,3.264184892125238657e-01
3.478000000000000000e+03,3.500538790131960121e-01
3.480000000000000000e+03,3.503251000409266513e-01
3.482000000000000000e+03,3.433914979151172497e-01
3.484000000000000000e+03,3.378550252855642144e-01
3.486000000000000000e+03,3.369430660743029105e-01
3.488000000000000000e+03,3.339795006684803669e-01
3.490000000000000000e+03,3.370566489330376614e-01
3.492000000000000000e+03,3.356631519659891705e-01
3.494000000000000000e+03,3.356682175340032215e-01
3.496000000000000000e+03,3.343069396098107271e-01
3.498000000000000000e+03,3.348280194534137277e-01
3.500000000000000000e+03,3.346265555061459507e-01
3.502000000000000000e+03,3.345999581329250350e-01
3.504000000000000000e+03,3.317113535693792525e-01
3.506000000000000000e+03,3.310001445468268577e-01
3.508000000000000000e+03,3.308363370098912348e-01
3.510000000000000000e+03,3.322422279278162138e-01
3.512000000000000000e+03,3.262528911966914857e-01
3.514000000000000000e+03,3.218871992051014486e-01
3.516000000000000000e+03,3.242588498604224712e-01
3.518000000000000000e+03,3.266683907729987513e-01
3.520000000000000000e+03,3.495906280343778483e-01
3.522000000000000000e+03,3.375583788288550324e-01
3.524000000000000000e+03,3.374973482048271300e-01
3.526000000000000000e+03,3.266051701441080590e-01
3.528000000000000000e+03,3.538123772195430616e-01
3.530000000000000000e+03,3.539406159358664539e-01
3.532000000000000000e+03,3.539408822565258683e-01
3.534000000000000000e+03,3.666203513230509858e-01
3.536000000000000000e+03,3.766961670713886434e-01
3.538000000000000000e+03,3.833530517020752315e-01
3.540000000000000000e+03,3.647764807041942725e-01
3.542000000000000000e+03,3.658651251692863204e-01
3.544000000000000000e+03,3.669870291063340728e-01
3.546000000000000000e+03,3.689208716183291492e-01
3.548000000000000000e+03,3.439510526527844725e-01
3.550000000000000000e+03,3.519833922829381234e-01
3.552000000000000000e+03,3.466481037369827933e-01
3.554000000000000000e+03,3.191402493147004749e-01
3.556000000000000000e+03,3.165107091698335373e-01
3.558000000000000000e+03,3.320513421024567369e-01
3.560000000000000000e+03,3.405072197518575483e-01
3.562000000000000000e+03,3.339733434455181560e-01
3.564000000000000000e+03,3.355921270186583150e-01
3.566000000000000000e+03,3.358431170514601938e-01
3.568000000000000000e+03,3.272120243584827892e-01
3.570000000000000000e+03,3.135011752093656012e-01
3.572000000000000000e+03,2.954656343108637562e-01
3.574000000000000000e+03,2.919600475809607243e-01
3.576000000000000000e+03,2.944862623858728323e-01
3.578000000000000000e+03,2.849478059912888273e-01
3.580000000000000000e+03,2.829773266304380086e-01
3.582000000000000000e+03,2.846569701161815735e-01
3.584000000000000000e+03,2.719289318825082735e-01
3.586000000000000000e+03,2.795074449906015390e-01
3.588000000000000000e+03,2.986742148646643891e-01
3.590000000000000000e+03,2.914778061426549494e-01
3.592000000000000000e+03,3.021015972104347247e-01
3.594000000000000000e+03,3.002568855299317940e-01
3.596000000000000000e+03,2.953536305855100630e-01
3.598000000000000000e+03,2.960606310388838036e-01
3.600000000000000000e+03,3.154480276236345526e-01
3.602000000000000000e+03,3.195966164353617467e-01
3.604000000000000000e+03,3.164484395833279118e-01
3.606000000000000000e+03,3.310106215248987405e-01
3.608000000000000000e+03,3.028739955389586069e-01
3.610000000000000000e+03,3.012491507784602063e-01
3.612000000000000000e+03,2.990983704771507101e-01
3.614000000000000000e+03,2.891634030966063196e-01
3.616000000000000000e+03,3.010966783967075067e-01
3.618000000000000000e+03,3.114451162073881285e-01
3.620000000000000000e+03,3.118115993043352741e-01
3.622000000000000000e+03,3.119132760720429443e-01
3.624000000000000000e+03,3.136781696686818388e-01
3.626000000000000000e+03,3.178412126422576756e-01
3.628000000000000000e+03,3.149525660229617885e-01
3.630000000000000000e+03,3.108939799181591468e-01
3.632000000000000000e+03,3.065249360600485473e-01
3.634000000000000000e+03,3.097830975147565780e-01
3.636000000000000000e+03,3.099154189316646879e-01
3.638000000000000000e+03,3.101199270141948294e-01
3.640000000000000000e+03,3.087778095221046515e-01
3.642000000000000000e+03,3.191056474192622838e-01
3.644000000000000000e+03,3.182375923931552997e-01
3.646000000000000000e+03,3.246190931676631863e-01
3.648000000000000000e+03,3.010367401192231007e-01
3.650000000000000000e+03,3.044151852577186013e-01
3.652000000000000000e+03,3.084572654318241125e-01
3.654000000000000000e+03,3.115910909050342292e-01
3.656000000000000000e+03,3.166124982113709962e-01
3.658000000000000000e+03,3.170153363923509104e-01
3.660000000000000000e+03,2.963423034079303853e-01
3.662000000000000000e+03,2.848198752072083617e-01
3.664000000000000000e+03,2.800534311504189189e-01
3.666000000000000000e+03,2.940486197367583876e-01
3.668000000000000000e+03,2.867521711490499947e-01
3.670000000000000000e+03,2.872435485775354236e-01
3.672000000000000000e+03,2.813379096595029494e-01
3.674000000000000000e+03,2.891669994844935365e-01
3.676000000000000000e+03,2.856400061065238472e-01
3.678000000000000000e+03,2.830687185641808656e-01
3.680000000000000000e+03,2.850658629090694896e-01
3.682000000000000000e+03,2.842820623506589484e-01
3.684000000000000000e+03,2.860123400036549413e-01
3.686000000000000000e+03,2.846872331597222194e-01
3.688000000000000000e+03,2.986524620441032840e-01
3.690000000000000000e+03,2.946492579389580757e-01
3.692000000000000000e+03,2.947207881088897419e-01
3.694000000000000000e+03,2.762599353089041365e-01
3.696000000000000000e+03,2.855091194179876779e-01
3.698000000000000000e+03,2.832610153355275551e-01
3.700000000000000000e+03,2.955302754403518195e-01
3.702000000000000000e+03,2.953121812797876999e-01
3.704000000000000000e+03,2.998138480719378940e-01
3.706000000000000000e+03,2.955904404434294142e-01
3.708000000000000000e+03,2.967950428705771748e-01
3.710000000000000000e+03,2.935809680795338217e-01
3.712000000000000000e+03,2.907231785582683470e-01
3.714000000000000000e+03,2.911951120521981684e-01
3.716000000000000000e+03,2.918343259868438344e-01
3.718000000000000000e+03,2.999400394294496897e-01
3.720000000000000000e+03,3.111701501310883411e-01
3.722000000000000000e+03,3.102165515256197215e-01
3.724000000000000000e+03,3.007728897919029198e-01
3.726000000000000000e+03,2.999825732331486972e-01
3.728000000000000000e+03,2.984325371993540865e-01
3.730000000000000000e+03,2.980268841664096557e-01
3.732000000000000000e+03,3.042715483222352968e-01
3.734000000000000000e+03,3.049590123413176146e-01
3.736000000000000000e+03,3.071503923097383404e-01
3.738000000000000000e+03,3.126137977427901893e-01
3.740000000000000000e+03,3.139089104012288689e-01
3.742000000000000000e+03,3.152837941071966466e-01
3.744000000000000000e+03,3.100561614993906923e-01
3.746000000000000000e+03,3.163540472273839721e-01
3.748000000000000000e+03,3.165534516820106559e-01
3.750000000000000000e+03,3.184312501748504110e-01
3.752000000000000000e+03,3.250617166490653576e-01
3.754000000000000000e+03,3.215635077855372725e-01
3.756000000000000000e+03,3.195586653318723824e-01
3.758000000000000000e+03,3.213142645108316708e-01
3.760000000000000000e+03,3.252181867776631763e-01
3.762000000000000000e+03,3.251712415870708917e-01
3.764000000000000000e+03,3.293942781521955188e-01
3.766000000000000000e+03,3.125505417515950790e-01
3.768000000000000000e+03,3.111892706956043697e-01
3.770000000000000000e+03,2.864640010986211349e-01
3.772000000000000000e+03,3.124716064983304453e-01
3.774000000000000000e+03,3.118278531704505863e-01
3.776000000000000000e+03,3.351508978376026016e-01
3.778000000000000000e+03,3.324743170067364084e-01
3.780000000000000000e+03,3.465627154953039302e-01
3.782000000000000000e+03,3.429807405278693655e-01
3.784000000000000000e+03,3.429257396524588719e-01
3.786000000000000000e+03,3.426412498349579727e-01
3.788000000000000000e+03,3.267826923713176845e-01
3.790000000000000000e+03,3.236698090865847144e-01
3.792000000000000000e+03,3.371298338577293774e-01
3.794000000000000000e+03,3.404428009235505592e-01
3.796000000000000000e+03,3.278791745478719100e-01
3.798000000000000000e+03,3.334288118839611181e-01
3.800000000000000000e+03,3.380009493490592765e-01
3.802000000000000000e+03,3.334555775036863179e-01
3.804000000000000000e+03,3.418892551979886840e-01
3.806000000000000000e+03,3.430238115533857379e-01
3.808000000000000000e+03,3.520850522360151058e-01
3.810000000000000000e+03,3.501660783370416641e-01
3.812000000000000000e+03,3.534068328883722132e-01
3.814000000000000000e+03,3.471452802337971488e-01
3.816000000000000000e+03,3.349144947876122602e-01
3.818000000000000000e+03,3.351020914412130569e-01
3.820000000000000000e+03,3.345161407992310876e-01
3.822000000000000000e+03,3.293143205665634565e-01
3.824000000000000000e+03,3.275518553115924214e-01
3.826000000000000000e+03,3.146111504943074899e-01
3.828000000000000000e+03,3.166826097367262394e-01
3.830000000000000000e+03,3.195698391233076641e-01
3.832000000000000000e+03,3.198970341486066515e-01
3.834000000000000000e+03,3.195344152903263346e-01
3.836000000000000000e+03,3.186175159963145487e-01
3.838000000000000000e+03,3.218692155901102803e-01
3.840000000000000000e+03,3.212841629936138976e-01
3.842000000000000000e+03,3.383263632745943661e-01
3.844000000000000000e+03,3.366310891593591870e-01
3.846000000000000000e+03,3.652678404333898898e-01
3.848000000000000000e+03,3.621596876357670025e-01
3.850000000000000000e+03,3.104309621032011468e-01
3.852000000000000000e+03,3.137973354415605765e-01
3.854000000000000000e+03,3.137916431626271985e-01
3.856000000000000000e+03,3.133321300435796264e-01
3.858000000000000000e+03,3.077249066491682949e-01
3.860000000000000000e+03,3.063868728807025432e-01
3.862000000000000000e+03,2.914153511190641366e-01
3.864000000000000000e+03,2.706229583016334650e-01
3.866000000000000000e+03,2.754939189227132434e-01
3.868000000000000000e+03,2.759863344489499881e-01
3.870000000000000000e+03,2.826237192128526754e-01
3.872000000000000000e+03,3.206279495173332550e-01
3.874000000000000000e+03,3.195404241290136782e-01
3.876000000000000000e+03,3.185508753646007496e-01
3.878000000000000000e+03,3.134686704672076107e-01
3.880000000000000000e+03,3.036516285338839438e-01
3.882000000000000000e+03,2.956170596354082969e-01
3.884000000000000000e+03,2.986885135543154712e-01
3.886000000000000000e+03,2.966293960852277034e-01
3.888000000000000000e+03,3.038383557922971767e-01
3.890000000000000000e+03,3.043064434893463233e-01
3.892000000000000000e+03,3.038291116007702519e-01
3.894000000000000000e+03,3.049465564152857855e-01
3.896000000000000000e+03,3.051955852318881113e-01
3.898000000000000000e+03,3.018426226335518270e-01
3.900000000000000000e+03,3.020545170960025616e-01
3.902000000000000000e+03,2.869781431853729026e-01
3.904000000000000000e+03,2.841465572639235715e-01
3.906000000000000000e+03,2.810169206949217346e-01
3.908000000000000000e+03,2.866204066789406757e-01
3.910000000000000000e+03,2.751903788696821174e-01
3.912000000000000000e+03,2.747282589853193291e-01
3.914000000000000000e+03,2.737331555594564314e-01
3.916000000000000000e+03,2.739359668032017026e-01
3.918000000000000000e+03,2.788167846201312638e-01
3.920000000000000000e+03,2.897985409351452324e-01
3.922000000000000000e+03,2.838522725507958144e-01
3.924000000000000000e+03,2.862035816116433318e-01
3.926000000000000000e+03,2.872816477411298530e-01
3.928000000000000000e+03,2.851121968834666731e-01
3.930000000000000000e+03,3.070846418319321813e-01
3.932000000000000000e+03,3.240849024169636383e-01
3.934000000000000000e+03,3.124504724957362090e-01
3.936000000000000000e+03,3.062476379043715946e-01
3.938000000000000000e+03,2.885122447170854199e-01
3.940000000000000000e+03,2.980126567894252343e-01
3.942000000000000000e+03,2.982109506720314052e-01
3.944000000000000000e+03,3.008495408784631620e-01
3.946000000000000000e+03,2.920438571094834956e-01
3.948000000000000000e+03,2.891984689047974455e-01
3.950000000000000000e+03,3.232644272103704086e-01
3.952000000000000000e+03,3.172240972303037032e-01
3.954000000000000000e+03,3.373659372399820389e-01
3.956000000000000000e+03,3.368075150668027873e-01
3.958000000000000000e+03,3.377931496486396012e-01
3.960000000000000000e+03,3.365635672158073244e-01
3.962000000000000000e+03,3.331502179852180445e-01
3.964000000000000000e+03,3.196179128798633529e-01
3.966000000000000000e+03,3.188089116045572102e-01
3.968000000000000000e+03,3.000594725762265602e-01
3.970000000000000000e+03,2.979370305913132122e-01
3.972000000000000000e+03,3.077036782279908844e-01
3.974000000000000000e+03,3.065601171531230351e-01
3.976000000000000000e+03,3.100572075922244930e-01
3.978000000000000000e+03,3.104296070689261389e-01
3.980000000000000000e+03,3.095229142404026246e-01
3.982000000000000000e+03,3.050373621091856946e-01
3.984000000000000000e+03,3.201999939555613683e-01
3.986000000000000000e+03,3.200520266067558017e-01
3.988000000000000000e+03,3.258960034712897191e-01
3.990000000000000000e+03,3.327337575343414788e-01
3.992000000000000000e+03,3.267725858768270597e-01
3.994000000000000000e+03,3.278683969291624201e-01
3.996000000000000000e+03,3.298183278451736200e-01
3.998000000000000000e+03,3.445601099913036536e-01
4.000000000000000000e+03,3.505163877824066243e-01
4.002000000000000000e+03,3.529129670605375413e-01
4.004000000000000000e+03,3.366829316855853849e-01
4.006000000000000000e+03,3.352516231342314579e-01
4.008000000000000000e+03,3.268332300034671456e-01
4.010000000000000000e+03,3.293941580261727786e-01
4.012000000000000000e+03,3.261564248320155124e-01
4.014000000000000000e+03,3.323760302148769941e-01
4.016000000000000000e+03,3.349602039655681929e-01
4.018000000000000000e+03,3.500736286682176179e-01
4.020000000000000000e+03,3.604954981111671009e-01
4.022000000000000000e+03,3.636340578113224087e-01
4.024000000000000000e+03,3.637139544105139621e-01
4.026000000000000000e+03,3.619714978760439350e-01
4.028000000000000000e+03,3.614731083968236725e-01
4.030000000000000000e+03,3.591229292299122355e-01
4.032000000000000000e+03,3.616762837718494050e-01
4.034000000000000000e+03,3.586849580364009360e-01
4.036000000000000000e+03,3.585740346282336177e-01
4.038000000000000000e+03,3.559882577793959668e-01
4.040000000000000000e+03,3.506427330970000589e-01
4.042000000000000000e+03,2.896112035803291018e-01
4.044000000000000000e+03,2.891479455437322432e-01
4.046000000000000000e+03,2.852101234510997507e-01
4.048000000000000000e+03,2.782346921316024013e-01
4.050000000000000000e+03,2.761875781333351099e-01
4.052000000000000000e+03,2.759296779280874801e-01
4.054000000000000000e+03,2.766438207269644733e-01
4.056000000000000000e+03,3.046700172489193448e-01
4.058000000000000000e+03,3.130430074271097762e-01
4.060000000000000000e+03,3.212394464207757871e-01
4.062000000000000000e+03,3.363840213142703095e-01
4.064000000000000000e+03,3.367134292568719767e-01
4.066000000000000000e+03,3.357861261541573716e-01
4.068000000000000000e+03,3.208679321924173822e-01
4.070000000000000000e+03,3.230424608446329504e-01
4.072000000000000000e+03,3.240648917720403976e-01
4.074000000000000000e+03,3.308040240322555614e-01
4.076000000000000000e+03,3.187247701147403189e-01
4.078000000000000000e+03,3.142439122818763142e-01
4.080000000000000000e+03,3.073837032675558190e-01
4.082000000000000000e+03,3.269950660563749611e-01
4.084000000000000000e+03,3.220768126005787435e-01
4.086000000000000000e+03,3.168425726530056941e-01
4.088000000000000000e+03,2.901960721005372168e-01
4.090000000000000000e+03,2.944424266152836922e-01
4.092000000000000000e+03,2.991888022862372876e-01
4.094000000000000000e+03,3.122865079237857611e-01
4.096000000000000000e+03,3.126387949174426195e-01
4.098000000000000000e+03,3.157760081906164640e-01
4.100000000000000000e+03,3.137910202305779217e-01
4.102000000000000000e+03,3.251306242245063371e-01
4.104000000000000000e+03,3.387257442209739566e-01
4.106000000000000000e+03,3.386582411677848126e-01
4.108000000000000000e+03,3.372894671863741478e-01
4.110000000000000000e+03,3.387083485972023356e-01
4.112000000000000000e+03,3.384695021959930883e-01
4.114000000000000000e+03,3.409275127628642044e-01
4.116000000000000000e+03,3.305394426329563706e-01
4.118000000000000000e+03,3.305858171442769833e-01
4.120000000000000000e+03,3.287864973760720733e-01
4.122000000000000000e+03,3.297856984438843897e-01
4.124000000000000000e+03,3.254410496925205232e-01
4.126000000000000000e+03,3.240509954802197057e-01
4.128000000000000000e+03,3.242563228256262753e-01
4.130000000000000000e+03,3.216538335563957629e-01
4.132000000000000000e+03,3.215162124180417358e-01
4.134000000000000000e+03,3.204825231290737153e-01
4.136000000000000000e+03,3.196380824359852935e-01
4.138000000000000000e+03,3.200115988678776668e-01
4.140000000000000000e+03,3.238539501314188773e-01
4.142000000000000000e+03,3.288579243290946641e-01
4.144000000000000000e+03,3.285522938784444236e-01
4.146000000000000000e+03,3.231802666131498580e-01
4.148000000000000000e+03,3.230308636884461904e-01
4.150000000000000000e+03,3.217245017436738963e-01
4.152000000000000000e+03,3.139855730695452207e-01
4.154000000000000000e+03,3.127268835201327257e-01
4.156000000000000000e+03,3.111793151949691638e-01
4.158000000000000000e+03,3.149804220900574991e-01
4.160000000000000000e+03,3.145136828752294611e-01
4.162000000000000000e+03,3.080589242460249344e-01
4.164000000000000000e+03,3.159675482567169125e-01
4.166000000000000000e+03,3.122134821468751653e-01
4.168000000000000000e+03,3.076750480596342485e-01
4.170000000000000000e+03,2.931208404340807094e-01
4.172000000000000000e+03,2.946330336102532810e-01
4.174000000000000000e+03,3.059064278082588295e-01
4.176000000000000000e+03,3.066853396149050726e-01
4.178000000000000000e+03,3.047312872359758673e-01
4.180000000000000000e+03,3.060786051073015046e-01
4.182000000000000000e+03,3.248185786903922123e-01
4.184000000000000000e+03,3.280040214931425613e-01
4.186000000000000000e+03,2.920864526257106464e-01
4.188000000000000000e+03,2.920418922945886564e-01
4.190000000000000000e+03,3.061102528923033139e-01
4.192000000000000000e+03,3.058978778981731317e-01
4.194000000000000000e+03,3.203020203645824404e-01
4.196000000000000000e+03,3.080344507426635570e-01
4.198000000000000000e+03,3.174440190105291548e-01
4.200000000000000000e+03,3.376722675380126049e-01
4.202000000000000000e+03,3.385616366095564045e-01
4.204000000000000000e+03,3.387546309465078176e-01
4.206000000000000000e+03,3.396439682610717381e-01
4.208000000000000000e+03,3.389626504778575078e-01
4.210000000000000000e+03,3.408081676214537170e-01
4.212000000000000000e+03,3.409687529417843588e-01
4.214000000000000000e+03,3.424077673429383184e-01
4.216000000000000000e+03,3.579691113991941842e-01
4.218000000000000000e+03,3.582201941187961314e-01
4.220000000000000000e+03,3.614519442680179662e-01
4.222000000000000000e+03,3.589255416996459114e-01
4.224000000000000000e+03,3.595953603315246161e-01
4.226000000000000000e+03,3.575486216761049052e-01
4.228000000000000000e+03,3.592572912928312934e-01
4.230000000000000000e+03,3.547169618291839965e-01
4.232000000000000000e+03,3.551542371256702912e-01
4.234000000000000000e+03,3.478112458110688143e-01
4.236000000000000000e+03,3.502863736148211782e-01
4.238000000000000000e+03,3.542435136534323736e-01
4.240000000000000000e+03,3.521963057036116562e-01
4.242000000000000000e+03,3.626994254342145174e-01
4.244000000000000000e+03,3.746075640026324538e-01
4.246000000000000000e+03,3.756539527298013992e-01
4.248000000000000000e+03,3.775134613048882204e-01
4.250000000000000000e+03,3.660815944807275235e-01
4.252000000000000000e+03,3.687367621985672139e-01
4.254000000000000000e+03,3.592260073149652899e-01
4.256000000000000000e+03,3.379889472102651227e-01
4.258000000000000000e+03,3.386009030913413320e-01
4.260000000000000000e+03,3.470854542792328745e-01
4.262000000000000000e+03,3.565195676124364721e-01
4.264000000000000000e+03,3.445526155023673764e-01
4.266000000000000000e+03,3.373361029041515580e-01
4.268000000000000000e+03,3.330731353774830095e-01
4.270000000000000000e+03,3.291727796373818404e-01
4.272000000000000000e+03,3.316827095091546274e-01
4.274000000000000000e+03,3.330367506732733185e-01
4.276000000000000000e+03,3.271566467928692656e-01
4.278000000000000000e+03,3.270681348469127725e-01
4.280000000000000000e+03,3.382448678828555155e-01
4.282000000000000000e+03,3.476516955812062326e-01
4.284000000000000000e+03,3.504318773255000186e-01
4.286000000000000000e+03,3.504414024901966740e-01
4.288000000000000000e+03,3.246474452593805515e-01
4.290000000000000000e+03,3.305350872491908398e-01
4.292000000000000000e+03,3.340515801214856695e-01
4.294000000000000000e+03,3.344692777530430816e-01
4.296000000000000000e+03,3.486661389601613537e-01
4.298000000000000000e+03,3.129275358142100671e-01
4.300000000000000000e+03,3.010302293720968914e-01
4.302000000000000000e+03,2.992817116036588510e-01
4.304000000000000000e+03,2.992623718386898668e-01
4.306000000000000000e+03,3.021678502520643850e-01
4.308000000000000000e+03,3.210409127130843254e-01
4.310000000000000000e+03,3.230731335348376865e-01
4.312000000000000000e+03,3.060257546562069608e-01
4.314000000000000000e+03,3.051489988627431593e-01
4.316000000000000000e+03,2.977983161543770740e-01
4.318000000000000000e+03,2.986272038374511162e-01
4.320000000000000000e+03,2.989750318426106501e-01
4.322000000000000000e+03,2.986852889232347041e-01
4.324000000000000000e+03,3.164355232838690357e-01
4.326000000000000000e+03,3.186984652733272916e-01
4.328000000000000000e+03,3.181041560489251130e-01
4.330000000000000000e+03,3.523899880902718329e-01
4.332000000000000000e+03,3.533364144293313358e-01
4.334000000000000000e+03,3.576341574884713825e-01
4.336000000000000000e+03,3.557677294708551097e-01
4.338000000000000000e+03,3.788280317327619162e-01
4.340000000000000000e+03,3.771731651282445585e-01
4.342000000000000000e+03,3.758975962902547097e-01
4.344000000000000000e+03,3.759218738638405721e-01
4.346000000000000000e+03,3.729104858100689701e-01
4.348000000000000000e+03,3.283690926237629037e-01
4.350000000000000000e+03,2.969158590081232285e-01
4.352000000000000000e+03,2.966916188431459878e-01
4.354000000000000000e+03,2.854400128907236822e-01
4.356000000000000000e+03,2.697061553109528775e-01
4.358000000000000000e+03,2.614755299121396259e-01
4.360000000000000000e+03,2.602679785316860950e-01
4.362000000000000000e+03,2.598934003438777007e-01
4.364000000000000000e+03,2.545599133063925490e-01
4.366000000000000000e+03,2.607269937782870639e-01
4.368000000000000000e+03,2.604332970194009333e-01
4.370000000000000000e+03,2.646214796768506794e-01
4.372000000000000000e+03,2.650018529226677577e-01
4.374000000000000000e+03,2.896152129871932268e-01
4.376000000000000000e+03,2.893383004178702311e-01
4.378000000000000000e+03,2.876681764334724778e-01
4.380000000000000000e+03,2.883744656055892142e-01
4.382000000000000000e+03,2.861172752045057499e-01
4.384000000000000000e+03,3.067602895644905292e-01
4.386000000000000000e+03,3.025015792300511097e-01
4.388000000000000000e+03,3.025796681992098947e-01
4.390000000000000000e+03,2.924837979836678592e-01
4.392000000000000000e+03,3.025610104191340799e-01
4.394000000000000000e+03,2.837549941844995094e-01
4.396000000000000000e+03,2.832764551107224138e-01
4.398000000000000000e+03,2.846584247726085537e-01
4.400000000000000000e+03,2.774115343030940650e-01
4.402000000000000000e+03,2.622857387996149203e-01
4.404000000000000000e+03,2.496612598039365527e-01
4.406000000000000000e+03,2.496755760767226662e-01
4.408000000000000000e+03,2.469954258516114942e-01
4.410000000000000000e+03,2.465054292780081147e-01
4.412000000000000000e+03,2.467984414721534348e-01
4.414000000000000000e+03,2.450351714824572091e-01
4.416000000000000000e+03,2.546996250397051131e-01
4.418000000000000000e+03,2.546516890275108413e-01
4.420000000000000000e+03,2.455086754509622493e-01
4.422000000000000000e+03,2.550793470354844605e-01
4.424000000000000000e+03,2.694033632056306860e-01
4.426000000000000000e+03,2.690243427027934620e-01
4.428000000000000000e+03,2.707953099393657359e-01
4.430000000000000000e+03,2.809656130692267384e-01
4.432000000000000000e+03,2.826256447202739053e-01
4.434000000000000000e+03,2.856030614015389602e-01
4.436000000000000000e+03,2.888922700005968069e-01
4.438000000000000000e+03,2.721227539836208464e-01
4.440000000000000000e+03,2.682913085265999920e-01
4.442000000000000000e+03,2.748080034695016272e-01
4.444000000000000000e+03,2.813018276968205500e-01
4.446000000000000000e+03,2.758687214622587147e-01
4.448000000000000000e+03,2.728085494178273396e-01
4.450000000000000000e+03,2.784726701112947844e-01
4.452000000000000000e+03,2.629828855450311309e-01
4.454000000000000000e+03,2.472800283226979090e-01
4.456000000000000000e+03,2.471162329490369236e-01
4.458000000000000000e+03,2.449073798813491409e-01
4.460000000000000000e+03,2.366773706006589928e-01
4.462000000000000000e+03,2.274909992490580235e-01
4.464000000000000000e+03,2.126868089092794345e-01
4.466000000000000000e+03,2.257866763906621888e-01
4.468000000000000000e+03,2.333804692866710828e-01
4.470000000000000000e+03,2.334290512745333945e-01
4.472000000000000000e+03,1.933183748181071804e-01
4.474000000000000000e+03,1.923582713738561933e-01
4.476000000000000000e+03,1.921594423679171548e-01
4.478000000000000000e+03,1.929495409537876349e-01
4.480000000000000000e+03,1.917133458369090215e-01
4.482000000000000000e+03,1.871606126710664286e-01
4.484000000000000000e+03,1.819072366463124202e-01
4.486000000000000000e+03,1.694661098444168457e-01
4.488000000000000000e+03,1.686113829693608179e-01
4.490000000000000000e+03,1.705116452905139912e-01
4.492000000000000000e+03,1.785709164767136092e-01
4.494000000000000000e+03,1.603982422429630905e-01
4.496000000000000000e+03,1.595979346842182622e-01
4.498000000000000000e+03,1.598746409023099613e-01
4.500000000000000000e+03,1.592516835915668560e-01
4.502000000000000000e+03,1.613970226410852138e-01
4.504000000000000000e+03,1.653431154087259547e-01
4.506000000000000000e+03,1.620774442102483337e-01
4.508000000000000000e+03,1.796785191166081208e-01
4.510000000000000000e+03,1.780082988966502355e-01
4.512000000000000000e+03,1.883749816007715683e-01
4.514000000000000000e+03,1.786063795790576170e-01
4.516000000000000000e+03,2.063191961647845296e-01
4.518000000000000000e+03,2.066452243359802043e-01
4.520000000000000000e+03,2.026084694255181340e-01
4.522000000000000000e+03,2.030956820664246709e-01
4.524000000000000000e+03,2.152377340675631356e-01
4.526000000000000000e+03,2.218560337173413055e-01
4.528000000000000000e+03,1.978353546665987395e-01
4.530000000000000000e+03,1.939544933361425361e-01
4.532000000000000000e+03,1.849176936944712801e-01
4.534000000000000000e+03,1.841145251851650511e-01
4.536000000000000000e+03,1.847280745559523596e-01
4.538000000000000000e+03,2.048059610750826709e-01
4.540000000000000000e+03,2.048059610750826709e-01
4.542000000000000000e+03,2.088934146719985674e-01
4.544000000000000000e+03,2.079956669432546368e-01
4.546000000000000000e+03,2.442994633304739482e-01
4.548000000000000000e+03,2.490915966724656372e-01
4.550000000000000000e+03,2.556440808839444689e-01
4.552000000000000000e+03,2.556191333184436032e-01
4.554000000000000000e+03,2.602055712303110724e-01
4.556000000000000000e+03,2.712310748443513275e-01
4.558000000000000000e+03,2.402782304298657912e-01
4.560000000000000000e+03,2.491760580167000638e-01
4.562000000000000000e+03,2.482733141496164531e-01
4.564000000000000000e+03,2.509216240788686436e-01
4.566000000000000000e+03,2.510303950753752233e-01
4.568000000000000000e+03,2.423196883268737278e-01
4.570000000000000000e+03,2.436793982174893514e-01
4.572000000000000000e+03,2.374426135707977115e-01
4.574000000000000000e+03,2.368105057840494410e-01
4.576000000000000000e+03,2.389971698419952606e-01
4.578000000000000000e+03,2.367054367554655980e-01
4.580000000000000000e+03,2.322069623515536640e-01
4.582000000000000000e+03,2.277966842361085487e-01
4.584000000000000000e+03,2.240201738084534044e-01
4.586000000000000000e+03,2.416696395547315857e-01
4.588000000000000000e+03,2.415720689880017646e-01
4.590000000000000000e+03,2.380156840348159331e-01
4.592000000000000000e+03,2.373012795777733885e-01
4.594000000000000000e+03,2.335640383021334310e-01
4.596000000000000000e+03,2.316754641099143253e-01
4.598000000000000000e+03,2.306318876041140997e-01
4.600000000000000000e+03,2.266371965211074757e-01
4.602000000000000000e+03,2.273175376349598209e-01
4.604000000000000000e+03,2.376261677446933618e-01
4.606000000000000000e+03,2.334788259994795556e-01
4.608000000000000000e+03,2.369384066036457626e-01
4.610000000000000000e+03,2.344139584578135704e-01
4.612000000000000000e+03,2.310203597298431943e-01
4.614000000000000000e+03,2.122307199885001550e-01
4.616000000000000000e+03,2.111916390503399410e-01
4.618000000000000000e+03,2.053759484874204955e-01
4.620000000000000000e+03,2.010511777593404215e-01
4.622000000000000000e+03,1.983947434146824118e-01
4.624000000000000000e+03,2.070004528550653256e-01
4.626000000000000000e+03,2.093913117731601436e-01
4.628000000000000000e+03,2.122041205570086297e-01
4.630000000000000000e+03,2.146879791690062544e-01
4.632000000000000000e+03,2.306626919072601034e-01
4.634000000000000000e+03,2.145662475735278241e-01
4.636000000000000000e+03,2.110186957242722872e-01
4.638000000000000000e+03,2.060621856827092313e-01
4.640000000000000000e+03,2.007489484278685843e-01
4.642000000000000000e+03,2.086033225614383202e-01
4.644000000000000000e+03,2.132562190100047439e-01
4.646000000000000000e+03,2.074043057596336448e-01
4.648000000000000000e+03,2.029670630385695951e-01
4.650000000000000000e+03,2.051458669949629832e-01
4.652000000000000000e+03,2.050087765919900717e-01
4.654000000000000000e+03,2.122071520001881373e-01
4.656000000000000000e+03,2.112922209794395878e-01
4.658000000000000000e+03,2.119084965528661157e-01
4.660000000000000000e+03,2.120701106448778239e-01
4.662000000000000000e+03,2.101020956558065922e-01
4.664000000000000000e+03,2.106848028727250632e-01
4.666000000000000000e+03,2.104137382542183854e-01
4.668000000000000000e+03,2.073739816942004044e-01
4.670000000000000000e+03,1.904143236266432060e-01
4.672000000000000000e+03,1.898991385455487124e-01
4.674000000000000000e+03,2.059402736445989646e-01
4.676000000000000000e+03,1.972807631078493107e-01
4.678000000000000000e+03,2.030112781553955192e-01
4.680000000000000000e+03,2.047822571476378972e-01
4.682000000000000000e+03,2.156546819954088534e-01
4.684000000000000000e+03,2.167204865319010687e-01
4.686000000000000000e+03,2.150548976702174875e-01
4.688000000000000000e+03,2.060651653618455759e-01
4.690000000000000000e+03,2.099512114943079821e-01
4.692000000000000000e+03,2.182267726844488998e-01
4.694000000000000000e+03,2.133274428275481471e-01
4.696000000000000000e+03,2.070749791090497616e-01
4.698000000000000000e+03,2.069706174637505058e-01
4.700000000000000000e+03,2.017395737961459323e-01
4.702000000000000000e+03,2.039087381074906891e-01
4.704000000000000000e+03,2.041712394115347828e-01
4.706000000000000000e+03,2.020271033863518251e-01
4.708000000000000000e+03,1.695688282828485272e-01
4.710000000000000000e+03,1.828171872242219387e-01
4.712000000000000000e+03,1.843998421997671555e-01
4.714000000000000000e+03,1.863874134542853889e-01
4.716000000000000000e+03,1.836689580087287055e-01
4.718000000000000000e+03,1.852662320588558675e-01
4.720000000000000000e+03,1.857968851954447942e-01
4.722000000000000000e+03,1.726373318606105878e-01
4.724000000000000000e+03,1.784034175799885658e-01
4.726000000000000000e+03,1.802689035850078281e-01
4.728000000000000000e+03,1.774736426815689272e-01
4.730000000000000000e+03,1.724026826900365850e-01
4.732000000000000000e+03,1.711375697094026371e-01
4.734000000000000000e+03,1.717571296759650423e-01
4.736000000000000000e+03,1.737050159472996458e-01
4.738000000000000000e+03,1.739066793739450778e-01
4.740000000000000000e+03,1.603780344679305025e-01
4.742000000000000000e+03,1.589282682085556286e-01
4.744000000000000000e+03,1.603596686981202668e-01
4.746000000000000000e+03,1.605166569084643391e-01
4.748000000000000000e+03,1.607899843887914682e-01
4.750000000000000000e+03,1.739023411212349823e-01
4.752000000000000000e+03,1.743601675880240287e-01
4.754000000000000000e+03,1.567888661426330432e-01
4.756000000000000000e+03,1.563408244808509595e-01
4.758000000000000000e+03,1.559551335918991366e-01
4.760000000000000000e+03,1.557879474686252874e-01
4.762000000000000000e+03,1.566337412797620954e-01
4.764000000000000000e+03,1.467424355462008390e-01
4.766000000000000000e+03,1.501455446361546486e-01
4.768000000000000000e+03,1.485585154799275720e-01
4.770000000000000000e+03,1.501704105160532043e-01
4.772000000000000000e+03,1.500893961622487838e-01
4.774000000000000000e+03,1.499640606630999740e-01
4.776000000000000000e+03,1.478513349279707567e-01
4.778000000000000000e+03,1.574028583283441918e-01
4.780000000000000000e+03,1.598258874331311141e-01
4.782000000000000000e+03,1.607438286108900105e-01
4.784000000000000000e+03,1.615054222221565250e-01
4.786000000000000000e+03,1.666923939358119222e-01
4.788000000000000000e+03,1.710096824378580793e-01
4.790000000000000000e+03,1.613659167695756791e-01
4.792000000000000000e+03,1.613456642115351225e-01
4.794000000000000000e+03,1.638481384068305458e-01
4.796000000000000000e+03,1.748361542465164398e-01
4.798000000000000000e+03,1.745783996409195349e-01
4.800000000000000000e+03,1.692979071120706003e-01
4.802000000000000000e+03,1.556665414677490256e-01
4.804000000000000000e+03,1.583982790642183280e-01
4.806000000000000000e+03,1.578098248221124766e-01
4.808000000000000000e+03,1.565416031794482910e-01
4.810000000000000000e+03,1.500517475992294292e-01
4.812000000000000000e+03,1.510804947129596731e-01
4.814000000000000000e+03,1.470505465715047644e-01
4.816000000000000000e+03,1.552577892794111958e-01
4.818000000000000000e+03,1.550731479998634088e-01
4.820000000000000000e+03,1.518421232374328467e-01
4.822000000000000000e+03,1.395768858665226708e-01
4.824000000000000000e+03,1.411604748524318276e-01
4.826000000000000000e+03,1.419089497591408122e-01
4.828000000000000000e+03,1.416951267466208253e-01
4.830000000000000000e+03,1.465110080241162072e-01
4.832000000000000000e+03,1.419637616966324400e-01
4.834000000000000000e+03,1.331310642346200945e-01
4.836000000000000000e+03,1.292832801253040176e-01
4.838000000000000000e+03,1.270390917057000468e-01
4.840000000000000000e+03,1.287170147999972258e-01
4.842000000000000000e+03,1.469247025543492791e-01
4.844000000000000000e+03,1.445297465109026680e-01
4.846000000000000000e+03,1.515936816607905691e-01
4.848000000000000000e+03,1.552686387154511294e-01
4.850000000000000000e+03,1.528301204912457523e-01
4.852000000000000000e+03,1.534329780122816733e-01
4.854000000000000000e+03,1.548787270918535464e-01
4.856000000000000000e+03,1.759590566489708519e-01
4.858000000000000000e+03,1.758824081900764447e-01
4.860000000000000000e+03,1.725015305945129807e-01
4.862000000000000000e+03,1.674327614969422784e-01
4.864000000000000000e+03,1.655968439584822316e-01
4.866000000000000000e+03,1.614158061362498675e-01
4.868000000000000000e+03,1.673879814496148644e-01
4.870000000000000000e+03,1.728109086533073102e-01
4.872000000000000000e+03,1.701124538036454525e-01
4.874000000000000000e+03,1.667848347488923022e-01
4.876000000000000000e+03,1.664972034406817236e-01
4.878000000000000000e+03,1.636142571585334493e-01
4.880000000000000000e+03,1.535722945141848039e-01
4.882000000000000000e+03,1.468231286757977483e-01
4.884000000000000000e+03,1.459044554486228495e-01
4.886000000000000000e+03,1.483835614490655597e-01
4.888000000000000000e+03,1.435296575761263183e-01
4.890000000000000000e+03,1.437529830246291329e-01
4.892000000000000000e+03,1.437135748609964236e-01
4.894000000000000000e+03,1.441187026660709636e-01
4.896000000000000000e+03,1.455583222544093447e-01
4.898000000000000000e+03,1.456076057531534296e-01
4.900000000000000000e+03,1.428711407589170479e-01
4.902000000000000000e+03,1.566972341606347185e-01
4.904000000000000000e+03,1.567535308965686547e-01
4.906000000000000000e+03,1.539702995516209483e-01
4.908000000000000000e+03,1.550258332079368084e-01
4.910000000000000000e+03,1.504771660814082368e-01
4.912000000000000000e+03,1.531081761774088779e-01
4.914000000000000000e+03,1.544698779361503294e-01
4.916000000000000000e+03,1.512915154175580867e-01
4.918000000000000000e+03,1.502082027417577237e-01
4.920000000000000000e+03,1.501429824245135436e-01
4.922000000000000000e+03,1.481292016790761168e-01
4.924000000000000000e+03,1.318020911035149290e-01
4.926000000000000000e+03,1.384657550381651336e-01
4.928000000000000000e+03,1.415617740944498104e-01
4.930000000000000000e+03,1.360304350500539383e-01
4.932000000000000000e+03,1.415100749257802715e-01
4.934000000000000000e+03,1.409932002664176787e-01
4.936000000000000000e+03,1.487471910267593456e-01
4.938000000000000000e+03,1.485627601916255369e-01
4.940000000000000000e+03,1.490401278613027736e-01
4.942000000000000000e+03,1.477182320008051386e-01
4.944000000000000000e+03,1.435719412811708728e-01
4.946000000000000000e+03,1.405794271539742291e-01
4.948000000000000000e+03,1.362184734611963655e-01
4.950000000000000000e+03,1.329671892085202145e-01
4.952000000000000000e+03,1.343096419715501255e-01
4.954000000000000000e+03,1.337339175387435575e-01
4.956000000000000000e+03,1.328278916105358198e-01
4.958000000000000000e+03,1.340976162151490680e-01
4.960000000000000000e+03,1.325630119398205631e-01
4.962000000000000000e+03,1.339567317392036661e-01
4.964000000000000000e+03,1.355624744789562242e-01
4.966000000000000000e+03,1.504221829616021189e-01
4.968000000000000000e+03,1.567135872832521593e-01
4.970000000000000000e+03,1.560350367036143215e-01
4.972000000000000000e+03,1.582895075347729719e-01
4.974000000000000000e+03,1.644476961250873337e-01
4.976000000000000000e+03,1.601979197143630074e-01
4.978000000000000000e+03,1.715923256185336032e-01
4.980000000000000000e+03,1.749424055907780606e-01
4.982000000000000000e+03,1.845635808802029709e-01
4.984000000000000000e+03,1.884928923282828961e-01
4.986000000000000000e+03,1.957837625234717105e-01
4.988000000000000000e+03,1.702289083462182051e-01
4.990000000000000000e+03,1.704649518317231105e-01
4.992000000000000000e+03,1.685580609232076033e-01
4.994000000000000000e+03,1.663012110305342739e-01
4.996000000000000000e+03,1.681137766539647083e-01
4.998000000000000000e+03,1.603136680429776695e-01
5.000000000000000000e+03,1.664822982316469524e-01
5.002000000000000000e+03,1.616027270902462010e-01
5.004000000000000000e+03,1.619087068871009338e-01
5.006000000000000000e+03,1.576118500547925572e-01
5.008000000000000000e+03,1.579815096911642014e-01
5.010000000000000000e+03,1.621638452041121170e-01
5.012000000000000000e+03,1.707694309386310061e-01
5.014000000000000000e+03,1.747648970946394098e-01
5.016000000000000000e+03,1.769651882424674583e-01
5.018000000000000000e+03,1.855458358505026328e-01
5.020000000000000000e+03,1.906906647321705561e-01
5.022000000000000000e+03,1.903251899438189176e-01
5.024000000000000000e+03,1.942831830075219812e-01
5.026000000000000000e+03,1.876976752110864344e-01
5.028000000000000000e+03,1.881140909794989935e-01
5.030000000000000000e+03,2.023328566734008960e-01
5.032000000000000000e+03,2.068775181965001320e-01
5.034000000000000000e+03,1.974228909881611815e-01
5.036000000000000000e+03,1.902833516968270300e-01
5.038000000000000000e+03,1.890423909367723865e-01
5.040000000000000000e+03,1.897212609875020273e-01
5.042000000000000000e+03,1.949810857913626960e-01
5.044000000000000000e+03,1.948504559485234322e-01
5.046000000000000000e+03,1.947176429694848498e-01
5.048000000000000000e+03,1.959356157223120232e-01
5.050000000000000000e+03,2.001694994260518889e-01
5.052000000000000000e+03,1.847276826518457760e-01
5.054000000000000000e+03,1.780004894738666799e-01
5.056000000000000000e+03,1.746306934121951426e-01
5.058000000000000000e+03,1.735705411214812921e-01
5.060000000000000000e+03,1.589453642870387040e-01
5.062000000000000000e+03,1.524008655962885705e-01
5.064000000000000000e+03,1.587730010508433820e-01
5.066000000000000000e+03,1.578418309875666281e-01
5.068000000000000000e+03,1.571995690303978344e-01
5.070000000000000000e+03,1.557286830941240208e-01
5.072000000000000000e+03,1.590321772619165963e-01
5.074000000000000000e+03,1.581451258538089100e-01
5.076000000000000000e+03,1.576408959649658603e-01
5.078000000000000000e+03,1.611548992057640073e-01
5.080000000000000000e+03,1.546359897651052029e-01
5.082000000000000000e+03,1.544088772572439761e-01
5.084000000000000000e+03,1.519888347840250009e-01
5.086000000000000000e+03,1.525321466230450118e-01
5.088000000000000000e+03,1.537355812152551016e-01
5.090000000000000000e+03,1.534567388492611983e-01
5.092000000000000000e+03,1.556479475188181638e-01
5.094000000000000000e+03,1.754416974676291097e-01
5.096000000000000000e+03,1.631487772290758365e-01
5.098000000000000000e+03,1.597458646308424213e-01
5.100000000000000000e+03,1.697613280339315689e-01
5.102000000000000000e+03,1.692632074779265028e-01
5.104000000000000000e+03,1.704280991018067015e-01
5.106000000000000000e+03,1.763093164319771977e-01
5.108000000000000000e+03,1.760551378399703715e-01
5.110000000000000000e+03,1.678594600310436835e-01
5.112000000000000000e+03,1.691997160264426536e-01
5.114000000000000000e+03,1.707350645637790154e-01
5.116000000000000000e+03,1.640126688953950085e-01
5.118000000000000000e+03,1.650153911071266521e-01
5.120000000000000000e+03,1.637409639135757045e-01
5.122000000000000000e+03,1.628382007828854949e-01
5.124000000000000000e+03,1.628686829448256490e-01
5.126000000000000000e+03,1.648428188051594689e-01
5.128000000000000000e+03,1.715552667486444083e-01
5.130000000000000000e+03,1.688517030344800773e-01
5.132000000000000000e+03,1.683256867754558406e-01
5.134000000000000000e+03,1.695189718922149313e-01
5.136000000000000000e+03,1.712193979511739128e-01
5.138000000000000000e+03,1.716306285561259859e-01
5.140000000000000000e+03,1.757051455246856353e-01
5.142000000000000000e+03,1.749383842426742164e-01
5.144000000000000000e+03,1.751244287692471646e-01
5.146000000000000000e+03,1.739017933449008013e-01
5.148000000000000000e+03,1.684477027909936919e-01
5.150000000000000000e+03,1.664955071453296243e-01
5.152000000000000000e+03,1.662882055834485617e-01
5.154000000000000000e+03,1.737105569243334868e-01
5.156000000000000000e+03,1.737531088988901740e-01
5.158000000000000000e+03,1.737417918635459357e-01
5.160000000000000000e+03,1.750423119226396096e-01
5.162000000000000000e+03,1.768190541930322324e-01
5.164000000000000000e+03,1.833376626732249881e-01
5.166000000000000000e+03,1.829808689336130945e-01
5.168000000000000000e+03,1.845644218615816734e-01
5.170000000000000000e+03,1.808677274514016720e-01
5.172000000000000000e+03,1.880071578170732227e-01
5.174000000000000000e+03,1.906852387194026555e-01
5.176000000000000000e+03,1.893816022579773439e-01
5.178000000000000000e+03,1.915809263221157632e-01
5.180000000000000000e+03,1.964418489127757184e-01
5.182000000000000000e+03,1.895229002869782131e-01
5.184000000000000000e+03,1.902914063967779679e-01
5.186000000000000000e+03,1.903096604213684595e-01
5.188000000000000000e+03,1.624433233981244229e-01
5.190000000000000000e+03,1.601073149323984368e-01
5.192000000000000000e+03,1.639383596425595946e-01
5.194000000000000000e+03,1.716503431856626904e-01
5.196000000000000000e+03,1.751816591434502968e-01
5.198000000000000000e+03,1.727898308115543013e-01
5.200000000000000000e+03,1.638553929939805531e-01
5.202000000000000000e+03,1.640921640849256069e-01
5.204000000000000000e+03,1.709299176014810184e-01
5.206000000000000000e+03,1.641656753275864411e-01
5.208000000000000000e+03,1.624112291474875680e-01
5.210000000000000000e+03,1.487328760305150210e-01
5.212000000000000000e+03,1.670881723349758319e-01
5.214000000000000000e+03,1.642201838438198946e-01
5.216000000000000000e+03,1.640508440559658165e-01
5.218000000000000000e+03,1.736879817072770060e-01
5.220000000000000000e+03,1.702573385379760051e-01
5.222000000000000000e+03,1.635839471091647956e-01
5.224000000000000000e+03,1.773984507315575498e-01
5.226000000000000000e+03,1.776385052174201118e-01
5.228000000000000000e+03,1.731765208663192113e-01
5.230000000000000000e+03,1.749665078959042608e-01
5.232000000000000000e+03,1.752543693634950051e-01
5.234000000000000000e+03,1.585365819072928617e-01
5.236000000000000000e+03,1.674782038075569857e-01
5.238000000000000000e+03,1.773213084487280933e-01
5.240000000000000000e+03,1.754915092400810839e-01
5.242000000000000000e+03,1.770640702852418480e-01
5.244000000000000000e+03,1.793621242986979669e-01
5.246000000000000000e+03,1.909337113154685739e-01
5.248000000000000000e+03,1.962678418315701723e-01
5.250000000000000000e+03,1.965496804642571649e-01
5.252000000000000000e+03,1.943377177504443665e-01
5.254000000000000000e+03,1.961477782988332585e-01
5.256000000000000000e+03,1.975354885796352100e-01
5.258000000000000000e+03,2.014276838542051196e-01
5.260000000000000000e+03,2.059970863561167431e-01
5.262000000000000000e+03,2.042602711272050731e-01
5.264000000000000000e+03,2.004912685212931756e-01
5.266000000000000000e+03,1.996045946635687796e-01
5.268000000000000000e+03,1.975087789062021648e-01
5.270000000000000000e+03,2.020311977357553690e-01
5.272000000000000000e+03,1.948220525300041750e-01
5.274000000000000000e+03,1.831208672516190239e-01
5.276000000000000000e+03,1.826771080518916346e-01
5.278000000000000000e+03,1.713891165635589020e-01
5.280000000000000000e+03,1.615117284464955005e-01
5.282000000000000000e+03,1.612038805433075317e-01
5.284000000000000000e+03,1.602424753943292868e-01
5.286000000000000000e+03,1.602334920056556755e-01
5.288000000000000000e+03,1.599681681901667651e-01
5.290000000000000000e+03,1.664985292314058452e-01
5.292000000000000000e+03,1.653776643495973031e-01
5.294000000000000000e+03,1.651332297842122987e-01
5.296000000000000000e+03,1.756850253387116645e-01
5.298000000000000000e+03,1.773649409526888432e-01
5.300000000000000000e+03,1.764489920420087565e-01
5.302000000000000000e+03,1.800126021617700356e-01
5.304000000000000000e+03,1.771506286419250731e-01
5.306000000000000000e+03,1.775520968359326768e-01
5.308000000000000000e+03,1.715158391904546831e-01
5.310000000000000000e+03,1.779169157507244636e-01
5.312000000000000000e+03,1.688160045602525305e-01
5.314000000000000000e+03,1.714091115795958742e-01
5.316000000000000000e+03,1.690320376859345830e-01
5.318000000000000000e+03,1.677035105880107235e-01
5.320000000000000000e+03,1.693549612150777872e-01
5.322000000000000000e+03,1.655648461197599675e-01
5.324000000000000000e+03,1.681601284986130873e-01
5.326000000000000000e+03,1.457423182252418348e-01
5.328000000000000000e+03,1.502662750531670588e-01
5.330000000000000000e+03,1.547901192012170746e-01
5.332000000000000000e+03,1.517757445736092337e-01
5.334000000000000000e+03,1.611027098503498567e-01
5.336000000000000000e+03,1.613024408864309756e-01
5.338000000000000000e+03,1.632795892347415900e-01
5.340000000000000000e+03,1.642169294544822411e-01
5.342000000000000000e+03,1.656968480016029477e-01
5.344000000000000000e+03,1.618860977778700250e-01
5.346000000000000000e+03,1.434661453573540246e-01
5.348000000000000000e+03,1.470769762698891092e-01
5.350000000000000000e+03,1.478275235684449185e-01
5.352000000000000000e+03,1.458200549789157585e-01
5.354000000000000000e+03,1.458558661342503338e-01
5.356000000000000000e+03,1.369245400436103488e-01
5.358000000000000000e+03,1.357364011121239555e-01
5.360000000000000000e+03,1.348109520860324984e-01
5.362000000000000000e+03,1.422714367073759922e-01
5.364000000000000000e+03,1.469390695882589748e-01
5.366000000000000000e+03,1.426324881987900139e-01
5.368000000000000000e+03,1.439520457476444748e-01
5.370000000000000000e+03,1.419586571071147496e-01
5.372000000000000000e+03,1.484893372184789007e-01
5.374000000000000000e+03,1.572001568485169865e-01
5.376000000000000000e+03,1.567433261461949334e-01
5.378000000000000000e+03,1.607175629423407415e-01
5.380000000000000000e+03,1.665431522085517868e-01
5.382000000000000000e+03,1.651551201932324464e-01
5.384000000000000000e+03,1.662784319413810330e-01
5.386000000000000000e+03,1.651922754466554899e-01
5.388000000000000000e+03,1.672761922395865075e-01
5.390000000000000000e+03,1.709398126883839020e-01
5.392000000000000000e+03,1.755227419051982318e-01
5.394000000000000000e+03,1.781769956662009324e-01
5.396000000000000000e+03,1.780593293741194183e-01
5.398000000000000000e+03,1.796874919150268923e-01
5.400000000000000000e+03,1.806057395587406522e-01
5.402000000000000000e+03,1.795524089879461660e-01
5.404000000000000000e+03,1.792648989271782289e-01
5.406000000000000000e+03,1.790824094370796482e-01
5.408000000000000000e+03,1.758220377468295292e-01
5.410000000000000000e+03,1.842932421183957059e-01
5.412000000000000000e+03,1.842718065794834159e-01
5.414000000000000000e+03,1.919540083813335019e-01
5.416000000000000000e+03,1.871793690677100719e-01
5.418000000000000000e+03,1.842883564540619412e-01
5.420000000000000000e+03,2.025365277995563318e-01
5.422000000000000000e+03,2.057718416885516155e-01
5.424000000000000000e+03,2.018398897424718841e-01
5.426000000000000000e+03,2.012798305498311735e-01
5.428000000000000000e+03,2.008368915307653102e-01
5.430000000000000000e+03,2.054734721851785295e-01
5.432000000000000000e+03,1.995737342538509151e-01
5.434000000000000000e+03,1.821084307623905274e-01
5.436000000000000000e+03,1.709835797529873358e-01
5.438000000000000000e+03,1.668846407590386383e-01
5.440000000000000000e+03,1.710781680298804341e-01
5.442000000000000000e+03,1.683861001478025310e-01
5.444000000000000000e+03,1.613640569296655725e-01
5.446000000000000000e+03,1.609519240312229926e-01
5.448000000000000000e+03,1.642011076774538558e-01
5.450000000000000000e+03,1.667851048949599846e-01
5.452000000000000000e+03,1.679921363409208890e-01
5.454000000000000000e+03,1.710218806728766583e-01
5.456000000000000000e+03,1.672022746468266041e-01
5.458000000000000000e+03,1.671956920121065449e-01
5.460000000000000000e+03,1.808244129000672606e-01
5.462000000000000000e+03,1.817892096021422599e-01
5.464000000000000000e+03,1.817100219259598914e-01
5.466000000000000000e+03,1.926089530619528589e-01
5.468000000000000000e+03,1.903817173269320151e-01
5.470000000000000000e+03,2.002604045610020256e-01
5.472000000000000000e+03,2.005205281570153486e-01
5.474000000000000000e+03,1.987006913151412035e-01
5.476000000000000000e+03,1.972922635763367238e-01
5.478000000000000000e+03,1.966433726917206914e-01
5.480000000000000000e+03,1.957143282514143823e-01
5.482000000000000000e+03,1.943362087074143041e-01
5.484000000000000000e+03,1.993798196400013711e-01
5.486000000000000000e+03,2.106161001681064737e-01
5.488000000000000000e+03,2.121691352301939559e-01
5.490000000000000000e+03,2.121180776488995612e-01
5.492000000000000000e+03,2.117352026931774156e-01
5.494000000000000000e+03,2.107628406838936708e-01
5.496000000000000000e+03,2.172167107515888540e-01
5.498000000000000000e+03,2.258967990647535173e-01
5.500000000000000000e+03,2.149583531903146438e-01
5.502000000000000000e+03,2.256777313787025341e-01
5.504000000000000000e+03,2.262567274646195281e-01
5.506000000000000000e+03,2.244563929081833387e-01
5.508000000000000000e+03,2.129356027526091988e-01
5.510000000000000000e+03,2.108592025799939096e-01
5.512000000000000000e+03,2.056115649666234724e-01
5.514000000000000000e+03,1.990586306479221745e-01
5.516000000000000000e+03,1.934070264411827944e-01
5.518000000000000000e+03,1.927821548279697872e-01
5.520000000000000000e+03,1.959022260183584385e-01
5.522000000000000000e+03,1.946808608663914142e-01
5.524000000000000000e+03,1.804645372457883701e-01
5.526000000000000000e+03,1.804645372457883701e-01
5.528000000000000000e+03,1.789335394303660232e-01
5.530000000000000000e+03,1.777304798891762017e-01
5.532000000000000000e+03,1.763726182481542559e-01
5.534000000000000000e+03,1.805981927103101625e-01
5.536000000000000000e+03,1.921889289846485382e-01
5.538000000000000000e+03,1.917777993310361695e-01
5.540000000000000000e+03,1.932243203568844991e-01
5.542000000000000000e+03,1.949351161827305445e-01
5.544000000000000000e+03,1.870187685177354953e-01
5.546000000000000000e+03,1.847299048318842285e-01
5.548000000000000000e+03,1.762619426447409876e-01
5.550000000000000000e+03,1.766966329114062206e-01
5.552000000000000000e+03,1.741101675007925009e-01
5.554000000000000000e+03,1.747465121473453786e-01
5.556000000000000000e+03,1.764535740249210116e-01
5.558000000000000000e+03,1.703754734278699334e-01
5.560000000000000000e+03,1.808159861232899179e-01
5.562000000000000000e+03,1.797865813814199243e-01
5.564000000000000000e+03,1.758750893990945474e-01
5.566000000000000000e+03,1.782380205027593589e-01
5.568000000000000000e+03,1.851317649793965125e-01
5.570000000000000000e+03,1.965737263125615086e-01
5.572000000000000000e+03,1.990767592703510669e-01
5.574000000000000000e+03,1.991228950970004574e-01
5.576000000000000000e+03,1.988827639961102678e-01
5.578000000000000000e+03,1.943214283615779803e-01
5.580000000000000000e+03,1.943214283615779803e-01
5.582000000000000000e+03,1.849525484053760604e-01
5.584000000000000000e+03,1.830867829822982740e-01
5.586000000000000000e+03,1.849180462901333366e-01
5.588000000000000000e+03,1.875078817333484249e-01
5.590000000000000000e+03,1.876130798650449960e-01
5.592000000000000000e+03,1.854360093286635258e-01
5.594000000000000000e+03,1.701008724410797146e-01
5.596000000000000000e+03,1.812777501688984383e-01
5.598000000000000000e+03,1.779126211721050455e-01
5.600000000000000000e+03,1.787125597962681001e-01
5.602000000000000000e+03,1.730918993020020002e-01
5.604000000000000000e+03,1.683975473415070812e-01
5.606000000000000000e+03,1.574373751775844654e-01
5.608000000000000000e+03,1.584630860202364544e-01
5.610000000000000000e+03,1.586200040971675329e-01
5.612000000000000000e+03,1.789694392349962804e-01
5.614000000000000000e+03,1.819805661306916067e-01
5.616000000000000000e+03,1.798623617456621693e-01
5.618000000000000000e+03,1.804737043664653429e-01
5.620000000000000000e+03,1.736307686213737767e-01
5.622000000000000000e+03,1.672546198944333540e-01
5.624000000000000000e+03,1.723545423720070635e-01
5.626000000000000000e+03,1.708107588661079423e-01
5.628000000000000000e+03,1.662458560249558126e-01
5.630000000000000000e+03,1.709971120348829643e-01
5.632000000000000000e+03,1.703945633467128795e-01
5.634000000000000000e+03,1.671685158926878578e-01
5.636000000000000000e+03,1.676608467283160209e-01
5.638000000000000000e+03,1.679566249158295221e-01
5.640000000000000000e+03,1.674252160767405739e-01
5.642000000000000000e+03,1.651179686548418790e-01
5.644000000000000000e+03,1.658988056276359813e-01
5.646000000000000000e+03,1.619403482459911836e-01
5.648000000000000000e+03,1.604747187801207065e-01
5.650000000000000000e+03,1.636617365458088169e-01
5.652000000000000000e+03,1.652451568581782548e-01
5.654000000000000000e+03,1.669623566704782069e-01
5.656000000000000000e+03,1.675532238931832507e-01
5.658000000000000000e+03,1.668165260601106592e-01
5.660000000000000000e+03,1.672320534605360176e-01
5.662000000000000000e+03,1.695538489689318029e-01
5.664000000000000000e+03,1.646116792439169529e-01
5.666000000000000000e+03,1.613259990679652145e-01
5.668000000000000000e+03,1.623664372442550075e-01
5.670000000000000000e+03,1.469484983975675452e-01
5.672000000000000000e+03,1.681360013634813078e-01
5.674000000000000000e+03,1.710451932069844139e-01
5.676000000000000000e+03,1.715125331379704354e-01
5.678000000000000000e+03,1.672509770906156767e-01
5.680000000000000000e+03,1.614361065554209551e-01
5.682000000000000000e+03,1.614977695739018837e-01
5.684000000000000000e+03,1.732419220496682899e-01
5.686000000000000000e+03,1.765789121227195890e-01
5.688000000000000000e+03,1.818222947808401657e-01
5.690000000000000000e+03,1.791209691579497554e-01
5.692000000000000000e+03,1.792841178685828096e-01
5.694000000000000000e+03,1.970810585421748085e-01
5.696000000000000000e+03,1.967075997437780221e-01
5.698000000000000000e+03,1.971233208541110504e-01
5.700000000000000000e+03,1.973335020172964360e-01
5.702000000000000000e+03,1.980689183621436589e-01
5.704000000000000000e+03,1.809748622099790760e-01
5.706000000000000000e+03,1.817069765897451339e-01
5.708000000000000000e+03,1.744473211978778970e-01
5.710000000000000000e+03,1.729273624655057739e-01
5.712000000000000000e+03,1.812163078318655973e-01
5.714000000000000000e+03,1.797142212210673939e-01
5.716000000000000000e+03,1.786000078951339165e-01
5.718000000000000000e+03,1.793630547733820191e-01
5.720000000000000000e+03,1.623546367169345084e-01
5.722000000000000000e+03,1.420840052064459569e-01
5.724000000000000000e+03,1.447555857992685047e-01
5.726000000000000000e+03,1.456518831429398364e-01
5.728000000000000000e+03,1.398269386560974659e-01
5.730000000000000000e+03,1.396627348213268505e-01
5.732000000000000000e+03,1.388935629205045874e-01
5.734000000000000000e+03,1.508636502408316205e-01
5.736000000000000000e+03,1.615381344786234463e-01
5.738000000000000000e+03,1.541625415574707225e-01
5.740000000000000000e+03,1.610135315212557761e-01
5.742000000000000000e+03,1.582334056267473976e-01
5.744000000000000000e+03,1.471126166377787203e-01
5.746000000000000000e+03,1.474813700518041448e-01
5.748000000000000000e+03,1.511965116722246982e-01
5.750000000000000000e+03,1.494972535024034210e-01
5.752000000000000000e+03,1.566664389315398642e-01
5.754000000000000000e+03,1.556258830312371999e-01
5.756000000000000000e+03,1.539974872941470840e-01
5.758000000000000000e+03,1.553218629747981083e-01
5.760000000000000000e+03,1.506371899599839581e-01
5.762000000000000000e+03,1.579349843362392591e-01
5.764000000000000000e+03,1.581136419196836340e-01
5.766000000000000000e+03,1.569616275077629630e-01
5.768000000000000000e+03,1.531551377664242264e-01
5.770000000000000000e+03,1.553515862026422778e-01
5.772000000000000000e+03,1.570165312383991485e-01
5.774000000000000000e+03,1.577103947455148758e-01
5.776000000000000000e+03,1.488896274848253432e-01
5.778000000000000000e+03,1.484284660507033948e-01
5.780000000000000000e+03,1.483753854804575889e-01
5.782000000000000000e+03,1.390444759674358266e-01
5.784000000000000000e+03,1.391799305071307891e-01
5.786000000000000000e+03,1.476591026562192321e-01
5.788000000000000000e+03,1.486291163253903036e-01
5.790000000000000000e+03,1.413956794443382015e-01
5.792000000000000000e+03,1.378464045620768630e-01
5.794000000000000000e+03,1.438011463735993922e-01
5.796000000000000000e+03,1.450918680319021603e-01
5.798000000000000000e+03,1.464201740711200683e-01
5.800000000000000000e+03,1.431984814872630241e-01
5.802000000000000000e+03,1.425782693289999736e-01
5.804000000000000000e+03,1.393102058453359327e-01
5.806000000000000000e+03,1.382708464017180505e-01
5.808000000000000000e+03,1.397439357562781370e-01
5.810000000000000000e+03,1.350976315429937569e-01
5.812000000000000000e+03,1.346578729647937567e-01
5.814000000000000000e+03,1.397562383958593502e-01
5.816000000000000000e+03,1.391724974823543848e-01
5.818000000000000000e+03,1.388025720255885165e-01
5.820000000000000000e+03,1.401754654252573007e-01
5.822000000000000000e+03,1.406634146033436117e-01
5.824000000000000000e+03,1.427574528559667766e-01
5.826000000000000000e+03,1.419334213476379503e-01
5.828000000000000000e+03,1.392280045594836702e-01
5.830000000000000000e+03,1.330651855433925834e-01
5.832000000000000000e+03,1.333942978083045017e-01
5.834000000000000000e+03,1.306979621853178175e-01
5.836000000000000000e+03,1.310523804615188748e-01
5.838000000000000000e+03,1.319550292846204398e-01
5.840000000000000000e+03,1.298052159477711687e-01
5.842000000000000000e+03,1.146163042609574800e-01
5.844000000000000000e+03,1.149380822122917922e-01
5.846000000000000000e+03,1.144165200253457609e-01
5.848000000000000000e+03,9.888768078470079603e-02
5.850000000000000000e+03,9.892459410078306703e-02
5.852000000000000000e+03,1.064524071662595883e-01
5.854000000000000000e+03,1.064309333834605742e-01
5.856000000000000000e+03,1.092598629450373393e-01
5.858000000000000000e+03,1.238021008282464974e-01
5.860000000000000000e+03,1.181310622070089050e-01
5.862000000000000000e+03,1.167687927637825474e-01
5.864000000000000000e+03,1.177161550336613544e-01
5.866000000000000000e+03,1.201461897113447336e-01
5.868000000000000000e+03,1.170658567909623471e-01
5.870000000000000000e+03,1.242945654352650559e-01
5.872000000000000000e+03,1.328827265541157876e-01
5.874000000000000000e+03,1.325930518689622528e-01
5.876000000000000000e+03,1.410063573253954594e-01
5.878000000000000000e+03,1.483832607214211063e-01
5.880000000000000000e+03,1.494714892801339290e-01
5.882000000000000000e+03,1.575180223620814002e-01
5.884000000000000000e+03,1.436861350526641712e-01
5.886000000000000000e+03,1.438720516386098602e-01
5.888000000000000000e+03,1.335817140296678973e-01
5.890000000000000000e+03,1.335349395500073921e-01
5.892000000000000000e+03,1.402391976250147720e-01
5.894000000000000000e+03,1.379366443768771933e-01
5.896000000000000000e+03,1.387344812094646052e-01
5.898000000000000000e+03,1.397122609645375935e-01
5.900000000000000000e+03,1.378956822401685989e-01
5.902000000000000000e+03,1.327537613207973310e-01
5.904000000000000000e+03,1.392185990833386677e-01
5.906000000000000000e+03,1.419852832714613433e-01
5.908000000000000000e+03,1.416740904378115673e-01
5.910000000000000000e+03,1.508618422216236876e-01
5.912000000000000000e+03,1.637029058440978013e-01
5.914000000000000000e+03,1.655356098151033739e-01
5.916000000000000000e+03,1.676059406635508620e-01
5.918000000000000000e+03,1.672636101172504386e-01
5.920000000000000000e+03,1.665198409432037951e-01
5.922000000000000000e+03,1.628453578361706289e-01
5.924000000000000000e+03,1.630708346115367080e-01
5.926000000000000000e+03,1.648878683368727727e-01
5.928000000000000000e+03,1.650974805178562765e-01
5.930000000000000000e+03,1.669600323507939577e-01
5.932000000000000000e+03,1.670059090496651688e-01
5.934000000000000000e+03,1.599276389694327394e-01
5.936000000000000000e+03,1.785735121321999352e-01
5.938000000000000000e+03,1.783202180948950666e-01
5.940000000000000000e+03,1.784346643826258405e-01
5.942000000000000000e+03,1.787319850574639601e-01
5.944000000000000000e+03,1.789915315423068753e-01
5.946000000000000000e+03,1.759756879222498793e-01
5.948000000000000000e+03,1.761566717522214109e-01
5.950000000000000000e+03,1.760589191402325282e-01
5.952000000000000000e+03,1.612619395900326269e-01
5.954000000000000000e+03,1.630488081470288786e-01
5.956000000000000000e+03,1.630369809813222437e-01
5.958000000000000000e+03,1.574652004759471424e-01
5.960000000000000000e+03,1.530577210105811270e-01
5.962000000000000000e+03,1.517214877545406682e-01
5.964000000000000000e+03,1.461826947889393324e-01
5.966000000000000000e+03,1.433453953312980034e-01
5.968000000000000000e+03,1.448843535266237936e-01
5.970000000000000000e+03,1.412306454250718823e-01
5.972000000000000000e+03,1.464628787982008296e-01
5.974000000000000000e+03,1.489359042809343670e-01
5.976000000000000000e+03,1.507690946657670727e-01
5.978000000000000000e+03,1.485115489150157786e-01
5.980000000000000000e+03,1.584169892840963934e-01
5.982000000000000000e+03,1.607487993630953849e-01
5.984000000000000000e+03,1.610509280921096631e-01
5.986000000000000000e+03,1.620067570465432150e-01
5.988000000000000000e+03,1.574761180325032484e-01
5.990000000000000000e+03,1.583567597209790956e-01
5.992000000000000000e+03,1.544869269198219652e-01
5.994000000000000000e+03,1.557286731980357664e-01
5.996000000000000000e+03,1.552317168145453952e-01
5.998000000000000000e+03,1.554658545785565504e-01
6.000000000000000000e+03,1.518155860932144663e-01
6.002000000000000000e+03,1.496674184153201081e-01
6.004000000000000000e+03,1.505117159289776907e-01
6.006000000000000000e+03,1.536735173714462999e-01
6.008000000000000000e+03,1.571044998509152357e-01
6.010000000000000000e+03,1.566020618075750770e-01
6.012000000000000000e+03,1.537443549361163231e-01
6.014000000000000000e+03,1.467885277506170982e-01
6.016000000000000000e+03,1.481337221872705556e-01
6.018000000000000000e+03,1.474965320214379760e-01
6.020000000000000000e+03,1.471260490191303727e-01
6.022000000000000000e+03,1.468795941352050716e-01
6.024000000000000000e+03,1.428705248831936281e-01
6.026000000000000000e+03,1.437445829867497471e-01
6.028000000000000000e+03,1.453043286063954165e-01
6.030000000000000000e+03,1.472950137173771323e-01
6.032000000000000000e+03,1.467126863472108800e-01
6.034000000000000000e+03,1.416870634020946929e-01
6.036000000000000000e+03,1.517443898741979713e-01
6.038000000000000000e+03,1.504626895382639717e-01
6.040000000000000000e+03,1.493666834431891244e-01
6.042000000000000000e+03,1.493023281532572799e-01
6.044000000000000000e+03,1.374321983373466283e-01
6.046000000000000000e+03,1.524007781820603535e-01
6.048000000000000000e+03,1.522242381308662740e-01
6.050000000000000000e+03,1.574053757308020718e-01
6.052000000000000000e+03,1.562245020592849531e-01
6.054000000000000000e+03,1.614475772153277922e-01
6.056000000000000000e+03,1.667780730637566933e-01
6.058000000000000000e+03,1.670785935209900819e-01
6.060000000000000000e+03,1.675371855640357954e-01
6.062000000000000000e+03,1.644602030543701465e-01
6.064000000000000000e+03,1.646773353093154701e-01
6.066000000000000000e+03,1.702016037117329295e-01
6.068000000000000000e+03,1.697765395121842991e-01
6.070000000000000000e+03,1.696170708295270113e-01
6.072000000000000000e+03,1.698753308775552140e-01
6.074000000000000000e+03,1.767490388646645871e-01
6.076000000000000000e+03,1.811346502014369864e-01
6.078000000000000000e+03,1.806563803488397957e-01
6.080000000000000000e+03,1.744317587252126323e-01
6.082000000000000000e+03,1.769188450920902156e-01
6.084000000000000000e+03,1.780426732932242351e-01
6.086000000000000000e+03,1.806520651015921519e-01
6.088000000000000000e+03,1.829213910025188350e-01
6.090000000000000000e+03,1.790524390419959977e-01
6.092000000000000000e+03,1.680247236949530265e-01
6.094000000000000000e+03,1.669532569874395411e-01
6.096000000000000000e+03,1.564538545908163714e-01
6.098000000000000000e+03,1.551342817604619007e-01
6.100000000000000000e+03,1.557441629096910085e-01
6.102000000000000000e+03,1.541388085243778072e-01
6.104000000000000000e+03,1.547112763034301508e-01
6.106000000000000000e+03,1.548840925912303434e-01
6.108000000000000000e+03,1.652039924652162484e-01
6.110000000000000000e+03,1.569247157302353646e-01
6.112000000000000000e+03,1.572926203241856447e-01
6.114000000000000000e+03,1.569859296292663020e-01
6.116000000000000000e+03,1.571912220657788739e-01
6.118000000000000000e+03,1.557090511796119237e-01
6.120000000000000000e+03,1.587937650332079675e-01
6.122000000000000000e+03,1.543569317030636101e-01
6.124000000000000000e+03,1.541435706849843268e-01
6.126000000000000000e+03,1.553988845178243816e-01
6.128000000000000000e+03,1.558455064414187297e-01
6.130000000000000000e+03,1.525379714398614195e-01
6.132000000000000000e+03,1.522451937634253794e-01
6.134000000000000000e+03,1.497603298888775802e-01
6.136000000000000000e+03,1.462830425444356652e-01
6.138000000000000000e+03,1.452050663783418794e-01
6.140000000000000000e+03,1.381104262431408769e-01
6.142000000000000000e+03,1.396793447054162363e-01
6.144000000000000000e+03,1.406168896326928375e-01
6.146000000000000000e+03,1.400198818601429696e-01
6.148000000000000000e+03,1.391748286880417629e-01
6.150000000000000000e+03,1.392348647647801141e-01
6.152000000000000000e+03,1.418472112259170081e-01
6.154000000000000000e+03,1.430630632931907120e-01
6.156000000000000000e+03,1.423795071401070256e-01
6.158000000000000000e+03,1.373749853985514746e-01
6.160000000000000000e+03,1.394313693679420652e-01
6.162000000000000000e+03,1.408605972625726066e-01
6.164000000000000000e+03,1.432909483894243274e-01
6.166000000000000000e+03,1.412539413559311952e-01
6.168000000000000000e+03,1.371834531778021171e-01
6.170000000000000000e+03,1.395281825952775778e-01
6.172000000000000000e+03,1.387065466980074435e-01
6.174000000000000000e+03,1.419808576719624182e-01
6.176000000000000000e+03,1.373546281564938243e-01
6.178000000000000000e+03,1.394225321654356253e-01
6.180000000000000000e+03,1.404368212726639087e-01
6.182000000000000000e+03,1.445197097128228803e-01
6.184000000000000000e+03,1.413469016862420602e-01
6.186000000000000000e+03,1.399827770814887073e-01
6.188000000000000000e+03,1.405272375572046983e-01
6.190000000000000000e+03,1.402380533195601575e-01
6.192000000000000000e+03,1.405203941255925570e-01
6.194000000000000000e+03,1.416095918649052376e-01
6.196000000000000000e+03,1.412169738269168640e-01
6.198000000000000000e+03,1.405182856630184385e-01
6.200000000000000000e+03,1.414881759006998974e-01
6.202000000000000000e+03,1.485487444360893972e-01
6.204000000000000000e+03,1.443873495547529640e-01
6.206000000000000000e+03,1.440602287200167531e-01
6.208000000000000000e+03,1.448511913341256341e-01
6.210000000000000000e+03,1.351358098961483734e-01
6.212000000000000000e+03,1.489134390240766381e-01
6.214000000000000000e+03,1.313884901317904919e-01
6.216000000000000000e+03,1.323161657224693477e-01
6.218000000000000000e+03,1.350474914072410104e-01
6.220000000000000000e+03,1.415330222228198820e-01
6.222000000000000000e+03,1.379378440655565641e-01
6.224000000000000000e+03,1.345718471035402541e-01
6.226000000000000000e+03,1.349511419602352491e-01
6.228000000000000000e+03,1.393245069661687152e-01
6.230000000000000000e+03,1.384053235237846791e-01
6.232000000000000000e+03,1.390251635031156396e-01
6.234000000000000000e+03,1.440170845863916749e-01
6.236000000000000000e+03,1.418556209281949254e-01
6.238000000000000000e+03,1.366678723342373003e-01
6.240000000000000000e+03,1.374447564241063624e-01
6.242000000000000000e+03,1.408048408992775002e-01
6.244000000000000000e+03,1.404109043932532108e-01
6.246000000000000000e+03,1.431979397094035600e-01
6.248000000000000000e+03,1.450182456576604995e-01
6.250000000000000000e+03,1.432561891189484127e-01
6.252000000000000000e+03,1.396834062808047783e-01
6.254000000000000000e+03,1.385179991624303220e-01
6.256000000000000000e+03,1.312825124210614813e-01
6.258000000000000000e+03,1.173649549168710310e-01
6.260000000000000000e+03,1.212471869745937597e-01
6.262000000000000000e+03,1.369961934195442488e-01
6.264000000000000000e+03,1.445553798040158100e-01
6.266000000000000000e+03,1.455378080561346987e-01
6.268000000000000000e+03,1.470057897872278363e-01
6.270000000000000000e+03,1.387034399873376678e-01
6.272000000000000000e+03,1.374718978800316960e-01
6.274000000000000000e+03,1.375527762265736087e-01
6.276000000000000000e+03,1.456036929751382270e-01
6.278000000000000000e+03,1.459343661827582905e-01
6.280000000000000000e+03,1.454724698792274895e-01
6.282000000000000000e+03,1.391217590051658515e-01
6.284000000000000000e+03,1.331267607758580551e-01
6.286000000000000000e+03,1.331781650805996253e-01
6.288000000000000000e+03,1.348253393040830250e-01
6.290000000000000000e+03,1.382347904381756865e-01
6.292000000000000000e+03,1.382347904381756865e-01
6.294000000000000000e+03,1.375464662311223774e-01
6.296000000000000000e+03,1.372722714822220413e-01
6.298000000000000000e+03,1.388117859361699680e-01
6.300000000000000000e+03,1.451656767419345906e-01
6.302000000000000000e+03,1.381495182002682731e-01
6.304000000000000000e+03,1.374296567965462013e-01
6.306000000000000000e+03,1.406284731777006081e-01
6.308000000000000000e+03,1.402578840793633763e-01
6.310000000000000000e+03,1.399510933662851953e-01
6.312000000000000000e+03,1.405244578398183730e-01
6.314000000000000000e+03,1.351532602425704332e-01
6.316000000000000000e+03,1.348506647891434818e-01
6.318000000000000000e+03,1.323687652706820872e-01
6.320000000000000000e+03,1.322953273621373382e-01
6.322000000000000000e+03,1.311027883450931186e-01
6.324000000000000000e+03,1.370876976004017089e-01
6.326000000000000000e+03,1.368630587387918707e-01
6.328000000000000000e+03,1.364449443919256710e-01
6.330000000000000000e+03,1.355662541211580530e-01
6.332000000000000000e+03,1.503456860030636666e-01
6.334000000000000000e+03,1.502404989469899310e-01
6.336000000000000000e+03,1.496727240529370784e-01
6.338000000000000000e+03,1.507638977921675061e-01
6.340000000000000000e+03,1.502480805089181637e-01
6.342000000000000000e+03,1.506655224424940376e-01
6.344000000000000000e+03,1.541300466314454443e-01
6.346000000000000000e+03,1.489137336236757703e-01
6.348000000000000000e+03,1.419439447115213027e-01
6.350000000000000000e+03,1.498519947026867027e-01
6.352000000000000000e+03,1.497005779333606124e-01
6.354000000000000000e+03,1.504090940143531507e-01
6.356000000000000000e+03,1.504090940143531507e-01
6.358000000000000000e+03,1.451458973379213258e-01
6.360000000000000000e+03,1.456789222008281204e-01
6.362000000000000000e+03,1.476691851070526806e-01
6.364000000000000000e+03,1.425481534174078690e-01
6.366000000000000000e+03,1.374198842565829970e-01
6.368000000000000000e+03,1.432758745612637552e-01
6.370000000000000000e+03,1.429805755122539046e-01
6.372000000000000000e+03,1.423508412755236097e-01
6.374000000000000000e+03,1.422550398036933617e-01
6.376000000000000000e+03,1.446441669405990615e-01
6.378000000000000000e+03,1.463217026887812799e-01
6.380000000000000000e+03,1.467712926736486345e-01
6.382000000000000000e+03,1.438128444658487715e-01
6.384000000000000000e+03,1.450887615150722731e-01
6.386000000000000000e+03,1.435228934047409477e-01
6.388000000000000000e+03,1.423569442553894171e-01
6.390000000000000000e+03,1.421899116665699958e-01
6.392000000000000000e+03,1.413626367759294455e-01
6.394000000000000000e+03,1.408349852786802692e-01
6.396000000000000000e+03,1.408411079515147213e-01
6.398000000000000000e+03,1.394320591008890997e-01
6.400000000000000000e+03,1.434369030116501853e-01
6.402000000000000000e+03,1.353418678136573405e-01
6.404000000000000000e+03,1.459753636575160940e-01
6.406000000000000000e+03,1.452571909155638274e-01
6.408000000000000000e+03,1.459902039462776802e-01
6.410000000000000000e+03,1.446784832243434016e-01
6.412000000000000000e+03,1.442143777575205787e-01
6.414000000000000000e+03,1.414717497694002735e-01
6.416000000000000000e+03,1.507492617498056853e-01
6.418000000000000000e+03,1.524731516783502938e-01
6.420000000000000000e+03,1.435636672941279779e-01
6.422000000000000000e+03,1.435636672941279779e-01
6.424000000000000000e+03,1.362111209465633188e-01
6.426000000000000000e+03,1.382201857590842631e-01
6.428000000000000000e+03,1.331070602905772837e-01
6.430000000000000000e+03,1.349536633557054388e-01
6.432000000000000000e+03,1.328682262262866065e-01
6.434000000000000000e+03,1.304840825800086812e-01
6.436000000000000000e+03,1.312474593669809286e-01
6.438000000000000000e+03,1.325600359478720791e-01
6.440000000000000000e+03,1.348046782797303056e-01
6.442000000000000000e+03,1.363602357079186367e-01
6.444000000000000000e+03,1.443632691771487564e-01
6.446000000000000000e+03,1.452908653722496668e-01
6.448000000000000000e+03,1.450764060249924992e-01
6.450000000000000000e+03,1.452766483533126651e-01
6.452000000000000000e+03,1.390272932000371775e-01
6.454000000000000000e+03,1.416339686421484168e-01
6.456000000000000000e+03,1.368508215659855198e-01
6.458000000000000000e+03,1.345204467856815911e-01
6.460000000000000000e+03,1.340370162502499962e-01
6.462000000000000000e+03,1.317300003204928127e-01
6.464000000000000000e+03,1.285378037802826501e-01
6.466000000000000000e+03,1.274927931674078307e-01
6.468000000000000000e+03,1.275481553543240665e-01
6.470000000000000000e+03,1.313820592221849326e-01
6.472000000000000000e+03,1.321143620708355448e-01
6.474000000000000000e+03,1.318908164760100310e-01
6.476000000000000000e+03,1.305761173998495894e-01
6.478000000000000000e+03,1.291252062860782923e-01
6.480000000000000000e+03,1.373747546242480022e-01
6.482000000000000000e+03,1.381375759468709274e-01
6.484000000000000000e+03,1.336706523286633752e-01
6.486000000000000000e+03,1.329087907354882248e-01
6.488000000000000000e+03,1.334370081066406921e-01
6.490000000000000000e+03,1.317033916258279758e-01
6.492000000000000000e+03,1.358587496026086028e-01
6.494000000000000000e+03,1.362649370013196137e-01
6.496000000000000000e+03,1.353111133104022146e-01
6.498000000000000000e+03,1.356641428352262924e-01
6.500000000000000000e+03,1.238567814878820533e-01
6.502000000000000000e+03,1.238793649146074233e-01
6.504000000000000000e+03,1.246801265510592005e-01
6.506000000000000000e+03,1.309254173717954162e-01
6.508000000000000000e+03,1.307013389872266618e-01
6.510000000000000000e+03,1.273271645274856589e-01
6.512000000000000000e+03,1.273343943568501502e-01
6.514000000000000000e+03,1.296004140234779667e-01
6.516000000000000000e+03,1.276274084446459567e-01
6.518000000000000000e+03,1.439714938560251734e-01
6.520000000000000000e+03,1.430356159738037924e-01
6.522000000000000000e+03,1.418971784343402986e-01
6.524000000000000000e+03,1.390839969093018158e-01
6.526000000000000000e+03,1.386902306310662802e-01
6.528000000000000000e+03,1.397854933666547728e-01
6.530000000000000000e+03,1.403137166246729295e-01
6.532000000000000000e+03,1.410542999255831875e-01
6.534000000000000000e+03,1.382859368934637179e-01
6.536000000000000000e+03,1.354315415860312122e-01
6.538000000000000000e+03,1.355746835390225780e-01
6.540000000000000000e+03,1.354389826701983546e-01
6.542000000000000000e+03,1.284108069044665457e-01
6.544000000000000000e+03,1.353477768000806991e-01
6.546000000000000000e+03,1.353978937596018728e-01
6.548000000000000000e+03,1.360177143672174627e-01
6.550000000000000000e+03,1.336746033473241169e-01
6.552000000000000000e+03,1.139022823542869545e-01
6.554000000000000000e+03,1.109156746315218406e-01
6.556000000000000000e+03,1.110754574736872863e-01
6.558000000000000000e+03,1.088120641050495663e-01
6.560000000000000000e+03,1.199789834784747156e-01
6.562000000000000000e+03,1.323615774653361110e-01
6.564000000000000000e+03,1.320035650714997399e-01
6.566000000000000000e+03,1.236299639718847765e-01
6.568000000000000000e+03,1.240658615560480404e-01
6.570000000000000000e+03,1.241668496458424031e-01
6.572000000000000000e+03,1.240820721927122366e-01
6.574000000000000000e+03,1.238256124595410734e-01
6.576000000000000000e+03,1.341304363284675505e-01
6.578000000000000000e+03,1.502495588996435871e-01
6.580000000000000000e+03,1.518336600027799799e-01
6.582000000000000000e+03,1.518679707487539388e-01
6.584000000000000000e+03,1.529293643698006466e-01
6.586000000000000000e+03,1.550520153888922392e-01
6.588000000000000000e+03,1.539256628159246243e-01
6.590000000000000000e+03,1.534601415826008508e-01
6.592000000000000000e+03,1.529590693702078119e-01
6.594000000000000000e+03,1.591153527020622294e-01
6.596000000000000000e+03,1.526528819307306217e-01
6.598000000000000000e+03,1.450616495068735856e-01
6.600000000000000000e+03,1.478419299560227163e-01
6.602000000000000000e+03,1.464790284773518636e-01
6.604000000000000000e+03,1.465944983311449901e-01
6.606000000000000000e+03,1.469754548048598786e-01
6.608000000000000000e+03,1.474096445423553892e-01
6.610000000000000000e+03,1.485737725966180256e-01
6.612000000000000000e+03,1.527800328765107907e-01
6.614000000000000000e+03,1.524161091756111863e-01
6.616000000000000000e+03,1.618578758560360875e-01
6.618000000000000000e+03,1.518594184894884735e-01
6.620000000000000000e+03,1.547533835570292782e-01
6.622000000000000000e+03,1.633318156966407086e-01
6.624000000000000000e+03,1.615077639671517185e-01
6.626000000000000000e+03,1.558615513626341875e-01
6.628000000000000000e+03,1.634782322496421691e-01
6.630000000000000000e+03,1.600463425507233362e-01
6.632000000000000000e+03,1.599956559224799679e-01
6.634000000000000000e+03,1.600791940620303611e-01
6.636000000000000000e+03,1.606466813932116988e-01
6.638000000000000000e+03,1.616407109569381606e-01
6.640000000000000000e+03,1.616059272181634421e-01
6.642000000000000000e+03,1.595160917336736206e-01
6.644000000000000000e+03,1.511634081331328650e-01
6.646000000000000000e+03,1.522840936556001945e-01
6.648000000000000000e+03,1.515063391044864927e-01
6.650000000000000000e+03,1.364550203592395650e-01
6.652000000000000000e+03,1.413167106742052592e-01
6.654000000000000000e+03,1.399941741624684544e-01
6.656000000000000000e+03,1.396590289827708276e-01
6.658000000000000000e+03,1.464746676047362084e-01
6.660000000000000000e+03,1.464184364382747072e-01
6.662000000000000000e+03,1.484220665562004104e-01
6.664000000000000000e+03,1.470248460170542615e-01
6.666000000000000000e+03,1.470645140531584849e-01
6.668000000000000000e+03,1.477746915308520148e-01
6.670000000000000000e+03,1.525985844864345131e-01
6.672000000000000000e+03,1.521613653639248553e-01
6.674000000000000000e+03,1.571667419382551389e-01
6.676000000000000000e+03,1.592169711386874908e-01
6.678000000000000000e+03,1.597687962640736425e-01
6.680000000000000000e+03,1.560306313265844569e-01
6.682000000000000000e+03,1.555705759853190373e-01
6.684000000000000000e+03,1.551959904595179573e-01
6.686000000000000000e+03,1.474636658844496462e-01
6.688000000000000000e+03,1.491955479859889411e-01
6.690000000000000000e+03,1.465325392537420723e-01
6.692000000000000000e+03,1.498981063971741023e-01
6.694000000000000000e+03,1.477548658503659018e-01
6.696000000000000000e+03,1.477732904980715301e-01
6.698000000000000000e+03,1.492754682873219940e-01
6.700000000000000000e+03,1.484940761222702243e-01
6.702000000000000000e+03,1.481461778915386385e-01
6.704000000000000000e+03,1.487351769149591607e-01
6.706000000000000000e+03,1.475014969315963653e-01
6.708000000000000000e+03,1.474473886708176917e-01
6.710000000000000000e+03,1.485346296370358421e-01
6.712000000000000000e+03,1.461491776313212088e-01
6.714000000000000000e+03,1.437366563475601378e-01
6.716000000000000000e+03,1.438259161177794232e-01
6.718000000000000000e+03,1.427895310988246957e-01
6.720000000000000000e+03,1.409701747732730881e-01
6.722000000000000000e+03,1.445206416965639507e-01
6.724000000000000000e+03,1.441216489212016616e-01
6.726000000000000000e+03,1.443342842712750373e-01
6.728000000000000000e+03,1.451712805700488829e-01
6.730000000000000000e+03,1.418453974939616058e-01
6.732000000000000000e+03,1.440437306021183084e-01
6.734000000000000000e+03,1.483671254211600399e-01
6.736000000000000000e+03,1.495582129282647110e-01
6.738000000000000000e+03,1.435528042156985762e-01
6.740000000000000000e+03,1.457057788673888910e-01
6.742000000000000000e+03,1.469252751865613993e-01
6.744000000000000000e+03,1.445631555743058794e-01
6.746000000000000000e+03,1.445631555743058794e-01
6.748000000000000000e+03,1.434215933629250928e-01
6.750000000000000000e+03,1.504829427318135626e-01
6.752000000000000000e+03,1.472369140148360456e-01
6.754000000000000000e+03,1.465095356458314124e-01
6.756000000000000000e+03,1.453175756821392939e-01
6.758000000000000000e+03,1.452260485217663488e-01
6.760000000000000000e+03,1.511917052587801180e-01
6.762000000000000000e+03,1.511906960389734489e-01
6.764000000000000000e+03,1.519115381913728191e-01
6.766000000000000000e+03,1.520629699588612882e-01
6.768000000000000000e+03,1.508882620001588959e-01
6.770000000000000000e+03,1.541097716838717435e-01
6.772000000000000000e+03,1.556085952372166792e-01
6.774000000000000000e+03,1.628986320867336912e-01
6.776000000000000000e+03,1.474796752162900182e-01
6.778000000000000000e+03,1.480061656729413921e-01
6.780000000000000000e+03,1.473972082249710158e-01
6.782000000000000000e+03,1.480779579230960541e-01
6.784000000000000000e+03,1.474753494948559396e-01
6.786000000000000000e+03,1.466128890053937373e-01
6.788000000000000000e+03,1.468789499083024697e-01
6.790000000000000000e+03,1.477926689571167351e-01
6.792000000000000000e+03,1.553028022429212285e-01
6.794000000000000000e+03,1.561304294383761837e-01
6.796000000000000000e+03,1.579310034361337822e-01
6.798000000000000000e+03,1.578525992647805132e-01
6.800000000000000000e+03,1.572863262456986322e-01
6.802000000000000000e+03,1.565879233976321949e-01
6.804000000000000000e+03,1.626227559998865424e-01
6.806000000000000000e+03,1.630903444120500867e-01
6.808000000000000000e+03,1.632282963864212233e-01
6.810000000000000000e+03,1.433024582572424155e-01
6.812000000000000000e+03,1.478083103022443112e-01
6.814000000000000000e+03,1.468865894404813854e-01
6.816000000000000000e+03,1.466124552044821561e-01
6.818000000000000000e+03,1.440974049530633072e-01
6.820000000000000000e+03,1.386054980624353838e-01
6.822000000000000000e+03,1.363301474304436933e-01
6.824000000000000000e+03,1.354021735163529749e-01
6.826000000000000000e+03,1.355983602907833152e-01
6.828000000000000000e+03,1.370630790048200376e-01
6.830000000000000000e+03,1.584835490879191733e-01
6.832000000000000000e+03,1.585234225868676905e-01
6.834000000000000000e+03,1.514051474736234359e-01
6.836000000000000000e+03,1.379528947188405907e-01
6.838000000000000000e+03,1.362793355888402003e-01
6.840000000000000000e+03,1.490615684764448334e-01
6.842000000000000000e+03,1.486581977529133347e-01
6.844000000000000000e+03,1.486491707960604369e-01
6.846000000000000000e+03,1.480212919778799985e-01
6.848000000000000000e+03,1.484756974445179956e-01
6.850000000000000000e+03,1.413531000283293482e-01
6.852000000000000000e+03,1.404294159628637351e-01
6.854000000000000000e+03,1.324798389414589828e-01
6.856000000000000000e+03,1.378440781424410400e-01
6.858000000000000000e+03,1.396574541740552844e-01
6.860000000000000000e+03,1.387534381096191816e-01
6.862000000000000000e+03,1.381389317033742681e-01
6.864000000000000000e+03,1.375101686970383874e-01
6.866000000000000000e+03,1.381116231087702595e-01
6.868000000000000000e+03,1.356416293921162697e-01
6.870000000000000000e+03,1.297974098442440938e-01
6.872000000000000000e+03,1.261911590210895995e-01
6.874000000000000000e+03,1.318574558877341485e-01
6.876000000000000000e+03,1.304861120013055820e-01
6.878000000000000000e+03,1.310091781015075840e-01
6.880000000000000000e+03,1.305207618197693764e-01
6.882000000000000000e+03,1.308254464400767925e-01
6.884000000000000000e+03,1.274493143242589888e-01
6.886000000000000000e+03,1.256131049822310775e-01
6.888000000000000000e+03,1.300325941397992846e-01
6.890000000000000000e+03,1.275861413943210898e-01
6.892000000000000000e+03,1.322268335643233539e-01
6.894000000000000000e+03,1.284359038282122389e-01
6.896000000000000000e+03,1.277814204890924399e-01
6.898000000000000000e+03,1.319000756733396396e-01
6.900000000000000000e+03,1.326635754509082055e-01
6.902000000000000000e+03,1.333466078206911321e-01
6.904000000000000000e+03,1.379035342076056214e-01
6.906000000000000000e+03,1.447547599507370275e-01
6.908000000000000000e+03,1.429045067013584303e-01
6.910000000000000000e+03,1.443743751452045976e-01
6.912000000000000000e+03,1.364986183003163711e-01
6.914000000000000000e+03,1.317150092662069394e-01
6.916000000000000000e+03,1.353646342867257379e-01
6.918000000000000000e+03,1.440520101494648375e-01
6.920000000000000000e+03,1.329135908266512178e-01
6.922000000000000000e+03,1.274453058976064979e-01
6.924000000000000000e+03,1.283221103444555922e-01
6.926000000000000000e+03,1.288444263671246759e-01
6.928000000000000000e+03,1.380173550110536662e-01
6.930000000000000000e+03,1.415588160895986103e-01
6.932000000000000000e+03,1.418836501802921979e-01
6.934000000000000000e+03,1.401025503635753566e-01
6.936000000000000000e+03,1.381016390829937490e-01
6.938000000000000000e+03,1.346729818869802364e-01
6.940000000000000000e+03,1.306125666686825948e-01
6.942000000000000000e+03,1.267913680425223066e-01
6.944000000000000000e+03,1.250150450817977543e-01
6.946000000000000000e+03,1.159088474839966854e-01
6.948000000000000000e+03,1.123606066924814212e-01
6.950000000000000000e+03,1.119676548007438183e-01
6.952000000000000000e+03,1.097608629719845214e-01
6.954000000000000000e+03,1.095726915216531927e-01
6.956000000000000000e+03,1.095926279976728868e-01
6.958000000000000000e+03,1.179959414494875514e-01
6.960000000000000000e+03,1.158060371164494479e-01
6.962000000000000000e+03,1.082527714681963404e-01
6.964000000000000000e+03,1.082251411737546881e-01
6.966000000000000000e+03,1.082956619778093904e-01
6.968000000000000000e+03,1.088075960610121740e-01
6.970000000000000000e+03,1.126980036105782595e-01
6.972000000000000000e+03,1.140333865163050409e-01
6.974000000000000000e+03,1.175354764063075430e-01
6.976000000000000000e+03,1.179162469443815059e-01
6.978000000000000000e+03,1.178101095373915858e-01
6.980000000000000000e+03,1.292582109313120675e-01
6.982000000000000000e+03,1.318690270518061147e-01
6.984000000000000000e+03,1.351524839211535878e-01
6.986000000000000000e+03,1.344355953519583424e-01
6.988000000000000000e+03,1.360445311343955466e-01
6.990000000000000000e+03,1.390446649944330204e-01
6.992000000000000000e+03,1.409281751393433590e-01
6.994000000000000000e+03,1.389031793632068412e-01
6.996000000000000000e+03,1.382596859038117687e-01
6.998000000000000000e+03,1.458676563880648425e-01
7.000000000000000000e+03,1.267596522440954387e-01
7.002000000000000000e+03,1.270078871501886253e-01
7.004000000000000000e+03,1.270263576912649406e-01
7.006000000000000000e+03,1.267797563769447189e-01
7.008000000000000000e+03,1.269956363389269371e-01
7.010000000000000000e+03,1.202580786277870351e-01
7.012000000000000000e+03,1.214561517468432383e-01
7.014000000000000000e+03,1.292076380543545622e-01
7.016000000000000000e+03,1.306179621141047853e-01
7.018000000000000000e+03,1.294934359127899448e-01
7.020000000000000000e+03,1.236078047547491537e-01
7.022000000000000000e+03,1.212185043605494145e-01
7.024000000000000000e+03,1.241601727066977967e-01
7.026000000000000000e+03,1.418001212911679243e-01
7.028000000000000000e+03,1.476134236302655278e-01
7.030000000000000000e+03,1.375898103110062831e-01
7.032000000000000000e+03,1.414082318111158088e-01
7.034000000000000000e+03,1.414449324808507158e-01
7.036000000000000000e+03,1.394233583886664019e-01
7.038000000000000000e+03,1.404342694102573563e-01
7.040000000000000000e+03,1.365669583716812019e-01
7.042000000000000000e+03,1.366486009514485400e-01
7.044000000000000000e+03,1.361261185490018899e-01
7.046000000000000000e+03,1.487854040243014875e-01
7.048000000000000000e+03,1.445287809637660625e-01
7.050000000000000000e+03,1.505974733604658611e-01
7.052000000000000000e+03,1.508368971092975408e-01
7.054000000000000000e+03,1.491568787529627127e-01
7.056000000000000000e+03,1.464087276004585325e-01
7.058000000000000000e+03,1.527824529864804104e-01
7.060000000000000000e+03,1.473270960248875272e-01
7.062000000000000000e+03,1.475838145284625591e-01
7.064000000000000000e+03,1.491526077794940730e-01
7.066000000000000000e+03,1.462048252505984414e-01
7.068000000000000000e+03,1.465287017781119194e-01
7.070000000000000000e+03,1.499203618197202104e-01
7.072000000000000000e+03,1.450733653246931709e-01
7.074000000000000000e+03,1.445245505729484958e-01
7.076000000000000000e+03,1.431264723829993313e-01
7.078000000000000000e+03,1.432767240059649450e-01
7.080000000000000000e+03,1.431377182116395641e-01
7.082000000000000000e+03,1.429282364291788732e-01
7.084000000000000000e+03,1.435713429079882586e-01
7.086000000000000000e+03,1.442807867134800748e-01
7.088000000000000000e+03,1.445951087895381848e-01
7.090000000000000000e+03,1.391235970074091721e-01
7.092000000000000000e+03,1.398663437011933020e-01
7.094000000000000000e+03,1.429757901990713342e-01
7.096000000000000000e+03,1.402577734151171374e-01
7.098000000000000000e+03,1.394800214150190287e-01
7.100000000000000000e+03,1.380276131343899371e-01
7.102000000000000000e+03,1.401396311948225892e-01
7.104000000000000000e+03,1.404441716851637101e-01
7.106000000000000000e+03,1.280157757681684161e-01
7.108000000000000000e+03,1.289376920462886322e-01
7.110000000000000000e+03,1.363107887765712123e-01
7.112000000000000000e+03,1.371237310110619556e-01
7.114000000000000000e+03,1.329926133535245802e-01
7.116000000000000000e+03,1.326016466425206097e-01
7.118000000000000000e+03,1.327644476349086056e-01
7.120000000000000000e+03,1.315621511151226497e-01
7.122000000000000000e+03,1.310862259456166967e-01
7.124000000000000000e+03,1.327596472737028188e-01
7.126000000000000000e+03,1.358047454123259556e-01
7.128000000000000000e+03,1.381513804967939574e-01
7.130000000000000000e+03,1.530322915476310941e-01
7.132000000000000000e+03,1.519483844377388371e-01
7.134000000000000000e+03,1.554631554919516934e-01
7.136000000000000000e+03,1.489923822711821388e-01
7.138000000000000000e+03,1.436359788257345615e-01
7.140000000000000000e+03,1.434347547222629415e-01
7.142000000000000000e+03,1.408615306156346392e-01
7.144000000000000000e+03,1.466984355856244815e-01
7.146000000000000000e+03,1.459073955076779505e-01
7.148000000000000000e+03,1.438055701510526918e-01
7.150000000000000000e+03,1.497038576688276834e-01
7.152000000000000000e+03,1.503538304452599339e-01
7.154000000000000000e+03,1.572332608744889670e-01
7.156000000000000000e+03,1.556147268008573337e-01
7.158000000000000000e+03,1.603744888601220941e-01
7.160000000000000000e+03,1.612842397813182005e-01
7.162000000000000000e+03,1.610895774284682169e-01
7.164000000000000000e+03,1.605717908500879920e-01
7.166000000000000000e+03,1.596262663240763380e-01
7.168000000000000000e+03,1.621910665754583147e-01
7.170000000000000000e+03,1.638209944309389210e-01
7.172000000000000000e+03,1.641460903387961245e-01
7.174000000000000000e+03,1.578921586206012140e-01
7.176000000000000000e+03,1.590938257853423687e-01
7.178000000000000000e+03,1.593198705084116762e-01
7.180000000000000000e+03,1.548916218025269964e-01
7.182000000000000000e+03,1.570608775881225938e-01
7.184000000000000000e+03,1.545572193448779275e-01
7.186000000000000000e+03,1.441726969016861037e-01
7.188000000000000000e+03,1.427939070167283941e-01
7.190000000000000000e+03,1.428540600598907362e-01
7.192000000000000000e+03,1.457498300707547878e-01
7.194000000000000000e+03,1.458365224502859436e-01
7.196000000000000000e+03,1.428475649225522948e-01
7.198000000000000000e+03,1.453267803812328118e-01
7.200000000000000000e+03,1.359252962138585152e-01
7.202000000000000000e+03,1.471997567435203436e-01
7.204000000000000000e+03,1.445135148708102668e-01
7.206000000000000000e+03,1.662478234917500186e-01
7.208000000000000000e+03,1.609621895402370828e-01
7.210000000000000000e+03,1.595873827266576506e-01
7.212000000000000000e+03,1.566233722613495638e-01
7.214000000000000000e+03,1.400498002300329115e-01
7.216000000000000000e+03,1.382948583661227360e-01
7.218000000000000000e+03,1.355606960228190605e-01
7.220000000000000000e+03,1.366804925816476890e-01
7.222000000000000000e+03,1.376177428809094161e-01
7.224000000000000000e+03,1.279459411133818947e-01
7.226000000000000000e+03,1.280621578698110941e-01
7.228000000000000000e+03,1.318221525738809963e-01
7.230000000000000000e+03,1.325390579787834866e-01
7.232000000000000000e+03,1.266074639785113587e-01
7.234000000000000000e+03,1.257002007735339433e-01
7.236000000000000000e+03,1.278138493643284912e-01
7.238000000000000000e+03,1.308403457149089899e-01
7.240000000000000000e+03,1.320930017844348103e-01
7.242000000000000000e+03,1.294542283680955863e-01
7.244000000000000000e+03,1.295089439784927188e-01
7.246000000000000000e+03,1.288536586743732337e-01
7.248000000000000000e+03,1.302893491793426506e-01
7.250000000000000000e+03,1.428892899616040213e-01
7.252000000000000000e+03,1.436259843822809690e-01
7.254000000000000000e+03,1.530030494266564067e-01
7.256000000000000000e+03,1.544550183744284322e-01
7.258000000000000000e+03,1.544794684303638643e-01
7.260000000000000000e+03,1.549671899964883415e-01
7.262000000000000000e+03,1.537565417826259606e-01
7.264000000000000000e+03,1.534546873152351776e-01
7.266000000000000000e+03,1.619984146505403788e-01
7.268000000000000000e+03,1.612396636695961616e-01
7.270000000000000000e+03,1.509376352646980834e-01
7.272000000000000000e+03,1.604939823883732297e-01
7.274000000000000000e+03,1.606231346022403694e-01
7.276000000000000000e+03,1.616738669580748688e-01
7.278000000000000000e+03,1.495397482001074585e-01
7.280000000000000000e+03,1.495327686679768786e-01
7.282000000000000000e+03,1.456957325506583190e-01
7.284000000000000000e+03,1.500229870640091556e-01
7.286000000000000000e+03,1.517295417214396258e-01
7.288000000000000000e+03,1.579178055088112376e-01
7.290000000000000000e+03,1.553752728444031117e-01
7.292000000000000000e+03,1.453294310490238495e-01
7.294000000000000000e+03,1.453097046859249675e-01
7.296000000000000000e+03,1.443893352799244800e-01
7.298000000000000000e+03,1.437096806759737555e-01
7.300000000000000000e+03,1.366754940792627715e-01
7.302000000000000000e+03,1.377104513882209946e-01
7.304000000000000000e+03,1.376188909151346562e-01
7.306000000000000000e+03,1.413668789118148472e-01
7.308000000000000000e+03,1.389646355599761518e-01
7.310000000000000000e+03,1.397955531691397746e-01
7.312000000000000000e+03,1.382458230074755934e-01
7.314000000000000000e+03,1.378914887065441630e-01
7.316000000000000000e+03,1.377720857398042342e-01
7.318000000000000000e+03,1.336817482284117786e-01
7.320000000000000000e+03,1.336879830049598206e-01
7.322000000000000000e+03,1.366831728867919094e-01
7.324000000000000000e+03,1.389713092837769060e-01
7.326000000000000000e+03,1.452598733244799822e-01
7.328000000000000000e+03,1.411339016499309207e-01
7.330000000000000000e+03,1.434892619256146473e-01
7.332000000000000000e+03,1.425182253303374780e-01
7.334000000000000000e+03,1.471064333670863145e-01
7.336000000000000000e+03,1.445858682061630929e-01
7.338000000000000000e+03,1.485317480350863972e-01
7.340000000000000000e+03,1.525428571711706094e-01
7.342000000000000000e+03,1.528069584007805404e-01
7.344000000000000000e+03,1.507116892905816796e-01
7.346000000000000000e+03,1.508240517946292936e-01
7.348000000000000000e+03,1.579973653778483367e-01
7.350000000000000000e+03,1.554587970079810422e-01
7.352000000000000000e+03,1.550130334827703460e-01
7.354000000000000000e+03,1.535358136626454317e-01
7.356000000000000000e+03,1.513600957653787604e-01
7.358000000000000000e+03,1.501126225341074261e-01
7.360000000000000000e+03,1.525748740275688631e-01
7.362000000000000000e+03,1.512935074348987774e-01
7.364000000000000000e+03,1.541248443713990890e-01
7.366000000000000000e+03,1.577719317419757350e-01
7.368000000000000000e+03,1.576992505105408171e-01
7.370000000000000000e+03,1.557088258510488654e-01
7.372000000000000000e+03,1.521883669182551024e-01
7.374000000000000000e+03,1.518994209119793881e-01
7.376000000000000000e+03,1.397614045636071389e-01
7.378000000000000000e+03,1.447829271496592629e-01
7.380000000000000000e+03,1.429607070824090165e-01
7.382000000000000000e+03,1.431731817781598526e-01
7.384000000000000000e+03,1.438741979513734059e-01
7.386000000000000000e+03,1.440857466785555319e-01
7.388000000000000000e+03,1.443321290852441208e-01
7.390000000000000000e+03,1.444031603737706559e-01
7.392000000000000000e+03,1.462981713852452015e-01
7.394000000000000000e+03,1.522273676434195422e-01
7.396000000000000000e+03,1.520758996340911828e-01
7.398000000000000000e+03,1.509681752767934038e-01
7.400000000000000000e+03,1.587083439560035281e-01
7.402000000000000000e+03,1.583589436405888895e-01
7.404000000000000000e+03,1.535486852897696153e-01
7.406000000000000000e+03,1.527697042114531112e-01
7.408000000000000000e+03,1.606174659524953474e-01
7.410000000000000000e+03,1.661742528686596110e-01
7.412000000000000000e+03,1.663359036260495250e-01
7.414000000000000000e+03,1.712756120357266376e-01
7.416000000000000000e+03,1.696334145620942424e-01
7.418000000000000000e+03,1.696494625502447673e-01
7.420000000000000000e+03,1.810256504505705355e-01
7.422000000000000000e+03,1.760254231185470197e-01
7.424000000000000000e+03,1.759541832154795926e-01
7.426000000000000000e+03,1.712307929858056244e-01
7.428000000000000000e+03,1.710835931097295093e-01
7.430000000000000000e+03,1.568327261750287194e-01
7.432000000000000000e+03,1.593166673824404078e-01
7.434000000000000000e+03,1.580697873371144091e-01
7.436000000000000000e+03,1.547002074389396409e-01
7.438000000000000000e+03,1.460431846600310779e-01
7.440000000000000000e+03,1.454853882941772036e-01
7.442000000000000000e+03,1.428448950677299045e-01
7.444000000000000000e+03,1.442098420313807916e-01
7.446000000000000000e+03,1.439472748233112109e-01
7.448000000000000000e+03,1.450205953743338994e-01
7.450000000000000000e+03,1.429935253281412189e-01
7.452000000000000000e+03,1.424934542287674133e-01
7.454000000000000000e+03,1.550505027077871689e-01
7.456000000000000000e+03,1.603989541726567047e-01
7.458000000000000000e+03,1.611449238386279403e-01
7.460000000000000000e+03,1.606211662226314785e-01
7.462000000000000000e+03,1.577257831167983293e-01
7.464000000000000000e+03,1.514828132754636181e-01
7.466000000000000000e+03,1.548188869370110687e-01
7.468000000000000000e+03,1.572524954859739477e-01
7.470000000000000000e+03,1.557748487559108830e-01
7.472000000000000000e+03,1.601364754934367640e-01
7.474000000000000000e+03,1.601662458599474870e-01
7.476000000000000000e+03,1.527530726131571259e-01
7.478000000000000000e+03,1.614477147487844988e-01
7.480000000000000000e+03,1.598158182187446874e-01
7.482000000000000000e+03,1.639204437316539587e-01
7.484000000000000000e+03,1.645450982484273905e-01
7.486000000000000000e+03,1.646994879558016656e-01
7.488000000000000000e+03,1.616772034278154691e-01
7.490000000000000000e+03,1.617055154176741394e-01
7.492000000000000000e+03,1.513602293261624987e-01
7.494000000000000000e+03,1.502046528621091559e-01
7.496000000000000000e+03,1.498302361935098526e-01
7.498000000000000000e+03,1.562243227043395299e-01
7.500000000000000000e+03,1.560361847894539689e-01
7.502000000000000000e+03,1.621374166081893942e-01
7.504000000000000000e+03,1.571916790254824781e-01
7.506000000000000000e+03,1.598909713469711114e-01
7.508000000000000000e+03,1.583492460341889008e-01
7.510000000000000000e+03,1.586059559427575594e-01
7.512000000000000000e+03,1.632087179956031031e-01
7.514000000000000000e+03,1.625621545567859094e-01
7.516000000000000000e+03,1.627621254062635581e-01
7.518000000000000000e+03,1.632173634701272191e-01
7.520000000000000000e+03,1.642000618158916403e-01
7.522000000000000000e+03,1.646179831185569098e-01
7.524000000000000000e+03,1.651699947801691382e-01
7.526000000000000000e+03,1.739912928950057280e-01
7.528000000000000000e+03,1.667966683035355946e-01
7.530000000000000000e+03,1.649674254696622822e-01
7.532000000000000000e+03,1.652562085246637724e-01
7.534000000000000000e+03,1.643080112484391342e-01
7.536000000000000000e+03,1.634841644081873324e-01
7.538000000000000000e+03,1.624540943830066475e-01
7.540000000000000000e+03,1.618414256573897370e-01
7.542000000000000000e+03,1.624257067719928060e-01
7.544000000000000000e+03,1.591379552169399081e-01
7.546000000000000000e+03,1.589465842584966426e-01
7.548000000000000000e+03,1.607552414919223849e-01
7.550000000000000000e+03,1.606325630850384545e-01
7.552000000000000000e+03,1.611149737802543835e-01
7.554000000000000000e+03,1.592442285855975581e-01
7.556000000000000000e+03,1.628089665549356524e-01
7.558000000000000000e+03,1.669044793895526624e-01
7.560000000000000000e+03,1.658070869221900390e-01
7.562000000000000000e+03,1.628012790014100042e-01
7.564000000000000000e+03,1.696662215775063265e-01
7.566000000000000000e+03,1.703048768220942200e-01
7.568000000000000000e+03,1.710714351455827065e-01
7.570000000000000000e+03,1.697419727829446723e-01
7.572000000000000000e+03,1.638273537549208847e-01
7.574000000000000000e+03,1.637314787641486191e-01
7.576000000000000000e+03,1.668928025319910968e-01
7.578000000000000000e+03,1.666476292023455208e-01
7.580000000000000000e+03,1.658331798646185962e-01
7.582000000000000000e+03,1.650653714263635163e-01
7.584000000000000000e+03,1.554099897139591957e-01
7.586000000000000000e+03,1.559147185075505093e-01
7.588000000000000000e+03,1.511915597183389748e-01
7.590000000000000000e+03,1.514547800637853492e-01
7.592000000000000000e+03,1.445319789735143579e-01
7.594000000000000000e+03,1.405848071647749498e-01
7.596000000000000000e+03,1.436769012314411398e-01
7.598000000000000000e+03,1.440364766137637031e-01
7.600000000000000000e+03,1.432352869042766152e-01
7.602000000000000000e+03,1.292286115317141659e-01
7.604000000000000000e+03,1.325629303553997052e-01
7.606000000000000000e+03,1.335663435980322389e-01
7.608000000000000000e+03,1.303630220416362728e-01
7.610000000000000000e+03,1.304862115269336542e-01
7.612000000000000000e+03,1.408141323966252689e-01
7.614000000000000000e+03,1.359212541145244368e-01
7.616000000000000000e+03,1.388597456415371079e-01
7.618000000000000000e+03,1.370676850265977742e-01
7.620000000000000000e+03,1.315321575644206598e-01
7.622000000000000000e+03,1.323404870478702977e-01
7.624000000000000000e+03,1.323430917151139086e-01
7.626000000000000000e+03,1.335371915457148062e-01
7.628000000000000000e+03,1.336402289733658877e-01
7.630000000000000000e+03,1.327021744132636516e-01
7.632000000000000000e+03,1.330474565488584393e-01
7.634000000000000000e+03,1.330656763664770093e-01
7.636000000000000000e+03,1.304910103999072646e-01
7.638000000000000000e+03,1.257045264644212068e-01
7.640000000000000000e+03,1.300188748722063137e-01
7.642000000000000000e+03,1.308719798323360606e-01
7.644000000000000000e+03,1.357238408685847442e-01
7.646000000000000000e+03,1.334786664241119081e-01
7.648000000000000000e+03,1.331361728898922125e-01
7.650000000000000000e+03,1.311256943640988770e-01
7.652000000000000000e+03,1.292888203538537784e-01
7.654000000000000000e+03,1.287678450698210852e-01
7.656000000000000000e+03,1.293445017430178978e-01
7.658000000000000000e+03,1.298229219587948569e-01
7.660000000000000000e+03,1.298591939054890010e-01
7.662000000000000000e+03,1.276495588617941879e-01
7.664000000000000000e+03,1.286810887972788808e-01
7.666000000000000000e+03,1.279258399313218386e-01
7.668000000000000000e+03,1.307859457063793862e-01
7.670000000000000000e+03,1.335936992986408445e-01
7.672000000000000000e+03,1.364725556409330798e-01
7.674000000000000000e+03,1.357477436203135546e-01
7.676000000000000000e+03,1.344843259805963143e-01
7.678000000000000000e+03,1.360062418257701466e-01
7.680000000000000000e+03,1.350163836405306184e-01
7.682000000000000000e+03,1.364475579206476663e-01
7.684000000000000000e+03,1.372954005078870221e-01
7.686000000000000000e+03,1.347564124556387133e-01
7.688000000000000000e+03,1.359227257819399515e-01
7.690000000000000000e+03,1.318403063960310873e-01
7.692000000000000000e+03,1.293004288619724329e-01
7.694000000000000000e+03,1.258759804442825814e-01
7.696000000000000000e+03,1.245966552950555362e-01
7.698000000000000000e+03,1.263462145444709250e-01
7.700000000000000000e+03,1.258528492695527023e-01
7.702000000000000000e+03,1.172327645308488958e-01
7.704000000000000000e+03,1.230685088319112830e-01
7.706000000000000000e+03,1.208323642124020242e-01
7.708000000000000000e+03,1.208213801898623124e-01
7.710000000000000000e+03,1.214932332720975727e-01
7.712000000000000000e+03,1.219157502351508882e-01
7.714000000000000000e+03,1.211758019921578139e-01
7.716000000000000000e+03,1.187210423475144327e-01
7.718000000000000000e+03,1.263564126578265723e-01
7.720000000000000000e+03,1.275907588303394902e-01
7.722000000000000000e+03,1.275843780958937357e-01
7.724000000000000000e+03,1.280208206029297413e-01
7.726000000000000000e+03,1.303453333001551862e-01
7.728000000000000000e+03,1.308997986210806153e-01
7.730000000000000000e+03,1.276447525553056905e-01
7.732000000000000000e+03,1.229728266397958070e-01
7.734000000000000000e+03,1.230782575919979471e-01
7.736000000000000000e+03,1.204331315898364424e-01
7.738000000000000000e+03,1.204489353919727529e-01
7.740000000000000000e+03,1.234513382862473252e-01
7.742000000000000000e+03,1.270521142079914789e-01
7.744000000000000000e+03,1.280335384033506052e-01
7.746000000000000000e+03,1.286159285286364307e-01
7.748000000000000000e+03,1.269842173236908345e-01
7.750000000000000000e+03,1.292990453277006735e-01
7.752000000000000000e+03,1.295363850611017109e-01
7.754000000000000000e+03,1.302909672011443032e-01
7.756000000000000000e+03,1.326110129808039939e-01
7.758000000000000000e+03,1.307167547862465862e-01
7.760000000000000000e+03,1.513720571624410927e-01
7.762000000000000000e+03,1.514787470997742136e-01
7.764000000000000000e+03,1.338714461946381717e-01
7.766000000000000000e+03,1.460235123001638047e-01
7.768000000000000000e+03,1.345625716936329486e-01
7.770000000000000000e+03,1.366353723210424476e-01
7.772000000000000000e+03,1.361694444751802013e-01
7.774000000000000000e+03,1.366394512495347491e-01
7.776000000000000000e+03,1.371280125767097846e-01
7.778000000000000000e+03,1.409455561792477551e-01
7.780000000000000000e+03,1.427514876423600920e-01
7.782000000000000000e+03,1.408638183437285196e-01
7.784000000000000000e+03,1.423756077563217426e-01
7.786000000000000000e+03,1.425244395518393825e-01
7.788000000000000000e+03,1.398405104827426526e-01
7.790000000000000000e+03,1.278785888769331802e-01
7.792000000000000000e+03,1.274039695602696143e-01
7.794000000000000000e+03,1.266423704977634179e-01
7.796000000000000000e+03,1.265239889090481462e-01
7.798000000000000000e+03,1.266162411003798061e-01
7.800000000000000000e+03,1.290613075844469770e-01
7.802000000000000000e+03,1.319800600238725252e-01
7.804000000000000000e+03,1.324473285919744170e-01
7.806000000000000000e+03,1.352326083843283788e-01
7.808000000000000000e+03,1.355039971207954441e-01
7.810000000000000000e+03,1.309066669160619811e-01
7.812000000000000000e+03,1.293310378761070578e-01
7.814000000000000000e+03,1.245690529945821107e-01
7.816000000000000000e+03,1.237286366410722815e-01
7.818000000000000000e+03,1.221339591165844368e-01
7.820000000000000000e+03,1.280730709937787093e-01
7.822000000000000000e+03,1.286896043979303683e-01
7.824000000000000000e+03,1.283652573796026930e-01
7.826000000000000000e+03,1.270299808266182606e-01
7.828000000000000000e+03,1.274296734932910680e-01
7.830000000000000000e+03,1.271921662926305263e-01
7.832000000000000000e+03,1.275641012616740289e-01
7.834000000000000000e+03,1.335477173194710432e-01
7.836000000000000000e+03,1.237833284944272610e-01
7.838000000000000000e+03,1.221194449980347180e-01
7.840000000000000000e+03,1.202964158631827096e-01
7.842000000000000000e+03,1.384465900665112215e-01
7.844000000000000000e+03,1.320075582753700294e-01
7.846000000000000000e+03,1.315605446973720505e-01
7.848000000000000000e+03,1.184428770919583734e-01
7.850000000000000000e+03,1.209731546296571592e-01
7.852000000000000000e+03,1.244944822355129321e-01
7.854000000000000000e+03,1.232558046075616781e-01
7.856000000000000000e+03,1.224284100578743872e-01
7.858000000000000000e+03,1.198136327843726395e-01
7.860000000000000000e+03,1.197587461822746946e-01
7.862000000000000000e+03,1.197471711320819421e-01
7.864000000000000000e+03,1.221575507270316469e-01
7.866000000000000000e+03,1.221999795778961756e-01
7.868000000000000000e+03,1.172162920243427497e-01
7.870000000000000000e+03,1.159492715592873452e-01
7.872000000000000000e+03,1.174496257714330444e-01
7.874000000000000000e+03,1.195923535208577165e-01
7.876000000000000000e+03,1.164201445505421567e-01
7.878000000000000000e+03,1.453950130579697853e-01
7.880000000000000000e+03,1.456439446899886747e-01
7.882000000000000000e+03,1.465681311882038318e-01
7.884000000000000000e+03,1.467381255294882281e-01
7.886000000000000000e+03,1.449025478414062151e-01
7.888000000000000000e+03,1.404425058868681297e-01
7.890000000000000000e+03,1.474685448775804875e-01
7.892000000000000000e+03,1.452080964867296931e-01
7.894000000000000000e+03,1.443946846911121074e-01
7.896000000000000000e+03,1.420391017296648017e-01
7.898000000000000000e+03,1.423743890963551084e-01
7.900000000000000000e+03,1.453458404213013588e-01
7.902000000000000000e+03,1.452992431429623865e-01
7.904000000000000000e+03,1.437421608922292982e-01
7.906000000000000000e+03,1.459232038234742068e-01
7.908000000000000000e+03,1.474927165519646644e-01
7.910000000000000000e+03,1.463663466519551370e-01
7.912000000000000000e+03,1.456733588355714204e-01
7.914000000000000000e+03,1.466229511353468185e-01
7.916000000000000000e+03,1.490414588828555542e-01
7.918000000000000000e+03,1.447811457853876160e-01
7.920000000000000000e+03,1.252032433515782028e-01
7.922000000000000000e+03,1.280878381241193353e-01
7.924000000000000000e+03,1.230105093852724985e-01
7.926000000000000000e+03,1.221964880458933783e-01
7.928000000000000000e+03,1.187111219109835553e-01
7.930000000000000000e+03,1.183327996889972089e-01
7.932000000000000000e+03,1.251070228656552541e-01
7.934000000000000000e+03,1.250490206940937099e-01
7.936000000000000000e+03,1.156214488427589338e-01
7.938000000000000000e+03,1.132390453093152921e-01
7.940000000000000000e+03,1.109754063455743317e-01
7.942000000000000000e+03,1.106760986004679398e-01
7.944000000000000000e+03,1.146499615861502203e-01
7.946000000000000000e+03,1.157235149555000397e-01
7.948000000000000000e+03,1.160811328159265521e-01
7.950000000000000000e+03,1.221336065809171811e-01
7.952000000000000000e+03,1.172894525145852657e-01
7.954000000000000000e+03,1.175713563858739458e-01
7.956000000000000000e+03,1.067916160665165204e-01
7.958000000000000000e+03,1.081871543748020026e-01
7.960000000000000000e+03,1.119144132618183074e-01
7.962000000000000000e+03,1.149335826062638927e-01
7.964000000000000000e+03,1.134603606733159409e-01
7.966000000000000000e+03,1.150547955088463692e-01
7.968000000000000000e+03,1.142418547455175543e-01
7.970000000000000000e+03,1.156589122854852630e-01
7.972000000000000000e+03,1.155027464825722355e-01
7.974000000000000000e+03,1.213290461497699146e-01
7.976000000000000000e+03,1.206065873261102928e-01
7.978000000000000000e+03,1.101580601610980120e-01
7.980000000000000000e+03,1.113393133509198718e-01
7.982000000000000000e+03,1.073502774653426056e-01
7.984000000000000000e+03,1.077537115722305705e-01
7.986000000000000000e+03,1.143868518433777681e-01
7.988000000000000000e+03,1.142108975739264676e-01
7.990000000000000000e+03,1.169515163900895494e-01
7.992000000000000000e+03,1.179528910419632842e-01
7.994000000000000000e+03,1.176729875346397974e-01
7.996000000000000000e+03,1.147072805082570979e-01
7.998000000000000000e+03,1.174492662518792779e-01
8.000000000000000000e+03,1.193859233017620231e-01
8.002000000000000000e+03,1.190370555309877426e-01
8.004000000000000000e+03,1.177412340639535093e-01
8.006000000000000000e+03,1.179805520398980317e-01
8.008000000000000000e+03,1.197450342533002698e-01
8.010000000000000000e+03,1.169003600353393374e-01
8.012000000000000000e+03,1.161854462708152430e-01
